Timing Analyzer report for de0nano_hdmi_top
Wed Mar 29 02:41:44 2023
Quartus Prime Version 22.1std.0 Build 915 10/25/2022 SC Lite Edition


---------------------
; Table of Contents ;
---------------------
  1. Legal Notice
  2. Timing Analyzer Summary
  3. Parallel Compilation
  4. SDC File List
  5. Clocks
  6. Slow 1200mV 85C Model Fmax Summary
  7. Timing Closure Recommendations
  8. Slow 1200mV 85C Model Setup Summary
  9. Slow 1200mV 85C Model Hold Summary
 10. Slow 1200mV 85C Model Recovery Summary
 11. Slow 1200mV 85C Model Removal Summary
 12. Slow 1200mV 85C Model Minimum Pulse Width Summary
 13. Slow 1200mV 85C Model Setup: 'u_pll|altpll_component|auto_generated|pll1|clk[1]'
 14. Slow 1200mV 85C Model Setup: 'u_pll|altpll_component|auto_generated|pll1|clk[0]'
 15. Slow 1200mV 85C Model Hold: 'u_pll|altpll_component|auto_generated|pll1|clk[0]'
 16. Slow 1200mV 85C Model Hold: 'u_pll|altpll_component|auto_generated|pll1|clk[1]'
 17. Slow 1200mV 85C Model Metastability Summary
 18. Slow 1200mV 0C Model Fmax Summary
 19. Slow 1200mV 0C Model Setup Summary
 20. Slow 1200mV 0C Model Hold Summary
 21. Slow 1200mV 0C Model Recovery Summary
 22. Slow 1200mV 0C Model Removal Summary
 23. Slow 1200mV 0C Model Minimum Pulse Width Summary
 24. Slow 1200mV 0C Model Setup: 'u_pll|altpll_component|auto_generated|pll1|clk[1]'
 25. Slow 1200mV 0C Model Setup: 'u_pll|altpll_component|auto_generated|pll1|clk[0]'
 26. Slow 1200mV 0C Model Hold: 'u_pll|altpll_component|auto_generated|pll1|clk[0]'
 27. Slow 1200mV 0C Model Hold: 'u_pll|altpll_component|auto_generated|pll1|clk[1]'
 28. Slow 1200mV 0C Model Metastability Summary
 29. Fast 1200mV 0C Model Setup Summary
 30. Fast 1200mV 0C Model Hold Summary
 31. Fast 1200mV 0C Model Recovery Summary
 32. Fast 1200mV 0C Model Removal Summary
 33. Fast 1200mV 0C Model Minimum Pulse Width Summary
 34. Fast 1200mV 0C Model Setup: 'u_pll|altpll_component|auto_generated|pll1|clk[1]'
 35. Fast 1200mV 0C Model Setup: 'u_pll|altpll_component|auto_generated|pll1|clk[0]'
 36. Fast 1200mV 0C Model Hold: 'u_pll|altpll_component|auto_generated|pll1|clk[0]'
 37. Fast 1200mV 0C Model Hold: 'u_pll|altpll_component|auto_generated|pll1|clk[1]'
 38. Fast 1200mV 0C Model Metastability Summary
 39. Multicorner Timing Analysis Summary
 40. Board Trace Model Assignments
 41. Input Transition Times
 42. Signal Integrity Metrics (Slow 1200mv 0c Model)
 43. Signal Integrity Metrics (Slow 1200mv 85c Model)
 44. Signal Integrity Metrics (Fast 1200mv 0c Model)
 45. Setup Transfers
 46. Hold Transfers
 47. Report TCCS
 48. Report RSKM
 49. Unconstrained Paths Summary
 50. Clock Status Summary
 51. Unconstrained Input Ports
 52. Unconstrained Output Ports
 53. Unconstrained Input Ports
 54. Unconstrained Output Ports
 55. Timing Analyzer Messages



----------------
; Legal Notice ;
----------------
Copyright (C) 2022  Intel Corporation. All rights reserved.
Your use of Intel Corporation's design tools, logic functions 
and other software and tools, and any partner logic 
functions, and any output files from any of the foregoing 
(including device programming or simulation files), and any 
associated documentation or information are expressly subject 
to the terms and conditions of the Intel Program License 
Subscription Agreement, the Intel Quartus Prime License Agreement,
the Intel FPGA IP License Agreement, or other applicable license
agreement, including, without limitation, that your use is for
the sole purpose of programming logic devices manufactured by
Intel and sold by Intel or its authorized distributors.  Please
refer to the applicable agreement for further details, at
https://fpgasoftware.intel.com/eula.



+--------------------------------------------------------------------------------+
; Timing Analyzer Summary                                                        ;
+-----------------------+--------------------------------------------------------+
; Quartus Prime Version ; Version 22.1std.0 Build 915 10/25/2022 SC Lite Edition ;
; Timing Analyzer       ; Legacy Timing Analyzer                                 ;
; Revision Name         ; de0nano_hdmi_top                                       ;
; Device Family         ; Cyclone IV E                                           ;
; Device Name           ; EP4CE22F17C6                                           ;
; Timing Models         ; Final                                                  ;
; Delay Model           ; Combined                                               ;
; Rise/Fall Delays      ; Enabled                                                ;
+-----------------------+--------------------------------------------------------+


+------------------------------------------+
; Parallel Compilation                     ;
+----------------------------+-------------+
; Processors                 ; Number      ;
+----------------------------+-------------+
; Number detected on machine ; 8           ;
; Maximum allowed            ; 4           ;
;                            ;             ;
; Average used               ; 1.18        ;
; Maximum used               ; 4           ;
;                            ;             ;
; Usage by Processor         ; % Time Used ;
;     Processor 1            ; 100.0%      ;
;     Processor 2            ;   9.3%      ;
;     Processor 3            ;   4.5%      ;
;     Processor 4            ;   4.0%      ;
+----------------------------+-------------+


+---------------------------------------------------+
; SDC File List                                     ;
+---------------+--------+--------------------------+
; SDC File Path ; Status ; Read at                  ;
+---------------+--------+--------------------------+
; de0nano.sdc   ; OK     ; Wed Mar 29 02:41:42 2023 ;
+---------------+--------+--------------------------+


+---------------------------------------------------------------------------------------------------------------------------------------------------------------------------------------------------------------------------------------------------------------------------------------------------------------------------+
; Clocks                                                                                                                                                                                                                                                                                                                    ;
+---------------------------------------------------+-----------+--------+------------+-------+--------+------------+-----------+-------------+-------+--------+-----------+------------+----------+----------+-----------------------------------------------------+-------------------------------------------------------+
; Clock Name                                        ; Type      ; Period ; Frequency  ; Rise  ; Fall   ; Duty Cycle ; Divide by ; Multiply by ; Phase ; Offset ; Edge List ; Edge Shift ; Inverted ; Master   ; Source                                              ; Targets                                               ;
+---------------------------------------------------+-----------+--------+------------+-------+--------+------------+-----------+-------------+-------+--------+-----------+------------+----------+----------+-----------------------------------------------------+-------------------------------------------------------+
; CLOCK_50                                          ; Base      ; 20.000 ; 50.0 MHz   ; 0.000 ; 10.000 ;            ;           ;             ;       ;        ;           ;            ;          ;          ;                                                     ; { CLOCK_50 }                                          ;
; EXTCLK_48                                         ; Base      ; 20.833 ; 48.0 MHz   ; 0.000 ; 10.416 ;            ;           ;             ;       ;        ;           ;            ;          ;          ;                                                     ; { EXTCLK_48 }                                         ;
; u_pll|altpll_component|auto_generated|pll1|clk[0] ; Generated ; 13.461 ; 74.29 MHz  ; 0.000 ; 6.730  ; 50.00      ; 35        ; 52          ;       ;        ;           ;            ; false    ; CLOCK_50 ; u_pll|altpll_component|auto_generated|pll1|inclk[0] ; { u_pll|altpll_component|auto_generated|pll1|clk[0] } ;
; u_pll|altpll_component|auto_generated|pll1|clk[1] ; Generated ; 2.692  ; 371.43 MHz ; 0.000 ; 1.346  ; 50.00      ; 7         ; 52          ;       ;        ;           ;            ; false    ; CLOCK_50 ; u_pll|altpll_component|auto_generated|pll1|inclk[0] ; { u_pll|altpll_component|auto_generated|pll1|clk[1] } ;
+---------------------------------------------------+-----------+--------+------------+-------+--------+------------+-----------+-------------+-------+--------+-----------+------------+----------+----------+-----------------------------------------------------+-------------------------------------------------------+


+-----------------------------------------------------------------------------------------------------------------------------------+
; Slow 1200mV 85C Model Fmax Summary                                                                                                ;
+------------+-----------------+---------------------------------------------------+------------------------------------------------+
; Fmax       ; Restricted Fmax ; Clock Name                                        ; Note                                           ;
+------------+-----------------+---------------------------------------------------+------------------------------------------------+
; 130.36 MHz ; 130.36 MHz      ; u_pll|altpll_component|auto_generated|pll1|clk[0] ;                                                ;
; 527.98 MHz ; 500.0 MHz       ; u_pll|altpll_component|auto_generated|pll1|clk[1] ; limit due to minimum period restriction (tmin) ;
+------------+-----------------+---------------------------------------------------+------------------------------------------------+
This panel reports FMAX for every clock in the design, regardless of the user-specified clock periods.  FMAX is only computed for paths where the source and destination registers or ports are driven by the same clock.  Paths of different clocks, including generated clocks, are ignored.  For paths between a clock and its inversion, FMAX is computed as if the rising and falling edges are scaled along with FMAX, such that the duty cycle (in terms of a percentage) is maintained. Altera recommends that you always use clock constraints and other slack reports for sign-off analysis.


----------------------------------
; Timing Closure Recommendations ;
----------------------------------
HTML report is unavailable in plain text report export.


+---------------------------------------------------------------------------+
; Slow 1200mV 85C Model Setup Summary                                       ;
+---------------------------------------------------+-------+---------------+
; Clock                                             ; Slack ; End Point TNS ;
+---------------------------------------------------+-------+---------------+
; u_pll|altpll_component|auto_generated|pll1|clk[1] ; 0.798 ; 0.000         ;
; u_pll|altpll_component|auto_generated|pll1|clk[0] ; 5.790 ; 0.000         ;
+---------------------------------------------------+-------+---------------+


+---------------------------------------------------------------------------+
; Slow 1200mV 85C Model Hold Summary                                        ;
+---------------------------------------------------+-------+---------------+
; Clock                                             ; Slack ; End Point TNS ;
+---------------------------------------------------+-------+---------------+
; u_pll|altpll_component|auto_generated|pll1|clk[0] ; 0.300 ; 0.000         ;
; u_pll|altpll_component|auto_generated|pll1|clk[1] ; 0.361 ; 0.000         ;
+---------------------------------------------------+-------+---------------+


------------------------------------------
; Slow 1200mV 85C Model Recovery Summary ;
------------------------------------------
No paths to report.


-----------------------------------------
; Slow 1200mV 85C Model Removal Summary ;
-----------------------------------------
No paths to report.


+----------------------------------------------------------------------------+
; Slow 1200mV 85C Model Minimum Pulse Width Summary                          ;
+---------------------------------------------------+--------+---------------+
; Clock                                             ; Slack  ; End Point TNS ;
+---------------------------------------------------+--------+---------------+
; u_pll|altpll_component|auto_generated|pll1|clk[1] ; 0.692  ; 0.000         ;
; u_pll|altpll_component|auto_generated|pll1|clk[0] ; 6.468  ; 0.000         ;
; CLOCK_50                                          ; 9.747  ; 0.000         ;
; EXTCLK_48                                         ; 16.833 ; 0.000         ;
+---------------------------------------------------+--------+---------------+


+-------------------------------------------------------------------------------------------------------------------------------------------------------------------------------------------------------------------------------------------------------------------------------------------------------------------------------------+
; Slow 1200mV 85C Model Setup: 'u_pll|altpll_component|auto_generated|pll1|clk[1]'                                                                                                                                                                                                                                                    ;
+-------+------------------------------------------------------------+---------------------------------------------------------------------------------------------------------------+---------------------------------------------------+---------------------------------------------------+--------------+------------+------------+
; Slack ; From Node                                                  ; To Node                                                                                                       ; Launch Clock                                      ; Latch Clock                                       ; Relationship ; Clock Skew ; Data Delay ;
+-------+------------------------------------------------------------+---------------------------------------------------------------------------------------------------------------+---------------------------------------------------+---------------------------------------------------+--------------+------------+------------+
; 0.798 ; hdmi_tx:u_tx|hdmi_tx_pdiff_submodule:u_ser|data_n_reg[6]   ; hdmi_tx:u_tx|hdmi_tx_pdiff_submodule:u_ser|altddio_out:u_ddo_n|ddio_out_u6j:auto_generated|ddio_outa[2]~DFFHI ; u_pll|altpll_component|auto_generated|pll1|clk[1] ; u_pll|altpll_component|auto_generated|pll1|clk[1] ; 2.692        ; -0.082     ; 1.457      ;
; 0.832 ; hdmi_tx:u_tx|hdmi_tx_pdiff_submodule:u_ser|data_p_reg[7]   ; hdmi_tx:u_tx|hdmi_tx_pdiff_submodule:u_ser|altddio_out:u_ddo_p|ddio_out_s9j:auto_generated|ddio_outa[3]~DFFHI ; u_pll|altpll_component|auto_generated|pll1|clk[1] ; u_pll|altpll_component|auto_generated|pll1|clk[1] ; 2.692        ; -0.077     ; 1.428      ;
; 0.879 ; hdmi_tx:u_tx|hdmi_tx_pdiff_submodule:u_ser|data_n_reg[5]   ; hdmi_tx:u_tx|hdmi_tx_pdiff_submodule:u_ser|altddio_out:u_ddo_n|ddio_out_u6j:auto_generated|ddio_outa[1]~DFFHI ; u_pll|altpll_component|auto_generated|pll1|clk[1] ; u_pll|altpll_component|auto_generated|pll1|clk[1] ; 2.692        ; -0.074     ; 1.384      ;
; 0.879 ; hdmi_tx:u_tx|hdmi_tx_pdiff_submodule:u_ser|data_p_reg[5]   ; hdmi_tx:u_tx|hdmi_tx_pdiff_submodule:u_ser|altddio_out:u_ddo_p|ddio_out_s9j:auto_generated|ddio_outa[1]~DFFHI ; u_pll|altpll_component|auto_generated|pll1|clk[1] ; u_pll|altpll_component|auto_generated|pll1|clk[1] ; 2.692        ; -0.074     ; 1.384      ;
; 0.911 ; hdmi_tx:u_tx|hdmi_tx_pdiff_submodule:u_ser|data_n_reg[7]   ; hdmi_tx:u_tx|hdmi_tx_pdiff_submodule:u_ser|altddio_out:u_ddo_n|ddio_out_u6j:auto_generated|ddio_outa[3]~DFFHI ; u_pll|altpll_component|auto_generated|pll1|clk[1] ; u_pll|altpll_component|auto_generated|pll1|clk[1] ; 2.692        ; -0.075     ; 1.351      ;
; 1.081 ; hdmi_tx:u_tx|hdmi_tx_pdiff_submodule:u_ser|data_p_reg[6]   ; hdmi_tx:u_tx|hdmi_tx_pdiff_submodule:u_ser|altddio_out:u_ddo_p|ddio_out_s9j:auto_generated|ddio_outa[2]~DFFHI ; u_pll|altpll_component|auto_generated|pll1|clk[1] ; u_pll|altpll_component|auto_generated|pll1|clk[1] ; 2.692        ; -0.073     ; 1.183      ;
; 1.109 ; hdmi_tx:u_tx|hdmi_tx_pdiff_submodule:u_ser|data_n_reg[3]   ; hdmi_tx:u_tx|hdmi_tx_pdiff_submodule:u_ser|altddio_out:u_ddo_n|ddio_out_u6j:auto_generated|ddio_outa[3]~DFFLO ; u_pll|altpll_component|auto_generated|pll1|clk[1] ; u_pll|altpll_component|auto_generated|pll1|clk[1] ; 2.692        ; -0.068     ; 1.413      ;
; 1.110 ; hdmi_tx:u_tx|hdmi_tx_pdiff_submodule:u_ser|data_n_reg[4]   ; hdmi_tx:u_tx|hdmi_tx_pdiff_submodule:u_ser|altddio_out:u_ddo_n|ddio_out_u6j:auto_generated|ddio_outa[0]~DFFHI ; u_pll|altpll_component|auto_generated|pll1|clk[1] ; u_pll|altpll_component|auto_generated|pll1|clk[1] ; 2.692        ; -0.077     ; 1.150      ;
; 1.121 ; hdmi_tx:u_tx|hdmi_tx_pdiff_submodule:u_ser|start_reg[0]    ; hdmi_tx:u_tx|hdmi_tx_pdiff_submodule:u_ser|ser_reg[14]                                                        ; u_pll|altpll_component|auto_generated|pll1|clk[1] ; u_pll|altpll_component|auto_generated|pll1|clk[1] ; 2.692        ; -0.073     ; 1.493      ;
; 1.135 ; hdmi_tx:u_tx|hdmi_tx_pdiff_submodule:u_ser|start_reg[0]    ; hdmi_tx:u_tx|hdmi_tx_pdiff_submodule:u_ser|ser_reg[26]                                                        ; u_pll|altpll_component|auto_generated|pll1|clk[1] ; u_pll|altpll_component|auto_generated|pll1|clk[1] ; 2.692        ; -0.059     ; 1.493      ;
; 1.142 ; hdmi_tx:u_tx|hdmi_tx_pdiff_submodule:u_ser|start_reg[0]    ; hdmi_tx:u_tx|hdmi_tx_pdiff_submodule:u_ser|ser_reg[23]                                                        ; u_pll|altpll_component|auto_generated|pll1|clk[1] ; u_pll|altpll_component|auto_generated|pll1|clk[1] ; 2.692        ; -0.059     ; 1.486      ;
; 1.158 ; hdmi_tx:u_tx|hdmi_tx_pdiff_submodule:u_ser|data_p_reg[2]   ; hdmi_tx:u_tx|hdmi_tx_pdiff_submodule:u_ser|altddio_out:u_ddo_p|ddio_out_s9j:auto_generated|ddio_outa[2]~DFFLO ; u_pll|altpll_component|auto_generated|pll1|clk[1] ; u_pll|altpll_component|auto_generated|pll1|clk[1] ; 2.692        ; -0.071     ; 1.361      ;
; 1.160 ; hdmi_tx:u_tx|hdmi_tx_pdiff_submodule:u_ser|start_reg[0]    ; hdmi_tx:u_tx|hdmi_tx_pdiff_submodule:u_ser|ser_reg[25]                                                        ; u_pll|altpll_component|auto_generated|pll1|clk[1] ; u_pll|altpll_component|auto_generated|pll1|clk[1] ; 2.692        ; -0.059     ; 1.468      ;
; 1.161 ; hdmi_tx:u_tx|hdmi_tx_pdiff_submodule:u_ser|start_reg[0]    ; hdmi_tx:u_tx|hdmi_tx_pdiff_submodule:u_ser|ser_reg[27]                                                        ; u_pll|altpll_component|auto_generated|pll1|clk[1] ; u_pll|altpll_component|auto_generated|pll1|clk[1] ; 2.692        ; -0.059     ; 1.467      ;
; 1.163 ; hdmi_tx:u_tx|hdmi_tx_pdiff_submodule:u_ser|start_reg[0]    ; hdmi_tx:u_tx|hdmi_tx_pdiff_submodule:u_ser|ser_reg[21]                                                        ; u_pll|altpll_component|auto_generated|pll1|clk[1] ; u_pll|altpll_component|auto_generated|pll1|clk[1] ; 2.692        ; -0.059     ; 1.465      ;
; 1.167 ; hdmi_tx:u_tx|hdmi_tx_pdiff_submodule:u_ser|start_reg[0]    ; hdmi_tx:u_tx|hdmi_tx_pdiff_submodule:u_ser|ser_reg[24]                                                        ; u_pll|altpll_component|auto_generated|pll1|clk[1] ; u_pll|altpll_component|auto_generated|pll1|clk[1] ; 2.692        ; -0.059     ; 1.461      ;
; 1.189 ; hdmi_tx:u_tx|hdmi_tx_pdiff_submodule:u_ser|data_p_reg[4]   ; hdmi_tx:u_tx|hdmi_tx_pdiff_submodule:u_ser|altddio_out:u_ddo_p|ddio_out_s9j:auto_generated|ddio_outa[0]~DFFHI ; u_pll|altpll_component|auto_generated|pll1|clk[1] ; u_pll|altpll_component|auto_generated|pll1|clk[1] ; 2.692        ; -0.070     ; 1.078      ;
; 1.214 ; hdmi_tx:u_tx|hdmi_tx_pdiff_submodule:u_ser|start_reg[0]    ; hdmi_tx:u_tx|hdmi_tx_pdiff_submodule:u_ser|ser_reg[22]                                                        ; u_pll|altpll_component|auto_generated|pll1|clk[1] ; u_pll|altpll_component|auto_generated|pll1|clk[1] ; 2.692        ; -0.058     ; 1.415      ;
; 1.215 ; hdmi_tx:u_tx|hdmi_tx_pdiff_submodule:u_ser|start_reg[0]    ; hdmi_tx:u_tx|hdmi_tx_pdiff_submodule:u_ser|ser_reg[20]                                                        ; u_pll|altpll_component|auto_generated|pll1|clk[1] ; u_pll|altpll_component|auto_generated|pll1|clk[1] ; 2.692        ; -0.058     ; 1.414      ;
; 1.218 ; hdmi_tx:u_tx|hdmi_tx_pdiff_submodule:u_ser|data_in_reg[7]  ; hdmi_tx:u_tx|hdmi_tx_pdiff_submodule:u_ser|ser_reg[7]                                                         ; u_pll|altpll_component|auto_generated|pll1|clk[0] ; u_pll|altpll_component|auto_generated|pll1|clk[1] ; 2.692        ; -0.156     ; 1.313      ;
; 1.223 ; hdmi_tx:u_tx|hdmi_tx_pdiff_submodule:u_ser|data_p_reg[0]   ; hdmi_tx:u_tx|hdmi_tx_pdiff_submodule:u_ser|altddio_out:u_ddo_p|ddio_out_s9j:auto_generated|ddio_outa[0]~DFFLO ; u_pll|altpll_component|auto_generated|pll1|clk[1] ; u_pll|altpll_component|auto_generated|pll1|clk[1] ; 2.692        ; -0.077     ; 1.290      ;
; 1.232 ; hdmi_tx:u_tx|hdmi_tx_pdiff_submodule:u_ser|ser_reg[21]     ; hdmi_tx:u_tx|hdmi_tx_pdiff_submodule:u_ser|data_n_reg[2]                                                      ; u_pll|altpll_component|auto_generated|pll1|clk[1] ; u_pll|altpll_component|auto_generated|pll1|clk[1] ; 2.692        ; -0.073     ; 1.382      ;
; 1.235 ; hdmi_tx:u_tx|hdmi_tx_pdiff_submodule:u_ser|ser_reg[21]     ; hdmi_tx:u_tx|hdmi_tx_pdiff_submodule:u_ser|data_p_reg[2]                                                      ; u_pll|altpll_component|auto_generated|pll1|clk[1] ; u_pll|altpll_component|auto_generated|pll1|clk[1] ; 2.692        ; -0.073     ; 1.379      ;
; 1.245 ; hdmi_tx:u_tx|hdmi_tx_pdiff_submodule:u_ser|start_reg[0]    ; hdmi_tx:u_tx|hdmi_tx_pdiff_submodule:u_ser|ser_reg[35]                                                        ; u_pll|altpll_component|auto_generated|pll1|clk[1] ; u_pll|altpll_component|auto_generated|pll1|clk[1] ; 2.692        ; -0.071     ; 1.371      ;
; 1.246 ; hdmi_tx:u_tx|hdmi_tx_pdiff_submodule:u_ser|start_reg[0]    ; hdmi_tx:u_tx|hdmi_tx_pdiff_submodule:u_ser|ser_reg[37]                                                        ; u_pll|altpll_component|auto_generated|pll1|clk[1] ; u_pll|altpll_component|auto_generated|pll1|clk[1] ; 2.692        ; -0.071     ; 1.370      ;
; 1.258 ; hdmi_tx:u_tx|hdmi_tx_pdiff_submodule:u_ser|data_n_reg[0]   ; hdmi_tx:u_tx|hdmi_tx_pdiff_submodule:u_ser|altddio_out:u_ddo_n|ddio_out_u6j:auto_generated|ddio_outa[0]~DFFLO ; u_pll|altpll_component|auto_generated|pll1|clk[1] ; u_pll|altpll_component|auto_generated|pll1|clk[1] ; 2.692        ; -0.077     ; 1.255      ;
; 1.261 ; hdmi_tx:u_tx|hdmi_tx_pdiff_submodule:u_ser|ser_reg[20]     ; hdmi_tx:u_tx|hdmi_tx_pdiff_submodule:u_ser|data_p_reg[6]                                                      ; u_pll|altpll_component|auto_generated|pll1|clk[1] ; u_pll|altpll_component|auto_generated|pll1|clk[1] ; 2.692        ; -0.072     ; 1.354      ;
; 1.282 ; hdmi_tx:u_tx|hdmi_tx_pdiff_submodule:u_ser|start_reg[0]    ; hdmi_tx:u_tx|hdmi_tx_pdiff_submodule:u_ser|start_reg[2]                                                       ; u_pll|altpll_component|auto_generated|pll1|clk[1] ; u_pll|altpll_component|auto_generated|pll1|clk[1] ; 2.692        ; -0.071     ; 1.334      ;
; 1.284 ; hdmi_tx:u_tx|hdmi_tx_pdiff_submodule:u_ser|start_reg[0]    ; hdmi_tx:u_tx|hdmi_tx_pdiff_submodule:u_ser|ser_reg[33]                                                        ; u_pll|altpll_component|auto_generated|pll1|clk[1] ; u_pll|altpll_component|auto_generated|pll1|clk[1] ; 2.692        ; -0.071     ; 1.332      ;
; 1.287 ; hdmi_tx:u_tx|hdmi_tx_pdiff_submodule:u_ser|start_reg[0]    ; hdmi_tx:u_tx|hdmi_tx_pdiff_submodule:u_ser|start_reg[3]                                                       ; u_pll|altpll_component|auto_generated|pll1|clk[1] ; u_pll|altpll_component|auto_generated|pll1|clk[1] ; 2.692        ; -0.071     ; 1.329      ;
; 1.288 ; hdmi_tx:u_tx|hdmi_tx_pdiff_submodule:u_ser|start_reg[0]    ; hdmi_tx:u_tx|hdmi_tx_pdiff_submodule:u_ser|ser_reg[31]                                                        ; u_pll|altpll_component|auto_generated|pll1|clk[1] ; u_pll|altpll_component|auto_generated|pll1|clk[1] ; 2.692        ; -0.071     ; 1.328      ;
; 1.322 ; hdmi_tx:u_tx|hdmi_tx_pdiff_submodule:u_ser|ser_reg[14]     ; hdmi_tx:u_tx|hdmi_tx_pdiff_submodule:u_ser|ser_reg[12]                                                        ; u_pll|altpll_component|auto_generated|pll1|clk[1] ; u_pll|altpll_component|auto_generated|pll1|clk[1] ; 2.692        ; -0.059     ; 1.306      ;
; 1.344 ; hdmi_tx:u_tx|hdmi_tx_pdiff_submodule:u_ser|data_p_reg[3]   ; hdmi_tx:u_tx|hdmi_tx_pdiff_submodule:u_ser|altddio_out:u_ddo_p|ddio_out_s9j:auto_generated|ddio_outa[3]~DFFLO ; u_pll|altpll_component|auto_generated|pll1|clk[1] ; u_pll|altpll_component|auto_generated|pll1|clk[1] ; 2.692        ; -0.070     ; 1.176      ;
; 1.355 ; hdmi_tx:u_tx|hdmi_tx_pdiff_submodule:u_ser|start_reg[0]    ; hdmi_tx:u_tx|hdmi_tx_pdiff_submodule:u_ser|ser_reg[7]                                                         ; u_pll|altpll_component|auto_generated|pll1|clk[1] ; u_pll|altpll_component|auto_generated|pll1|clk[1] ; 2.692        ; -0.064     ; 1.268      ;
; 1.355 ; hdmi_tx:u_tx|hdmi_tx_pdiff_submodule:u_ser|ser_reg[6]      ; hdmi_tx:u_tx|hdmi_tx_pdiff_submodule:u_ser|ser_reg[4]                                                         ; u_pll|altpll_component|auto_generated|pll1|clk[1] ; u_pll|altpll_component|auto_generated|pll1|clk[1] ; 2.692        ; -0.064     ; 1.268      ;
; 1.357 ; hdmi_tx:u_tx|hdmi_tx_pdiff_submodule:u_ser|start_reg[0]    ; hdmi_tx:u_tx|hdmi_tx_pdiff_submodule:u_ser|ser_reg[1]                                                         ; u_pll|altpll_component|auto_generated|pll1|clk[1] ; u_pll|altpll_component|auto_generated|pll1|clk[1] ; 2.692        ; -0.064     ; 1.266      ;
; 1.361 ; hdmi_tx:u_tx|hdmi_tx_pdiff_submodule:u_ser|start_reg[0]    ; hdmi_tx:u_tx|hdmi_tx_pdiff_submodule:u_ser|ser_reg[36]                                                        ; u_pll|altpll_component|auto_generated|pll1|clk[1] ; u_pll|altpll_component|auto_generated|pll1|clk[1] ; 2.692        ; -0.064     ; 1.262      ;
; 1.372 ; hdmi_tx:u_tx|hdmi_tx_pdiff_submodule:u_ser|data_n_reg[2]   ; hdmi_tx:u_tx|hdmi_tx_pdiff_submodule:u_ser|altddio_out:u_ddo_n|ddio_out_u6j:auto_generated|ddio_outa[2]~DFFLO ; u_pll|altpll_component|auto_generated|pll1|clk[1] ; u_pll|altpll_component|auto_generated|pll1|clk[1] ; 2.692        ; -0.071     ; 1.147      ;
; 1.374 ; hdmi_tx:u_tx|hdmi_tx_pdiff_submodule:u_ser|data_n_reg[1]   ; hdmi_tx:u_tx|hdmi_tx_pdiff_submodule:u_ser|altddio_out:u_ddo_n|ddio_out_u6j:auto_generated|ddio_outa[1]~DFFLO ; u_pll|altpll_component|auto_generated|pll1|clk[1] ; u_pll|altpll_component|auto_generated|pll1|clk[1] ; 2.692        ; -0.071     ; 1.145      ;
; 1.383 ; hdmi_tx:u_tx|hdmi_tx_pdiff_submodule:u_ser|data_in_reg[23] ; hdmi_tx:u_tx|hdmi_tx_pdiff_submodule:u_ser|ser_reg[23]                                                        ; u_pll|altpll_component|auto_generated|pll1|clk[0] ; u_pll|altpll_component|auto_generated|pll1|clk[1] ; 2.692        ; -0.155     ; 1.149      ;
; 1.389 ; hdmi_tx:u_tx|hdmi_tx_pdiff_submodule:u_ser|start_reg[0]    ; hdmi_tx:u_tx|hdmi_tx_pdiff_submodule:u_ser|ser_reg[11]                                                        ; u_pll|altpll_component|auto_generated|pll1|clk[1] ; u_pll|altpll_component|auto_generated|pll1|clk[1] ; 2.692        ; -0.073     ; 1.225      ;
; 1.390 ; hdmi_tx:u_tx|hdmi_tx_pdiff_submodule:u_ser|start_reg[0]    ; hdmi_tx:u_tx|hdmi_tx_pdiff_submodule:u_ser|ser_reg[15]                                                        ; u_pll|altpll_component|auto_generated|pll1|clk[1] ; u_pll|altpll_component|auto_generated|pll1|clk[1] ; 2.692        ; -0.073     ; 1.224      ;
; 1.391 ; hdmi_tx:u_tx|hdmi_tx_pdiff_submodule:u_ser|start_reg[0]    ; hdmi_tx:u_tx|hdmi_tx_pdiff_submodule:u_ser|ser_reg[13]                                                        ; u_pll|altpll_component|auto_generated|pll1|clk[1] ; u_pll|altpll_component|auto_generated|pll1|clk[1] ; 2.692        ; -0.073     ; 1.223      ;
; 1.392 ; hdmi_tx:u_tx|hdmi_tx_pdiff_submodule:u_ser|start_reg[0]    ; hdmi_tx:u_tx|hdmi_tx_pdiff_submodule:u_ser|ser_reg[30]                                                        ; u_pll|altpll_component|auto_generated|pll1|clk[1] ; u_pll|altpll_component|auto_generated|pll1|clk[1] ; 2.692        ; -0.064     ; 1.231      ;
; 1.394 ; hdmi_tx:u_tx|hdmi_tx_pdiff_submodule:u_ser|start_reg[0]    ; hdmi_tx:u_tx|hdmi_tx_pdiff_submodule:u_ser|ser_reg[32]                                                        ; u_pll|altpll_component|auto_generated|pll1|clk[1] ; u_pll|altpll_component|auto_generated|pll1|clk[1] ; 2.692        ; -0.064     ; 1.229      ;
; 1.394 ; hdmi_tx:u_tx|hdmi_tx_pdiff_submodule:u_ser|data_p_reg[1]   ; hdmi_tx:u_tx|hdmi_tx_pdiff_submodule:u_ser|altddio_out:u_ddo_p|ddio_out_s9j:auto_generated|ddio_outa[1]~DFFLO ; u_pll|altpll_component|auto_generated|pll1|clk[1] ; u_pll|altpll_component|auto_generated|pll1|clk[1] ; 2.692        ; -0.071     ; 1.125      ;
; 1.395 ; hdmi_tx:u_tx|hdmi_tx_pdiff_submodule:u_ser|start_reg[0]    ; hdmi_tx:u_tx|hdmi_tx_pdiff_submodule:u_ser|ser_reg[17]                                                        ; u_pll|altpll_component|auto_generated|pll1|clk[1] ; u_pll|altpll_component|auto_generated|pll1|clk[1] ; 2.692        ; -0.073     ; 1.219      ;
; 1.395 ; hdmi_tx:u_tx|hdmi_tx_pdiff_submodule:u_ser|start_reg[0]    ; hdmi_tx:u_tx|hdmi_tx_pdiff_submodule:u_ser|ser_reg[5]                                                         ; u_pll|altpll_component|auto_generated|pll1|clk[1] ; u_pll|altpll_component|auto_generated|pll1|clk[1] ; 2.692        ; -0.064     ; 1.228      ;
; 1.397 ; hdmi_tx:u_tx|hdmi_tx_pdiff_submodule:u_ser|start_reg[0]    ; hdmi_tx:u_tx|hdmi_tx_pdiff_submodule:u_ser|ser_reg[16]                                                        ; u_pll|altpll_component|auto_generated|pll1|clk[1] ; u_pll|altpll_component|auto_generated|pll1|clk[1] ; 2.692        ; -0.073     ; 1.217      ;
; 1.398 ; hdmi_tx:u_tx|hdmi_tx_pdiff_submodule:u_ser|data_in_reg[4]  ; hdmi_tx:u_tx|hdmi_tx_pdiff_submodule:u_ser|ser_reg[4]                                                         ; u_pll|altpll_component|auto_generated|pll1|clk[0] ; u_pll|altpll_component|auto_generated|pll1|clk[1] ; 2.692        ; -0.156     ; 1.133      ;
; 1.398 ; hdmi_tx:u_tx|hdmi_tx_pdiff_submodule:u_ser|data_in_reg[0]  ; hdmi_tx:u_tx|hdmi_tx_pdiff_submodule:u_ser|ser_reg[0]                                                         ; u_pll|altpll_component|auto_generated|pll1|clk[0] ; u_pll|altpll_component|auto_generated|pll1|clk[1] ; 2.692        ; -0.156     ; 1.133      ;
; 1.400 ; hdmi_tx:u_tx|hdmi_tx_pdiff_submodule:u_ser|start_reg[0]    ; hdmi_tx:u_tx|hdmi_tx_pdiff_submodule:u_ser|ser_reg[34]                                                        ; u_pll|altpll_component|auto_generated|pll1|clk[1] ; u_pll|altpll_component|auto_generated|pll1|clk[1] ; 2.692        ; -0.064     ; 1.223      ;
; 1.402 ; hdmi_tx:u_tx|hdmi_tx_pdiff_submodule:u_ser|data_in_reg[17] ; hdmi_tx:u_tx|hdmi_tx_pdiff_submodule:u_ser|ser_reg[17]                                                        ; u_pll|altpll_component|auto_generated|pll1|clk[0] ; u_pll|altpll_component|auto_generated|pll1|clk[1] ; 2.692        ; -0.165     ; 1.120      ;
; 1.405 ; hdmi_tx:u_tx|hdmi_tx_pdiff_submodule:u_ser|data_in_reg[16] ; hdmi_tx:u_tx|hdmi_tx_pdiff_submodule:u_ser|ser_reg[16]                                                        ; u_pll|altpll_component|auto_generated|pll1|clk[0] ; u_pll|altpll_component|auto_generated|pll1|clk[1] ; 2.692        ; -0.165     ; 1.117      ;
; 1.416 ; hdmi_tx:u_tx|hdmi_tx_pdiff_submodule:u_ser|data_in_reg[3]  ; hdmi_tx:u_tx|hdmi_tx_pdiff_submodule:u_ser|ser_reg[3]                                                         ; u_pll|altpll_component|auto_generated|pll1|clk[0] ; u_pll|altpll_component|auto_generated|pll1|clk[1] ; 2.692        ; -0.156     ; 1.115      ;
; 1.423 ; hdmi_tx:u_tx|hdmi_tx_pdiff_submodule:u_ser|data_in_reg[1]  ; hdmi_tx:u_tx|hdmi_tx_pdiff_submodule:u_ser|ser_reg[1]                                                         ; u_pll|altpll_component|auto_generated|pll1|clk[0] ; u_pll|altpll_component|auto_generated|pll1|clk[1] ; 2.692        ; -0.154     ; 1.110      ;
; 1.432 ; hdmi_tx:u_tx|hdmi_tx_pdiff_submodule:u_ser|start_reg[0]    ; hdmi_tx:u_tx|hdmi_tx_pdiff_submodule:u_ser|ser_reg[12]                                                        ; u_pll|altpll_component|auto_generated|pll1|clk[1] ; u_pll|altpll_component|auto_generated|pll1|clk[1] ; 2.692        ; -0.070     ; 1.185      ;
; 1.433 ; hdmi_tx:u_tx|hdmi_tx_pdiff_submodule:u_ser|start_reg[0]    ; hdmi_tx:u_tx|hdmi_tx_pdiff_submodule:u_ser|ser_reg[10]                                                        ; u_pll|altpll_component|auto_generated|pll1|clk[1] ; u_pll|altpll_component|auto_generated|pll1|clk[1] ; 2.692        ; -0.070     ; 1.184      ;
; 1.456 ; hdmi_tx:u_tx|hdmi_tx_pdiff_submodule:u_ser|ser_reg[11]     ; hdmi_tx:u_tx|hdmi_tx_pdiff_submodule:u_ser|data_n_reg[1]                                                      ; u_pll|altpll_component|auto_generated|pll1|clk[1] ; u_pll|altpll_component|auto_generated|pll1|clk[1] ; 2.692        ; -0.058     ; 1.173      ;
; 1.457 ; hdmi_tx:u_tx|hdmi_tx_pdiff_submodule:u_ser|ser_reg[11]     ; hdmi_tx:u_tx|hdmi_tx_pdiff_submodule:u_ser|data_p_reg[1]                                                      ; u_pll|altpll_component|auto_generated|pll1|clk[1] ; u_pll|altpll_component|auto_generated|pll1|clk[1] ; 2.692        ; -0.058     ; 1.172      ;
; 1.497 ; hdmi_tx:u_tx|hdmi_tx_pdiff_submodule:u_ser|ser_reg[10]     ; hdmi_tx:u_tx|hdmi_tx_pdiff_submodule:u_ser|data_p_reg[5]                                                      ; u_pll|altpll_component|auto_generated|pll1|clk[1] ; u_pll|altpll_component|auto_generated|pll1|clk[1] ; 2.692        ; -0.058     ; 1.132      ;
; 1.499 ; hdmi_tx:u_tx|hdmi_tx_pdiff_submodule:u_ser|ser_reg[10]     ; hdmi_tx:u_tx|hdmi_tx_pdiff_submodule:u_ser|data_n_reg[5]                                                      ; u_pll|altpll_component|auto_generated|pll1|clk[1] ; u_pll|altpll_component|auto_generated|pll1|clk[1] ; 2.692        ; -0.058     ; 1.130      ;
; 1.499 ; hdmi_tx:u_tx|hdmi_tx_pdiff_submodule:u_ser|ser_reg[0]      ; hdmi_tx:u_tx|hdmi_tx_pdiff_submodule:u_ser|data_p_reg[4]                                                      ; u_pll|altpll_component|auto_generated|pll1|clk[1] ; u_pll|altpll_component|auto_generated|pll1|clk[1] ; 2.692        ; -0.069     ; 1.119      ;
; 1.500 ; hdmi_tx:u_tx|hdmi_tx_pdiff_submodule:u_ser|data_in_reg[14] ; hdmi_tx:u_tx|hdmi_tx_pdiff_submodule:u_ser|ser_reg[14]                                                        ; u_pll|altpll_component|auto_generated|pll1|clk[0] ; u_pll|altpll_component|auto_generated|pll1|clk[1] ; 2.692        ; -0.165     ; 1.022      ;
; 1.500 ; hdmi_tx:u_tx|hdmi_tx_pdiff_submodule:u_ser|ser_reg[2]      ; hdmi_tx:u_tx|hdmi_tx_pdiff_submodule:u_ser|ser_reg[0]                                                         ; u_pll|altpll_component|auto_generated|pll1|clk[1] ; u_pll|altpll_component|auto_generated|pll1|clk[1] ; 2.692        ; -0.064     ; 1.123      ;
; 1.518 ; hdmi_tx:u_tx|hdmi_tx_pdiff_submodule:u_ser|data_in_reg[26] ; hdmi_tx:u_tx|hdmi_tx_pdiff_submodule:u_ser|ser_reg[26]                                                        ; u_pll|altpll_component|auto_generated|pll1|clk[0] ; u_pll|altpll_component|auto_generated|pll1|clk[1] ; 2.692        ; -0.155     ; 1.014      ;
; 1.529 ; hdmi_tx:u_tx|hdmi_tx_pdiff_submodule:u_ser|data_in_reg[18] ; hdmi_tx:u_tx|hdmi_tx_pdiff_submodule:u_ser|ser_reg[18]                                                        ; u_pll|altpll_component|auto_generated|pll1|clk[0] ; u_pll|altpll_component|auto_generated|pll1|clk[1] ; 2.692        ; -0.165     ; 0.993      ;
; 1.531 ; hdmi_tx:u_tx|hdmi_tx_pdiff_submodule:u_ser|start_reg[0]    ; hdmi_tx:u_tx|hdmi_tx_pdiff_submodule:u_ser|ser_reg[0]                                                         ; u_pll|altpll_component|auto_generated|pll1|clk[1] ; u_pll|altpll_component|auto_generated|pll1|clk[1] ; 2.692        ; -0.064     ; 1.092      ;
; 1.532 ; hdmi_tx:u_tx|hdmi_tx_pdiff_submodule:u_ser|start_reg[0]    ; hdmi_tx:u_tx|hdmi_tx_pdiff_submodule:u_ser|ser_reg[3]                                                         ; u_pll|altpll_component|auto_generated|pll1|clk[1] ; u_pll|altpll_component|auto_generated|pll1|clk[1] ; 2.692        ; -0.064     ; 1.091      ;
; 1.532 ; hdmi_tx:u_tx|hdmi_tx_pdiff_submodule:u_ser|start_reg[0]    ; hdmi_tx:u_tx|hdmi_tx_pdiff_submodule:u_ser|ser_reg[4]                                                         ; u_pll|altpll_component|auto_generated|pll1|clk[1] ; u_pll|altpll_component|auto_generated|pll1|clk[1] ; 2.692        ; -0.064     ; 1.091      ;
; 1.535 ; hdmi_tx:u_tx|hdmi_tx_pdiff_submodule:u_ser|data_in_reg[19] ; hdmi_tx:u_tx|hdmi_tx_pdiff_submodule:u_ser|ser_reg[19]                                                        ; u_pll|altpll_component|auto_generated|pll1|clk[0] ; u_pll|altpll_component|auto_generated|pll1|clk[1] ; 2.692        ; -0.165     ; 0.987      ;
; 1.535 ; hdmi_tx:u_tx|hdmi_tx_pdiff_submodule:u_ser|data_in_reg[13] ; hdmi_tx:u_tx|hdmi_tx_pdiff_submodule:u_ser|ser_reg[13]                                                        ; u_pll|altpll_component|auto_generated|pll1|clk[0] ; u_pll|altpll_component|auto_generated|pll1|clk[1] ; 2.692        ; -0.165     ; 0.987      ;
; 1.538 ; hdmi_tx:u_tx|hdmi_tx_pdiff_submodule:u_ser|data_in_reg[28] ; hdmi_tx:u_tx|hdmi_tx_pdiff_submodule:u_ser|ser_reg[28]                                                        ; u_pll|altpll_component|auto_generated|pll1|clk[0] ; u_pll|altpll_component|auto_generated|pll1|clk[1] ; 2.692        ; -0.155     ; 0.994      ;
; 1.538 ; hdmi_tx:u_tx|hdmi_tx_pdiff_submodule:u_ser|start_reg[2]    ; hdmi_tx:u_tx|hdmi_tx_pdiff_submodule:u_ser|start_reg[1]                                                       ; u_pll|altpll_component|auto_generated|pll1|clk[1] ; u_pll|altpll_component|auto_generated|pll1|clk[1] ; 2.692        ; -0.055     ; 1.094      ;
; 1.540 ; hdmi_tx:u_tx|hdmi_tx_pdiff_submodule:u_ser|data_in_reg[24] ; hdmi_tx:u_tx|hdmi_tx_pdiff_submodule:u_ser|ser_reg[24]                                                        ; u_pll|altpll_component|auto_generated|pll1|clk[0] ; u_pll|altpll_component|auto_generated|pll1|clk[1] ; 2.692        ; -0.155     ; 0.992      ;
; 1.542 ; hdmi_tx:u_tx|hdmi_tx_pdiff_submodule:u_ser|data_in_reg[12] ; hdmi_tx:u_tx|hdmi_tx_pdiff_submodule:u_ser|ser_reg[12]                                                        ; u_pll|altpll_component|auto_generated|pll1|clk[0] ; u_pll|altpll_component|auto_generated|pll1|clk[1] ; 2.692        ; -0.165     ; 0.980      ;
; 1.542 ; hdmi_tx:u_tx|hdmi_tx_pdiff_submodule:u_ser|data_in_reg[8]  ; hdmi_tx:u_tx|hdmi_tx_pdiff_submodule:u_ser|ser_reg[8]                                                         ; u_pll|altpll_component|auto_generated|pll1|clk[0] ; u_pll|altpll_component|auto_generated|pll1|clk[1] ; 2.692        ; -0.154     ; 0.991      ;
; 1.545 ; hdmi_tx:u_tx|hdmi_tx_pdiff_submodule:u_ser|data_in_reg[29] ; hdmi_tx:u_tx|hdmi_tx_pdiff_submodule:u_ser|ser_reg[29]                                                        ; u_pll|altpll_component|auto_generated|pll1|clk[0] ; u_pll|altpll_component|auto_generated|pll1|clk[1] ; 2.692        ; -0.155     ; 0.987      ;
; 1.547 ; hdmi_tx:u_tx|hdmi_tx_pdiff_submodule:u_ser|data_in_reg[27] ; hdmi_tx:u_tx|hdmi_tx_pdiff_submodule:u_ser|ser_reg[27]                                                        ; u_pll|altpll_component|auto_generated|pll1|clk[0] ; u_pll|altpll_component|auto_generated|pll1|clk[1] ; 2.692        ; -0.155     ; 0.985      ;
; 1.554 ; hdmi_tx:u_tx|hdmi_tx_pdiff_submodule:u_ser|data_in_reg[22] ; hdmi_tx:u_tx|hdmi_tx_pdiff_submodule:u_ser|ser_reg[22]                                                        ; u_pll|altpll_component|auto_generated|pll1|clk[0] ; u_pll|altpll_component|auto_generated|pll1|clk[1] ; 2.692        ; -0.154     ; 0.979      ;
; 1.567 ; hdmi_tx:u_tx|hdmi_tx_pdiff_submodule:u_ser|data_in_reg[15] ; hdmi_tx:u_tx|hdmi_tx_pdiff_submodule:u_ser|ser_reg[15]                                                        ; u_pll|altpll_component|auto_generated|pll1|clk[0] ; u_pll|altpll_component|auto_generated|pll1|clk[1] ; 2.692        ; -0.165     ; 0.955      ;
; 1.568 ; hdmi_tx:u_tx|hdmi_tx_pdiff_submodule:u_ser|data_in_reg[11] ; hdmi_tx:u_tx|hdmi_tx_pdiff_submodule:u_ser|ser_reg[11]                                                        ; u_pll|altpll_component|auto_generated|pll1|clk[0] ; u_pll|altpll_component|auto_generated|pll1|clk[1] ; 2.692        ; -0.165     ; 0.954      ;
; 1.569 ; hdmi_tx:u_tx|hdmi_tx_pdiff_submodule:u_ser|data_in_reg[10] ; hdmi_tx:u_tx|hdmi_tx_pdiff_submodule:u_ser|ser_reg[10]                                                        ; u_pll|altpll_component|auto_generated|pll1|clk[0] ; u_pll|altpll_component|auto_generated|pll1|clk[1] ; 2.692        ; -0.165     ; 0.953      ;
; 1.576 ; hdmi_tx:u_tx|hdmi_tx_pdiff_submodule:u_ser|data_in_reg[25] ; hdmi_tx:u_tx|hdmi_tx_pdiff_submodule:u_ser|ser_reg[25]                                                        ; u_pll|altpll_component|auto_generated|pll1|clk[0] ; u_pll|altpll_component|auto_generated|pll1|clk[1] ; 2.692        ; -0.155     ; 0.956      ;
; 1.577 ; hdmi_tx:u_tx|hdmi_tx_pdiff_submodule:u_ser|data_in_reg[5]  ; hdmi_tx:u_tx|hdmi_tx_pdiff_submodule:u_ser|ser_reg[5]                                                         ; u_pll|altpll_component|auto_generated|pll1|clk[0] ; u_pll|altpll_component|auto_generated|pll1|clk[1] ; 2.692        ; -0.154     ; 0.956      ;
; 1.577 ; hdmi_tx:u_tx|hdmi_tx_pdiff_submodule:u_ser|data_in_reg[2]  ; hdmi_tx:u_tx|hdmi_tx_pdiff_submodule:u_ser|ser_reg[2]                                                         ; u_pll|altpll_component|auto_generated|pll1|clk[0] ; u_pll|altpll_component|auto_generated|pll1|clk[1] ; 2.692        ; -0.154     ; 0.956      ;
; 1.577 ; hdmi_tx:u_tx|hdmi_tx_pdiff_submodule:u_ser|start_reg[0]    ; hdmi_tx:u_tx|hdmi_tx_pdiff_submodule:u_ser|start_reg[1]                                                       ; u_pll|altpll_component|auto_generated|pll1|clk[1] ; u_pll|altpll_component|auto_generated|pll1|clk[1] ; 2.692        ; -0.064     ; 1.046      ;
; 1.579 ; hdmi_tx:u_tx|hdmi_tx_pdiff_submodule:u_ser|data_in_reg[21] ; hdmi_tx:u_tx|hdmi_tx_pdiff_submodule:u_ser|ser_reg[21]                                                        ; u_pll|altpll_component|auto_generated|pll1|clk[0] ; u_pll|altpll_component|auto_generated|pll1|clk[1] ; 2.692        ; -0.155     ; 0.953      ;
; 1.580 ; hdmi_tx:u_tx|hdmi_tx_pdiff_submodule:u_ser|data_in_reg[20] ; hdmi_tx:u_tx|hdmi_tx_pdiff_submodule:u_ser|ser_reg[20]                                                        ; u_pll|altpll_component|auto_generated|pll1|clk[0] ; u_pll|altpll_component|auto_generated|pll1|clk[1] ; 2.692        ; -0.154     ; 0.953      ;
; 1.580 ; hdmi_tx:u_tx|hdmi_tx_pdiff_submodule:u_ser|data_in_reg[6]  ; hdmi_tx:u_tx|hdmi_tx_pdiff_submodule:u_ser|ser_reg[6]                                                         ; u_pll|altpll_component|auto_generated|pll1|clk[0] ; u_pll|altpll_component|auto_generated|pll1|clk[1] ; 2.692        ; -0.154     ; 0.953      ;
; 1.606 ; hdmi_tx:u_tx|hdmi_tx_pdiff_submodule:u_ser|start_reg[0]    ; hdmi_tx:u_tx|hdmi_tx_pdiff_submodule:u_ser|ser_reg[2]                                                         ; u_pll|altpll_component|auto_generated|pll1|clk[1] ; u_pll|altpll_component|auto_generated|pll1|clk[1] ; 2.692        ; -0.062     ; 1.019      ;
; 1.608 ; hdmi_tx:u_tx|hdmi_tx_pdiff_submodule:u_ser|start_reg[0]    ; hdmi_tx:u_tx|hdmi_tx_pdiff_submodule:u_ser|ser_reg[6]                                                         ; u_pll|altpll_component|auto_generated|pll1|clk[1] ; u_pll|altpll_component|auto_generated|pll1|clk[1] ; 2.692        ; -0.062     ; 1.017      ;
; 1.633 ; hdmi_tx:u_tx|hdmi_tx_pdiff_submodule:u_ser|ser_reg[25]     ; hdmi_tx:u_tx|hdmi_tx_pdiff_submodule:u_ser|ser_reg[23]                                                        ; u_pll|altpll_component|auto_generated|pll1|clk[1] ; u_pll|altpll_component|auto_generated|pll1|clk[1] ; 2.692        ; -0.063     ; 0.991      ;
; 1.635 ; hdmi_tx:u_tx|hdmi_tx_pdiff_submodule:u_ser|ser_reg[28]     ; hdmi_tx:u_tx|hdmi_tx_pdiff_submodule:u_ser|ser_reg[26]                                                        ; u_pll|altpll_component|auto_generated|pll1|clk[1] ; u_pll|altpll_component|auto_generated|pll1|clk[1] ; 2.692        ; -0.063     ; 0.989      ;
; 1.651 ; hdmi_tx:u_tx|hdmi_tx_pdiff_submodule:u_ser|start_reg[3]    ; hdmi_tx:u_tx|hdmi_tx_pdiff_submodule:u_ser|start_reg[2]                                                       ; u_pll|altpll_component|auto_generated|pll1|clk[1] ; u_pll|altpll_component|auto_generated|pll1|clk[1] ; 2.692        ; -0.062     ; 0.974      ;
; 1.690 ; hdmi_tx:u_tx|hdmi_tx_pdiff_submodule:u_ser|ser_reg[18]     ; hdmi_tx:u_tx|hdmi_tx_pdiff_submodule:u_ser|ser_reg[16]                                                        ; u_pll|altpll_component|auto_generated|pll1|clk[1] ; u_pll|altpll_component|auto_generated|pll1|clk[1] ; 2.692        ; -0.062     ; 0.935      ;
; 1.691 ; hdmi_tx:u_tx|hdmi_tx_pdiff_submodule:u_ser|ser_reg[15]     ; hdmi_tx:u_tx|hdmi_tx_pdiff_submodule:u_ser|ser_reg[13]                                                        ; u_pll|altpll_component|auto_generated|pll1|clk[1] ; u_pll|altpll_component|auto_generated|pll1|clk[1] ; 2.692        ; -0.062     ; 0.934      ;
; 1.691 ; hdmi_tx:u_tx|hdmi_tx_pdiff_submodule:u_ser|ser_reg[12]     ; hdmi_tx:u_tx|hdmi_tx_pdiff_submodule:u_ser|ser_reg[10]                                                        ; u_pll|altpll_component|auto_generated|pll1|clk[1] ; u_pll|altpll_component|auto_generated|pll1|clk[1] ; 2.692        ; -0.062     ; 0.934      ;
; 1.694 ; hdmi_tx:u_tx|hdmi_tx_pdiff_submodule:u_ser|ser_reg[13]     ; hdmi_tx:u_tx|hdmi_tx_pdiff_submodule:u_ser|ser_reg[11]                                                        ; u_pll|altpll_component|auto_generated|pll1|clk[1] ; u_pll|altpll_component|auto_generated|pll1|clk[1] ; 2.692        ; -0.062     ; 0.931      ;
; 1.694 ; hdmi_tx:u_tx|hdmi_tx_pdiff_submodule:u_ser|ser_reg[17]     ; hdmi_tx:u_tx|hdmi_tx_pdiff_submodule:u_ser|ser_reg[15]                                                        ; u_pll|altpll_component|auto_generated|pll1|clk[1] ; u_pll|altpll_component|auto_generated|pll1|clk[1] ; 2.692        ; -0.062     ; 0.931      ;
+-------+------------------------------------------------------------+---------------------------------------------------------------------------------------------------------------+---------------------------------------------------+---------------------------------------------------+--------------+------------+------------+


+----------------------------------------------------------------------------------------------------------------------------------------------------------------------------------------------------------------------------------------------------------------------------------------------------------------------------------------------------------------------------------------------------------+
; Slow 1200mV 85C Model Setup: 'u_pll|altpll_component|auto_generated|pll1|clk[0]'                                                                                                                                                                                                                                                                                                                         ;
+-------+-------------------------------------------------------------------------------------------------------------------------------------------------------------------------+-----------------------------------------------------------------------+---------------------------------------------------+---------------------------------------------------+--------------+------------+------------+
; Slack ; From Node                                                                                                                                                               ; To Node                                                               ; Launch Clock                                      ; Latch Clock                                       ; Relationship ; Clock Skew ; Data Delay ;
+-------+-------------------------------------------------------------------------------------------------------------------------------------------------------------------------+-----------------------------------------------------------------------+---------------------------------------------------+---------------------------------------------------+--------------+------------+------------+
; 5.790 ; melodychime:u_chime|count10us[0]                                                                                                                                        ; video_syncgen:u_vga|cb_rgb_reg[16]                                    ; u_pll|altpll_component|auto_generated|pll1|clk[0] ; u_pll|altpll_component|auto_generated|pll1|clk[0] ; 13.461       ; -0.062     ; 7.604      ;
; 5.831 ; melodychime:u_chime|count10us[0]                                                                                                                                        ; video_syncgen:u_vga|cb_rgb_reg[3]                                     ; u_pll|altpll_component|auto_generated|pll1|clk[0] ; u_pll|altpll_component|auto_generated|pll1|clk[0] ; 13.461       ; -0.057     ; 7.568      ;
; 5.853 ; logo_overlay:u_logo|logo_pattern_rom:u_rom|altsyncram:altsyncram_component|altsyncram_79c1:auto_generated|ram_block1a5~porta_address_reg0                               ; logo_overlay:u_logo|pix_out_reg[4]                                    ; u_pll|altpll_component|auto_generated|pll1|clk[0] ; u_pll|altpll_component|auto_generated|pll1|clk[0] ; 13.461       ; -0.388     ; 7.215      ;
; 5.894 ; logo_overlay:u_logo|logo_pattern_rom:u_rom|altsyncram:altsyncram_component|altsyncram_79c1:auto_generated|ram_block1a5~porta_address_reg0                               ; logo_overlay:u_logo|pix_out_reg[15]                                   ; u_pll|altpll_component|auto_generated|pll1|clk[0] ; u_pll|altpll_component|auto_generated|pll1|clk[0] ; 13.461       ; -0.388     ; 7.174      ;
; 5.898 ; melodychime:u_chime|count10us[0]                                                                                                                                        ; video_syncgen:u_vga|cb_rgb_reg[6]                                     ; u_pll|altpll_component|auto_generated|pll1|clk[0] ; u_pll|altpll_component|auto_generated|pll1|clk[0] ; 13.461       ; -0.067     ; 7.491      ;
; 5.927 ; melodychime:u_chime|count10us[0]                                                                                                                                        ; video_syncgen:u_vga|cb_rgb_reg[20]                                    ; u_pll|altpll_component|auto_generated|pll1|clk[0] ; u_pll|altpll_component|auto_generated|pll1|clk[0] ; 13.461       ; -0.067     ; 7.462      ;
; 5.977 ; logo_overlay:u_logo|logo_pattern_rom:u_rom|altsyncram:altsyncram_component|altsyncram_79c1:auto_generated|ram_block1a3~porta_address_reg0                               ; logo_overlay:u_logo|pix_out_reg[4]                                    ; u_pll|altpll_component|auto_generated|pll1|clk[0] ; u_pll|altpll_component|auto_generated|pll1|clk[0] ; 13.461       ; -0.389     ; 7.090      ;
; 5.981 ; hdmi_tx:u_tx|hdmi_tx_tmds_encoder_submodule:\gen_enc:2:u|qm_reg[1]                                                                                                      ; hdmi_tx:u_tx|hdmi_tx_tmds_encoder_submodule:\gen_enc:2:u|cnt[2]       ; u_pll|altpll_component|auto_generated|pll1|clk[0] ; u_pll|altpll_component|auto_generated|pll1|clk[0] ; 13.461       ; -0.059     ; 7.416      ;
; 5.988 ; hdmi_tx:u_tx|hdmi_tx_tmds_encoder_submodule:\gen_enc:2:u|qm_reg[1]                                                                                                      ; hdmi_tx:u_tx|hdmi_tx_tmds_encoder_submodule:\gen_enc:2:u|cnt[3]       ; u_pll|altpll_component|auto_generated|pll1|clk[0] ; u_pll|altpll_component|auto_generated|pll1|clk[0] ; 13.461       ; -0.059     ; 7.409      ;
; 5.998 ; hdmi_tx:u_tx|hdmi_tx_tmds_encoder_submodule:\gen_enc:2:u|qm_reg[0]                                                                                                      ; hdmi_tx:u_tx|hdmi_tx_tmds_encoder_submodule:\gen_enc:2:u|cnt[2]       ; u_pll|altpll_component|auto_generated|pll1|clk[0] ; u_pll|altpll_component|auto_generated|pll1|clk[0] ; 13.461       ; -0.063     ; 7.395      ;
; 6.004 ; hdmi_tx:u_tx|hdmi_tx_tmds_encoder_submodule:\gen_enc:2:u|qm_reg[4]                                                                                                      ; hdmi_tx:u_tx|hdmi_tx_tmds_encoder_submodule:\gen_enc:2:u|cnt[2]       ; u_pll|altpll_component|auto_generated|pll1|clk[0] ; u_pll|altpll_component|auto_generated|pll1|clk[0] ; 13.461       ; -0.059     ; 7.393      ;
; 6.005 ; hdmi_tx:u_tx|hdmi_tx_tmds_encoder_submodule:\gen_enc:2:u|qm_reg[0]                                                                                                      ; hdmi_tx:u_tx|hdmi_tx_tmds_encoder_submodule:\gen_enc:2:u|cnt[3]       ; u_pll|altpll_component|auto_generated|pll1|clk[0] ; u_pll|altpll_component|auto_generated|pll1|clk[0] ; 13.461       ; -0.063     ; 7.388      ;
; 6.007 ; logo_overlay:u_logo|logo_pattern_rom:u_rom|altsyncram:altsyncram_component|altsyncram_79c1:auto_generated|ram_block1a3~porta_address_reg0                               ; logo_overlay:u_logo|pix_out_reg[15]                                   ; u_pll|altpll_component|auto_generated|pll1|clk[0] ; u_pll|altpll_component|auto_generated|pll1|clk[0] ; 13.461       ; -0.389     ; 7.060      ;
; 6.011 ; hdmi_tx:u_tx|hdmi_tx_tmds_encoder_submodule:\gen_enc:2:u|qm_reg[4]                                                                                                      ; hdmi_tx:u_tx|hdmi_tx_tmds_encoder_submodule:\gen_enc:2:u|cnt[3]       ; u_pll|altpll_component|auto_generated|pll1|clk[0] ; u_pll|altpll_component|auto_generated|pll1|clk[0] ; 13.461       ; -0.059     ; 7.386      ;
; 6.018 ; hdmi_tx:u_tx|hdmi_tx_tmds_encoder_submodule:\gen_enc:2:u|qm_reg[5]                                                                                                      ; hdmi_tx:u_tx|hdmi_tx_tmds_encoder_submodule:\gen_enc:2:u|cnt[2]       ; u_pll|altpll_component|auto_generated|pll1|clk[0] ; u_pll|altpll_component|auto_generated|pll1|clk[0] ; 13.461       ; -0.063     ; 7.375      ;
; 6.025 ; hdmi_tx:u_tx|hdmi_tx_tmds_encoder_submodule:\gen_enc:2:u|qm_reg[5]                                                                                                      ; hdmi_tx:u_tx|hdmi_tx_tmds_encoder_submodule:\gen_enc:2:u|cnt[3]       ; u_pll|altpll_component|auto_generated|pll1|clk[0] ; u_pll|altpll_component|auto_generated|pll1|clk[0] ; 13.461       ; -0.063     ; 7.368      ;
; 6.040 ; melodychime:u_chime|count10us[0]                                                                                                                                        ; video_syncgen:u_vga|cb_rgb_reg[8]                                     ; u_pll|altpll_component|auto_generated|pll1|clk[0] ; u_pll|altpll_component|auto_generated|pll1|clk[0] ; 13.461       ; -0.060     ; 7.356      ;
; 6.041 ; melodychime:u_chime|count10us[0]                                                                                                                                        ; video_syncgen:u_vga|cb_rgb_reg[9]                                     ; u_pll|altpll_component|auto_generated|pll1|clk[0] ; u_pll|altpll_component|auto_generated|pll1|clk[0] ; 13.461       ; -0.060     ; 7.355      ;
; 6.063 ; logo_overlay:u_logo|logo_pattern_rom:u_rom|altsyncram:altsyncram_component|altsyncram_79c1:auto_generated|ram_block1a5~porta_address_reg0                               ; logo_overlay:u_logo|pix_out_reg[10]                                   ; u_pll|altpll_component|auto_generated|pll1|clk[0] ; u_pll|altpll_component|auto_generated|pll1|clk[0] ; 13.461       ; -0.389     ; 7.004      ;
; 6.072 ; logo_overlay:u_logo|logo_pattern_rom:u_rom|altsyncram:altsyncram_component|altsyncram_79c1:auto_generated|ram_block1a5~porta_address_reg0                               ; logo_overlay:u_logo|pix_out_reg[18]                                   ; u_pll|altpll_component|auto_generated|pll1|clk[0] ; u_pll|altpll_component|auto_generated|pll1|clk[0] ; 13.461       ; -0.385     ; 6.999      ;
; 6.080 ; logo_overlay:u_logo|logo_pattern_rom:u_rom|altsyncram:altsyncram_component|altsyncram_79c1:auto_generated|ram_block1a5~porta_address_reg0                               ; logo_overlay:u_logo|pix_out_reg[23]                                   ; u_pll|altpll_component|auto_generated|pll1|clk[0] ; u_pll|altpll_component|auto_generated|pll1|clk[0] ; 13.461       ; -0.393     ; 6.983      ;
; 6.118 ; melodychime:u_chime|count10us[0]                                                                                                                                        ; video_syncgen:u_vga|cb_rgb_reg[7]                                     ; u_pll|altpll_component|auto_generated|pll1|clk[0] ; u_pll|altpll_component|auto_generated|pll1|clk[0] ; 13.461       ; -0.057     ; 7.281      ;
; 6.143 ; hdmi_tx:u_tx|hdmi_tx_tmds_encoder_submodule:\gen_enc:2:u|qm_reg[3]                                                                                                      ; hdmi_tx:u_tx|hdmi_tx_tmds_encoder_submodule:\gen_enc:2:u|cnt[2]       ; u_pll|altpll_component|auto_generated|pll1|clk[0] ; u_pll|altpll_component|auto_generated|pll1|clk[0] ; 13.461       ; -0.063     ; 7.250      ;
; 6.150 ; hdmi_tx:u_tx|hdmi_tx_tmds_encoder_submodule:\gen_enc:2:u|qm_reg[3]                                                                                                      ; hdmi_tx:u_tx|hdmi_tx_tmds_encoder_submodule:\gen_enc:2:u|cnt[3]       ; u_pll|altpll_component|auto_generated|pll1|clk[0] ; u_pll|altpll_component|auto_generated|pll1|clk[0] ; 13.461       ; -0.063     ; 7.243      ;
; 6.189 ; logo_overlay:u_logo|logo_pattern_rom:u_rom|altsyncram:altsyncram_component|altsyncram_79c1:auto_generated|ram_block1a6~porta_address_reg0                               ; logo_overlay:u_logo|pix_out_reg[4]                                    ; u_pll|altpll_component|auto_generated|pll1|clk[0] ; u_pll|altpll_component|auto_generated|pll1|clk[0] ; 13.461       ; -0.389     ; 6.878      ;
; 6.191 ; logo_overlay:u_logo|logo_pattern_rom:u_rom|altsyncram:altsyncram_component|altsyncram_79c1:auto_generated|ram_block1a3~porta_address_reg0                               ; logo_overlay:u_logo|pix_out_reg[18]                                   ; u_pll|altpll_component|auto_generated|pll1|clk[0] ; u_pll|altpll_component|auto_generated|pll1|clk[0] ; 13.461       ; -0.386     ; 6.879      ;
; 6.191 ; logo_overlay:u_logo|logo_pattern_rom:u_rom|altsyncram:altsyncram_component|altsyncram_79c1:auto_generated|ram_block1a3~porta_address_reg0                               ; logo_overlay:u_logo|pix_out_reg[10]                                   ; u_pll|altpll_component|auto_generated|pll1|clk[0] ; u_pll|altpll_component|auto_generated|pll1|clk[0] ; 13.461       ; -0.390     ; 6.875      ;
; 6.193 ; logo_overlay:u_logo|logo_pattern_rom:u_rom|altsyncram:altsyncram_component|altsyncram_79c1:auto_generated|ram_block1a3~porta_address_reg0                               ; logo_overlay:u_logo|pix_out_reg[23]                                   ; u_pll|altpll_component|auto_generated|pll1|clk[0] ; u_pll|altpll_component|auto_generated|pll1|clk[0] ; 13.461       ; -0.394     ; 6.869      ;
; 6.209 ; video_syncgen:u_vga|hcount[2]                                                                                                                                           ; video_syncgen:u_vga|cb_rgb_reg[16]                                    ; u_pll|altpll_component|auto_generated|pll1|clk[0] ; u_pll|altpll_component|auto_generated|pll1|clk[0] ; 13.461       ; -0.061     ; 7.186      ;
; 6.214 ; video_syncgen:u_vga|hcount[10]                                                                                                                                          ; video_syncgen:u_vga|cb_rgb_reg[16]                                    ; u_pll|altpll_component|auto_generated|pll1|clk[0] ; u_pll|altpll_component|auto_generated|pll1|clk[0] ; 13.461       ; -0.061     ; 7.181      ;
; 6.219 ; logo_overlay:u_logo|logo_pattern_rom:u_rom|altsyncram:altsyncram_component|altsyncram_79c1:auto_generated|ram_block1a6~porta_address_reg0                               ; logo_overlay:u_logo|pix_out_reg[15]                                   ; u_pll|altpll_component|auto_generated|pll1|clk[0] ; u_pll|altpll_component|auto_generated|pll1|clk[0] ; 13.461       ; -0.389     ; 6.848      ;
; 6.223 ; melodychime:u_chime|count10us[0]                                                                                                                                        ; video_syncgen:u_vga|cb_rgb_reg[19]                                    ; u_pll|altpll_component|auto_generated|pll1|clk[0] ; u_pll|altpll_component|auto_generated|pll1|clk[0] ; 13.461       ; -0.059     ; 7.174      ;
; 6.247 ; logo_overlay:u_logo|logo_pattern_rom:u_rom|altsyncram:altsyncram_component|altsyncram_79c1:auto_generated|ram_block1a5~porta_address_reg0                               ; logo_overlay:u_logo|pix_out_reg[12]                                   ; u_pll|altpll_component|auto_generated|pll1|clk[0] ; u_pll|altpll_component|auto_generated|pll1|clk[0] ; 13.461       ; -0.385     ; 6.824      ;
; 6.269 ; melodychime:u_chime|count10us[0]                                                                                                                                        ; video_syncgen:u_vga|cb_rgb_reg[10]                                    ; u_pll|altpll_component|auto_generated|pll1|clk[0] ; u_pll|altpll_component|auto_generated|pll1|clk[0] ; 13.461       ; -0.059     ; 7.128      ;
; 6.272 ; melodychime:u_chime|count10us[0]                                                                                                                                        ; video_syncgen:u_vga|cb_rgb_reg[14]                                    ; u_pll|altpll_component|auto_generated|pll1|clk[0] ; u_pll|altpll_component|auto_generated|pll1|clk[0] ; 13.461       ; -0.069     ; 7.115      ;
; 6.275 ; video_syncgen:u_vga|hcount[2]                                                                                                                                           ; video_syncgen:u_vga|cb_rgb_reg[3]                                     ; u_pll|altpll_component|auto_generated|pll1|clk[0] ; u_pll|altpll_component|auto_generated|pll1|clk[0] ; 13.461       ; -0.056     ; 7.125      ;
; 6.280 ; video_syncgen:u_vga|hcount[10]                                                                                                                                          ; video_syncgen:u_vga|cb_rgb_reg[3]                                     ; u_pll|altpll_component|auto_generated|pll1|clk[0] ; u_pll|altpll_component|auto_generated|pll1|clk[0] ; 13.461       ; -0.056     ; 7.120      ;
; 6.286 ; video_syncgen:u_vga|hcount[2]                                                                                                                                           ; video_syncgen:u_vga|cb_rgb_reg[6]                                     ; u_pll|altpll_component|auto_generated|pll1|clk[0] ; u_pll|altpll_component|auto_generated|pll1|clk[0] ; 13.461       ; -0.066     ; 7.104      ;
; 6.291 ; video_syncgen:u_vga|hcount[10]                                                                                                                                          ; video_syncgen:u_vga|cb_rgb_reg[6]                                     ; u_pll|altpll_component|auto_generated|pll1|clk[0] ; u_pll|altpll_component|auto_generated|pll1|clk[0] ; 13.461       ; -0.066     ; 7.099      ;
; 6.301 ; hdmi_tx:u_tx|hdmi_tx_tmds_encoder_submodule:\gen_enc:2:u|qm_reg[1]                                                                                                      ; hdmi_tx:u_tx|hdmi_tx_tmds_encoder_submodule:\gen_enc:2:u|cnt[1]       ; u_pll|altpll_component|auto_generated|pll1|clk[0] ; u_pll|altpll_component|auto_generated|pll1|clk[0] ; 13.461       ; -0.059     ; 7.096      ;
; 6.302 ; video_syncgen:u_vga|hcount[4]                                                                                                                                           ; video_syncgen:u_vga|cb_rgb_reg[16]                                    ; u_pll|altpll_component|auto_generated|pll1|clk[0] ; u_pll|altpll_component|auto_generated|pll1|clk[0] ; 13.461       ; -0.061     ; 7.093      ;
; 6.312 ; video_syncgen:u_vga|hcount[9]                                                                                                                                           ; video_syncgen:u_vga|cb_rgb_reg[22]                                    ; u_pll|altpll_component|auto_generated|pll1|clk[0] ; u_pll|altpll_component|auto_generated|pll1|clk[0] ; 13.461       ; -0.057     ; 7.087      ;
; 6.312 ; video_syncgen:u_vga|hcount[9]                                                                                                                                           ; video_syncgen:u_vga|cb_rgb_reg[21]                                    ; u_pll|altpll_component|auto_generated|pll1|clk[0] ; u_pll|altpll_component|auto_generated|pll1|clk[0] ; 13.461       ; -0.057     ; 7.087      ;
; 6.318 ; hdmi_tx:u_tx|hdmi_tx_tmds_encoder_submodule:\gen_enc:2:u|qm_reg[0]                                                                                                      ; hdmi_tx:u_tx|hdmi_tx_tmds_encoder_submodule:\gen_enc:2:u|cnt[1]       ; u_pll|altpll_component|auto_generated|pll1|clk[0] ; u_pll|altpll_component|auto_generated|pll1|clk[0] ; 13.461       ; -0.063     ; 7.075      ;
; 6.320 ; hdmi_tx:u_tx|hdmi_tx_tmds_encoder_submodule:\gen_enc:0:u|qm_reg[5]                                                                                                      ; hdmi_tx:u_tx|hdmi_tx_tmds_encoder_submodule:\gen_enc:0:u|cnt[3]       ; u_pll|altpll_component|auto_generated|pll1|clk[0] ; u_pll|altpll_component|auto_generated|pll1|clk[0] ; 13.461       ; -0.070     ; 7.066      ;
; 6.320 ; video_syncgen:u_vga|hcount[9]                                                                                                                                           ; video_syncgen:u_vga|cb_rgb_reg[13]                                    ; u_pll|altpll_component|auto_generated|pll1|clk[0] ; u_pll|altpll_component|auto_generated|pll1|clk[0] ; 13.461       ; -0.057     ; 7.079      ;
; 6.324 ; hdmi_tx:u_tx|hdmi_tx_tmds_encoder_submodule:\gen_enc:2:u|qm_reg[4]                                                                                                      ; hdmi_tx:u_tx|hdmi_tx_tmds_encoder_submodule:\gen_enc:2:u|cnt[1]       ; u_pll|altpll_component|auto_generated|pll1|clk[0] ; u_pll|altpll_component|auto_generated|pll1|clk[0] ; 13.461       ; -0.059     ; 7.073      ;
; 6.326 ; video_syncgen:u_vga|hcount[6]                                                                                                                                           ; video_syncgen:u_vga|cb_rgb_reg[16]                                    ; u_pll|altpll_component|auto_generated|pll1|clk[0] ; u_pll|altpll_component|auto_generated|pll1|clk[0] ; 13.461       ; -0.060     ; 7.070      ;
; 6.330 ; logo_overlay:u_logo|logo_pattern_rom:u_rom|altsyncram:altsyncram_component|altsyncram_79c1:auto_generated|ram_block1a4~porta_address_reg0                               ; logo_overlay:u_logo|pix_out_reg[4]                                    ; u_pll|altpll_component|auto_generated|pll1|clk[0] ; u_pll|altpll_component|auto_generated|pll1|clk[0] ; 13.461       ; -0.388     ; 6.738      ;
; 6.330 ; melodychime:u_chime|count10us[0]                                                                                                                                        ; video_syncgen:u_vga|cb_rgb_reg[17]                                    ; u_pll|altpll_component|auto_generated|pll1|clk[0] ; u_pll|altpll_component|auto_generated|pll1|clk[0] ; 13.461       ; -0.062     ; 7.064      ;
; 6.336 ; hdmi_tx:u_tx|hdmi_tx_tmds_encoder_submodule:\gen_enc:0:u|qm_reg[4]                                                                                                      ; hdmi_tx:u_tx|hdmi_tx_tmds_encoder_submodule:\gen_enc:0:u|cnt[3]       ; u_pll|altpll_component|auto_generated|pll1|clk[0] ; u_pll|altpll_component|auto_generated|pll1|clk[0] ; 13.461       ; -0.071     ; 7.049      ;
; 6.338 ; hdmi_tx:u_tx|hdmi_tx_tmds_encoder_submodule:\gen_enc:2:u|qm_reg[5]                                                                                                      ; hdmi_tx:u_tx|hdmi_tx_tmds_encoder_submodule:\gen_enc:2:u|cnt[1]       ; u_pll|altpll_component|auto_generated|pll1|clk[0] ; u_pll|altpll_component|auto_generated|pll1|clk[0] ; 13.461       ; -0.063     ; 7.055      ;
; 6.343 ; video_syncgen:u_vga|hcount[4]                                                                                                                                           ; video_syncgen:u_vga|cb_rgb_reg[3]                                     ; u_pll|altpll_component|auto_generated|pll1|clk[0] ; u_pll|altpll_component|auto_generated|pll1|clk[0] ; 13.461       ; -0.056     ; 7.057      ;
; 6.354 ; logo_overlay:u_logo|logo_pattern_rom:u_rom|altsyncram:altsyncram_component|altsyncram_79c1:auto_generated|ram_block1a5~porta_address_reg0                               ; logo_overlay:u_logo|pix_out_reg[7]                                    ; u_pll|altpll_component|auto_generated|pll1|clk[0] ; u_pll|altpll_component|auto_generated|pll1|clk[0] ; 13.461       ; -0.389     ; 6.713      ;
; 6.355 ; hdmi_tx:u_tx|hdmi_tx_tmds_encoder_submodule:\gen_enc:0:u|qm_reg[0]                                                                                                      ; hdmi_tx:u_tx|hdmi_tx_tmds_encoder_submodule:\gen_enc:0:u|cnt[3]       ; u_pll|altpll_component|auto_generated|pll1|clk[0] ; u_pll|altpll_component|auto_generated|pll1|clk[0] ; 13.461       ; -0.071     ; 7.030      ;
; 6.356 ; logo_overlay:u_logo|logo_pattern_rom:u_rom|altsyncram:altsyncram_component|altsyncram_79c1:auto_generated|ram_block1a5~porta_address_reg0                               ; logo_overlay:u_logo|pix_out_reg[11]                                   ; u_pll|altpll_component|auto_generated|pll1|clk[0] ; u_pll|altpll_component|auto_generated|pll1|clk[0] ; 13.461       ; -0.393     ; 6.707      ;
; 6.359 ; logo_overlay:u_logo|logo_pattern_rom:u_rom|altsyncram:altsyncram_component|altsyncram_79c1:auto_generated|ram_block1a5~porta_address_reg0                               ; logo_overlay:u_logo|pix_out_reg[14]                                   ; u_pll|altpll_component|auto_generated|pll1|clk[0] ; u_pll|altpll_component|auto_generated|pll1|clk[0] ; 13.461       ; -0.393     ; 6.704      ;
; 6.369 ; logo_overlay:u_logo|logo_pattern_rom:u_rom|altsyncram:altsyncram_component|altsyncram_79c1:auto_generated|ram_block1a1~porta_address_reg0                               ; logo_overlay:u_logo|pix_out_reg[4]                                    ; u_pll|altpll_component|auto_generated|pll1|clk[0] ; u_pll|altpll_component|auto_generated|pll1|clk[0] ; 13.461       ; -0.397     ; 6.690      ;
; 6.370 ; logo_overlay:u_logo|logo_pattern_rom:u_rom|altsyncram:altsyncram_component|altsyncram_79c1:auto_generated|ram_block1a3~porta_address_reg0                               ; logo_overlay:u_logo|pix_out_reg[12]                                   ; u_pll|altpll_component|auto_generated|pll1|clk[0] ; u_pll|altpll_component|auto_generated|pll1|clk[0] ; 13.461       ; -0.386     ; 6.700      ;
; 6.370 ; melodychime:u_chime|count10us[0]                                                                                                                                        ; video_syncgen:u_vga|cb_rgb_reg[0]                                     ; u_pll|altpll_component|auto_generated|pll1|clk[0] ; u_pll|altpll_component|auto_generated|pll1|clk[0] ; 13.461       ; -0.062     ; 7.024      ;
; 6.370 ; melodychime:u_chime|count10us[0]                                                                                                                                        ; video_syncgen:u_vga|cb_rgb_reg[1]                                     ; u_pll|altpll_component|auto_generated|pll1|clk[0] ; u_pll|altpll_component|auto_generated|pll1|clk[0] ; 13.461       ; -0.067     ; 7.019      ;
; 6.371 ; logo_overlay:u_logo|logo_pattern_rom:u_rom|altsyncram:altsyncram_component|altsyncram_79c1:auto_generated|ram_block1a4~porta_address_reg0                               ; logo_overlay:u_logo|pix_out_reg[15]                                   ; u_pll|altpll_component|auto_generated|pll1|clk[0] ; u_pll|altpll_component|auto_generated|pll1|clk[0] ; 13.461       ; -0.388     ; 6.697      ;
; 6.378 ; video_syncgen:u_vga|hcount[2]                                                                                                                                           ; video_syncgen:u_vga|cb_rgb_reg[20]                                    ; u_pll|altpll_component|auto_generated|pll1|clk[0] ; u_pll|altpll_component|auto_generated|pll1|clk[0] ; 13.461       ; -0.066     ; 7.012      ;
; 6.383 ; video_syncgen:u_vga|hcount[10]                                                                                                                                          ; video_syncgen:u_vga|cb_rgb_reg[20]                                    ; u_pll|altpll_component|auto_generated|pll1|clk[0] ; u_pll|altpll_component|auto_generated|pll1|clk[0] ; 13.461       ; -0.066     ; 7.007      ;
; 6.391 ; video_syncgen:u_vga|hcount[4]                                                                                                                                           ; video_syncgen:u_vga|cb_rgb_reg[6]                                     ; u_pll|altpll_component|auto_generated|pll1|clk[0] ; u_pll|altpll_component|auto_generated|pll1|clk[0] ; 13.461       ; -0.066     ; 6.999      ;
; 6.392 ; video_syncgen:u_vga|hcount[6]                                                                                                                                           ; video_syncgen:u_vga|cb_rgb_reg[3]                                     ; u_pll|altpll_component|auto_generated|pll1|clk[0] ; u_pll|altpll_component|auto_generated|pll1|clk[0] ; 13.461       ; -0.055     ; 7.009      ;
; 6.399 ; logo_overlay:u_logo|logo_pattern_rom:u_rom|altsyncram:altsyncram_component|altsyncram_79c1:auto_generated|ram_block1a1~porta_address_reg0                               ; logo_overlay:u_logo|pix_out_reg[15]                                   ; u_pll|altpll_component|auto_generated|pll1|clk[0] ; u_pll|altpll_component|auto_generated|pll1|clk[0] ; 13.461       ; -0.397     ; 6.660      ;
; 6.402 ; video_syncgen:u_vga|hcount[9]                                                                                                                                           ; video_syncgen:u_vga|cb_rgb_reg[8]                                     ; u_pll|altpll_component|auto_generated|pll1|clk[0] ; u_pll|altpll_component|auto_generated|pll1|clk[0] ; 13.461       ; -0.059     ; 6.995      ;
; 6.403 ; logo_overlay:u_logo|logo_pattern_rom:u_rom|altsyncram:altsyncram_component|altsyncram_79c1:auto_generated|ram_block1a6~porta_address_reg0                               ; logo_overlay:u_logo|pix_out_reg[18]                                   ; u_pll|altpll_component|auto_generated|pll1|clk[0] ; u_pll|altpll_component|auto_generated|pll1|clk[0] ; 13.461       ; -0.386     ; 6.667      ;
; 6.403 ; logo_overlay:u_logo|logo_pattern_rom:u_rom|altsyncram:altsyncram_component|altsyncram_79c1:auto_generated|ram_block1a6~porta_address_reg0                               ; logo_overlay:u_logo|pix_out_reg[10]                                   ; u_pll|altpll_component|auto_generated|pll1|clk[0] ; u_pll|altpll_component|auto_generated|pll1|clk[0] ; 13.461       ; -0.390     ; 6.663      ;
; 6.403 ; video_syncgen:u_vga|hcount[9]                                                                                                                                           ; video_syncgen:u_vga|cb_rgb_reg[9]                                     ; u_pll|altpll_component|auto_generated|pll1|clk[0] ; u_pll|altpll_component|auto_generated|pll1|clk[0] ; 13.461       ; -0.059     ; 6.994      ;
; 6.403 ; video_syncgen:u_vga|hcount[6]                                                                                                                                           ; video_syncgen:u_vga|cb_rgb_reg[6]                                     ; u_pll|altpll_component|auto_generated|pll1|clk[0] ; u_pll|altpll_component|auto_generated|pll1|clk[0] ; 13.461       ; -0.065     ; 6.988      ;
; 6.405 ; logo_overlay:u_logo|logo_pattern_rom:u_rom|altsyncram:altsyncram_component|altsyncram_79c1:auto_generated|ram_block1a6~porta_address_reg0                               ; logo_overlay:u_logo|pix_out_reg[23]                                   ; u_pll|altpll_component|auto_generated|pll1|clk[0] ; u_pll|altpll_component|auto_generated|pll1|clk[0] ; 13.461       ; -0.394     ; 6.657      ;
; 6.409 ; logo_overlay:u_logo|logo_pattern_rom:u_rom|altsyncram:altsyncram_component|altsyncram_79c1:auto_generated|ram_block1a0~porta_address_reg0                               ; logo_overlay:u_logo|pix_out_reg[4]                                    ; u_pll|altpll_component|auto_generated|pll1|clk[0] ; u_pll|altpll_component|auto_generated|pll1|clk[0] ; 13.461       ; -0.381     ; 6.666      ;
; 6.420 ; melodychime:u_chime|count10us[0]                                                                                                                                        ; video_syncgen:u_vga|cb_rgb_reg[22]                                    ; u_pll|altpll_component|auto_generated|pll1|clk[0] ; u_pll|altpll_component|auto_generated|pll1|clk[0] ; 13.461       ; -0.058     ; 6.978      ;
; 6.420 ; melodychime:u_chime|count10us[0]                                                                                                                                        ; video_syncgen:u_vga|cb_rgb_reg[21]                                    ; u_pll|altpll_component|auto_generated|pll1|clk[0] ; u_pll|altpll_component|auto_generated|pll1|clk[0] ; 13.461       ; -0.058     ; 6.978      ;
; 6.421 ; melodychime:u_chime|count10us[0]                                                                                                                                        ; video_syncgen:u_vga|cb_rgb_reg[5]                                     ; u_pll|altpll_component|auto_generated|pll1|clk[0] ; u_pll|altpll_component|auto_generated|pll1|clk[0] ; 13.461       ; -0.059     ; 6.976      ;
; 6.430 ; logo_overlay:u_logo|logo_pattern_rom:u_rom|altsyncram:altsyncram_component|altsyncram_79c1:auto_generated|ram_block1a2~porta_address_reg0                               ; logo_overlay:u_logo|pix_out_reg[4]                                    ; u_pll|altpll_component|auto_generated|pll1|clk[0] ; u_pll|altpll_component|auto_generated|pll1|clk[0] ; 13.461       ; -0.381     ; 6.645      ;
; 6.432 ; hdmi_tx:u_tx|hdmi_tx_tmds_encoder_submodule:\gen_enc:0:u|qm_reg[5]                                                                                                      ; hdmi_tx:u_tx|hdmi_tx_tmds_encoder_submodule:\gen_enc:0:u|cnt[2]       ; u_pll|altpll_component|auto_generated|pll1|clk[0] ; u_pll|altpll_component|auto_generated|pll1|clk[0] ; 13.461       ; -0.070     ; 6.954      ;
; 6.439 ; logo_overlay:u_logo|logo_pattern_rom:u_rom|altsyncram:altsyncram_component|altsyncram_79c1:auto_generated|ram_block1a0~porta_address_reg0                               ; logo_overlay:u_logo|pix_out_reg[15]                                   ; u_pll|altpll_component|auto_generated|pll1|clk[0] ; u_pll|altpll_component|auto_generated|pll1|clk[0] ; 13.461       ; -0.381     ; 6.636      ;
; 6.439 ; video_syncgen:u_vga|hcount[4]                                                                                                                                           ; video_syncgen:u_vga|cb_rgb_reg[20]                                    ; u_pll|altpll_component|auto_generated|pll1|clk[0] ; u_pll|altpll_component|auto_generated|pll1|clk[0] ; 13.461       ; -0.066     ; 6.951      ;
; 6.440 ; video_syncgen:u_vga|hcount[6]                                                                                                                                           ; video_syncgen:u_vga|cb_rgb_reg[22]                                    ; u_pll|altpll_component|auto_generated|pll1|clk[0] ; u_pll|altpll_component|auto_generated|pll1|clk[0] ; 13.461       ; -0.056     ; 6.960      ;
; 6.440 ; video_syncgen:u_vga|hcount[6]                                                                                                                                           ; video_syncgen:u_vga|cb_rgb_reg[21]                                    ; u_pll|altpll_component|auto_generated|pll1|clk[0] ; u_pll|altpll_component|auto_generated|pll1|clk[0] ; 13.461       ; -0.056     ; 6.960      ;
; 6.442 ; hdmi_tx:u_tx|hdmi_tx_audiopacket_submodule:\gen_audio:u_audio|hdmi_tx_scfifo:u_fifo|altsyncram:ram_rtl_0|altsyncram_ctg1:auto_generated|ram_block1a0~portb_address_reg0 ; hdmi_tx:u_tx|hdmi_tx_dataisland_submodule:\gen_data:u_data|sb_reg[55] ; u_pll|altpll_component|auto_generated|pll1|clk[0] ; u_pll|altpll_component|auto_generated|pll1|clk[0] ; 13.461       ; -0.386     ; 6.628      ;
; 6.448 ; video_syncgen:u_vga|hcount[6]                                                                                                                                           ; video_syncgen:u_vga|cb_rgb_reg[13]                                    ; u_pll|altpll_component|auto_generated|pll1|clk[0] ; u_pll|altpll_component|auto_generated|pll1|clk[0] ; 13.461       ; -0.056     ; 6.952      ;
; 6.448 ; hdmi_tx:u_tx|hdmi_tx_tmds_encoder_submodule:\gen_enc:0:u|qm_reg[4]                                                                                                      ; hdmi_tx:u_tx|hdmi_tx_tmds_encoder_submodule:\gen_enc:0:u|cnt[2]       ; u_pll|altpll_component|auto_generated|pll1|clk[0] ; u_pll|altpll_component|auto_generated|pll1|clk[0] ; 13.461       ; -0.071     ; 6.937      ;
; 6.460 ; logo_overlay:u_logo|logo_pattern_rom:u_rom|altsyncram:altsyncram_component|altsyncram_79c1:auto_generated|ram_block1a2~porta_address_reg0                               ; logo_overlay:u_logo|pix_out_reg[15]                                   ; u_pll|altpll_component|auto_generated|pll1|clk[0] ; u_pll|altpll_component|auto_generated|pll1|clk[0] ; 13.461       ; -0.381     ; 6.615      ;
; 6.463 ; hdmi_tx:u_tx|hdmi_tx_tmds_encoder_submodule:\gen_enc:2:u|qm_reg[3]                                                                                                      ; hdmi_tx:u_tx|hdmi_tx_tmds_encoder_submodule:\gen_enc:2:u|cnt[1]       ; u_pll|altpll_component|auto_generated|pll1|clk[0] ; u_pll|altpll_component|auto_generated|pll1|clk[0] ; 13.461       ; -0.063     ; 6.930      ;
; 6.467 ; logo_overlay:u_logo|logo_pattern_rom:u_rom|altsyncram:altsyncram_component|altsyncram_79c1:auto_generated|ram_block1a3~porta_address_reg0                               ; logo_overlay:u_logo|pix_out_reg[7]                                    ; u_pll|altpll_component|auto_generated|pll1|clk[0] ; u_pll|altpll_component|auto_generated|pll1|clk[0] ; 13.461       ; -0.390     ; 6.599      ;
; 6.467 ; hdmi_tx:u_tx|hdmi_tx_tmds_encoder_submodule:\gen_enc:0:u|qm_reg[0]                                                                                                      ; hdmi_tx:u_tx|hdmi_tx_tmds_encoder_submodule:\gen_enc:0:u|cnt[2]       ; u_pll|altpll_component|auto_generated|pll1|clk[0] ; u_pll|altpll_component|auto_generated|pll1|clk[0] ; 13.461       ; -0.071     ; 6.918      ;
; 6.469 ; logo_overlay:u_logo|logo_pattern_rom:u_rom|altsyncram:altsyncram_component|altsyncram_79c1:auto_generated|ram_block1a3~porta_address_reg0                               ; logo_overlay:u_logo|pix_out_reg[11]                                   ; u_pll|altpll_component|auto_generated|pll1|clk[0] ; u_pll|altpll_component|auto_generated|pll1|clk[0] ; 13.461       ; -0.394     ; 6.593      ;
; 6.472 ; logo_overlay:u_logo|logo_pattern_rom:u_rom|altsyncram:altsyncram_component|altsyncram_79c1:auto_generated|ram_block1a3~porta_address_reg0                               ; logo_overlay:u_logo|pix_out_reg[14]                                   ; u_pll|altpll_component|auto_generated|pll1|clk[0] ; u_pll|altpll_component|auto_generated|pll1|clk[0] ; 13.461       ; -0.394     ; 6.590      ;
; 6.472 ; melodychime:u_chime|count10us[0]                                                                                                                                        ; video_syncgen:u_vga|cb_rgb_reg[2]                                     ; u_pll|altpll_component|auto_generated|pll1|clk[0] ; u_pll|altpll_component|auto_generated|pll1|clk[0] ; 13.461       ; -0.059     ; 6.925      ;
; 6.474 ; video_syncgen:u_vga|hcount[3]                                                                                                                                           ; video_syncgen:u_vga|cb_rgb_reg[16]                                    ; u_pll|altpll_component|auto_generated|pll1|clk[0] ; u_pll|altpll_component|auto_generated|pll1|clk[0] ; 13.461       ; -0.061     ; 6.921      ;
; 6.479 ; logo_overlay:u_logo|logo_pattern_rom:u_rom|altsyncram:altsyncram_component|altsyncram_79c1:auto_generated|ram_block1a5~porta_address_reg0                               ; logo_overlay:u_logo|pix_out_reg[17]                                   ; u_pll|altpll_component|auto_generated|pll1|clk[0] ; u_pll|altpll_component|auto_generated|pll1|clk[0] ; 13.461       ; -0.386     ; 6.591      ;
; 6.479 ; logo_overlay:u_logo|logo_pattern_rom:u_rom|altsyncram:altsyncram_component|altsyncram_79c1:auto_generated|ram_block1a5~porta_address_reg0                               ; logo_overlay:u_logo|pix_out_reg[16]                                   ; u_pll|altpll_component|auto_generated|pll1|clk[0] ; u_pll|altpll_component|auto_generated|pll1|clk[0] ; 13.461       ; -0.386     ; 6.591      ;
; 6.481 ; logo_overlay:u_logo|logo_pattern_rom:u_rom|altsyncram:altsyncram_component|altsyncram_79c1:auto_generated|ram_block1a5~porta_address_reg0                               ; logo_overlay:u_logo|pix_out_reg[0]                                    ; u_pll|altpll_component|auto_generated|pll1|clk[0] ; u_pll|altpll_component|auto_generated|pll1|clk[0] ; 13.461       ; -0.386     ; 6.589      ;
; 6.495 ; video_syncgen:u_vga|hcount[6]                                                                                                                                           ; video_syncgen:u_vga|cb_rgb_reg[20]                                    ; u_pll|altpll_component|auto_generated|pll1|clk[0] ; u_pll|altpll_component|auto_generated|pll1|clk[0] ; 13.461       ; -0.065     ; 6.896      ;
; 6.496 ; melodychime:u_chime|count10us[0]                                                                                                                                        ; video_syncgen:u_vga|cb_rgb_reg[13]                                    ; u_pll|altpll_component|auto_generated|pll1|clk[0] ; u_pll|altpll_component|auto_generated|pll1|clk[0] ; 13.461       ; -0.058     ; 6.902      ;
; 6.502 ; logo_overlay:u_logo|logo_pattern_rom:u_rom|altsyncram:altsyncram_component|altsyncram_79c1:auto_generated|ram_block1a5~porta_address_reg0                               ; logo_overlay:u_logo|pix_out_reg[13]                                   ; u_pll|altpll_component|auto_generated|pll1|clk[0] ; u_pll|altpll_component|auto_generated|pll1|clk[0] ; 13.461       ; -0.382     ; 6.572      ;
+-------+-------------------------------------------------------------------------------------------------------------------------------------------------------------------------+-----------------------------------------------------------------------+---------------------------------------------------+---------------------------------------------------+--------------+------------+------------+


+---------------------------------------------------------------------------------------------------------------------------------------------------------------------------------------------------------------------------------------------------------------------------------------------------------------------------------------------------------------------------------------------------------------------------------------------------------------------------+
; Slow 1200mV 85C Model Hold: 'u_pll|altpll_component|auto_generated|pll1|clk[0]'                                                                                                                                                                                                                                                                                                                                                                                           ;
+-------+----------------------------------------------------------------------------------------------------------------------------------------+-------------------------------------------------------------------------------------------------------------------------------------------------------------------------+---------------------------------------------------+---------------------------------------------------+--------------+------------+------------+
; Slack ; From Node                                                                                                                              ; To Node                                                                                                                                                                 ; Launch Clock                                      ; Latch Clock                                       ; Relationship ; Clock Skew ; Data Delay ;
+-------+----------------------------------------------------------------------------------------------------------------------------------------+-------------------------------------------------------------------------------------------------------------------------------------------------------------------------+---------------------------------------------------+---------------------------------------------------+--------------+------------+------------+
; 0.300 ; logo_overlay:u_logo|pix_out_reg[0]                                                                                                     ; hdmi_tx:u_tx|hdmi_tx_delay:\gen_intgen:u_delay|altshift_taps:ram_rtl_0|shift_taps_08m:auto_generated|altsyncram_0i81:altsyncram2|ram_block3a0~porta_datain_reg0         ; u_pll|altpll_component|auto_generated|pll1|clk[0] ; u_pll|altpll_component|auto_generated|pll1|clk[0] ; 0.000        ; 0.385      ; 0.872      ;
; 0.305 ; hdmi_tx:u_tx|hdmi_tx_audiopacket_submodule:\gen_audio:u_audio|hdmi_tx_scfifo:u_fifo|waddr_reg[6]                                       ; hdmi_tx:u_tx|hdmi_tx_audiopacket_submodule:\gen_audio:u_audio|hdmi_tx_scfifo:u_fifo|altsyncram:ram_rtl_0|altsyncram_ctg1:auto_generated|ram_block1a0~porta_address_reg0 ; u_pll|altpll_component|auto_generated|pll1|clk[0] ; u_pll|altpll_component|auto_generated|pll1|clk[0] ; 0.000        ; 0.383      ; 0.875      ;
; 0.310 ; logo_overlay:u_logo|pix_out_reg[15]                                                                                                    ; hdmi_tx:u_tx|hdmi_tx_delay:\gen_intgen:u_delay|altshift_taps:ram_rtl_0|shift_taps_08m:auto_generated|altsyncram_0i81:altsyncram2|ram_block3a0~porta_datain_reg0         ; u_pll|altpll_component|auto_generated|pll1|clk[0] ; u_pll|altpll_component|auto_generated|pll1|clk[0] ; 0.000        ; 0.387      ; 0.884      ;
; 0.324 ; hdmi_tx:u_tx|hdmi_tx_audiopacket_submodule:\gen_audio:u_audio|hdmi_tx_scfifo:u_fifo|waddr_reg[7]                                       ; hdmi_tx:u_tx|hdmi_tx_audiopacket_submodule:\gen_audio:u_audio|hdmi_tx_scfifo:u_fifo|altsyncram:ram_rtl_0|altsyncram_ctg1:auto_generated|ram_block1a0~porta_address_reg0 ; u_pll|altpll_component|auto_generated|pll1|clk[0] ; u_pll|altpll_component|auto_generated|pll1|clk[0] ; 0.000        ; 0.383      ; 0.894      ;
; 0.326 ; hdmi_tx:u_tx|hdmi_tx_audiopacket_submodule:\gen_audio:u_audio|hdmi_tx_scfifo:u_fifo|waddr_reg[3]                                       ; hdmi_tx:u_tx|hdmi_tx_audiopacket_submodule:\gen_audio:u_audio|hdmi_tx_scfifo:u_fifo|altsyncram:ram_rtl_0|altsyncram_ctg1:auto_generated|ram_block1a0~porta_address_reg0 ; u_pll|altpll_component|auto_generated|pll1|clk[0] ; u_pll|altpll_component|auto_generated|pll1|clk[0] ; 0.000        ; 0.383      ; 0.896      ;
; 0.327 ; logo_overlay:u_logo|pix_out_reg[4]                                                                                                     ; hdmi_tx:u_tx|hdmi_tx_delay:\gen_intgen:u_delay|altshift_taps:ram_rtl_0|shift_taps_08m:auto_generated|altsyncram_0i81:altsyncram2|ram_block3a0~porta_datain_reg0         ; u_pll|altpll_component|auto_generated|pll1|clk[0] ; u_pll|altpll_component|auto_generated|pll1|clk[0] ; 0.000        ; 0.387      ; 0.901      ;
; 0.331 ; hdmi_tx:u_tx|hdmi_tx_audiopacket_submodule:\gen_audio:u_audio|hdmi_tx_scfifo:u_fifo|waddr_reg[0]                                       ; hdmi_tx:u_tx|hdmi_tx_audiopacket_submodule:\gen_audio:u_audio|hdmi_tx_scfifo:u_fifo|altsyncram:ram_rtl_0|altsyncram_ctg1:auto_generated|ram_block1a0~porta_address_reg0 ; u_pll|altpll_component|auto_generated|pll1|clk[0] ; u_pll|altpll_component|auto_generated|pll1|clk[0] ; 0.000        ; 0.383      ; 0.901      ;
; 0.333 ; hdmi_tx:u_tx|hdmi_tx_delay:\gen_intgen:u_delay|altshift_taps:ram_rtl_0|shift_taps_08m:auto_generated|cntr_4rf:cntr1|counter_reg_bit[4] ; hdmi_tx:u_tx|hdmi_tx_delay:\gen_intgen:u_delay|altshift_taps:ram_rtl_0|shift_taps_08m:auto_generated|altsyncram_0i81:altsyncram2|ram_block3a0~porta_address_reg0        ; u_pll|altpll_component|auto_generated|pll1|clk[0] ; u_pll|altpll_component|auto_generated|pll1|clk[0] ; 0.000        ; 0.382      ; 0.902      ;
; 0.334 ; hdmi_tx:u_tx|hdmi_tx_delay:\gen_intgen:u_delay|altshift_taps:ram_rtl_0|shift_taps_08m:auto_generated|cntr_4rf:cntr1|counter_reg_bit[4] ; hdmi_tx:u_tx|hdmi_tx_delay:\gen_intgen:u_delay|altshift_taps:ram_rtl_0|shift_taps_08m:auto_generated|altsyncram_0i81:altsyncram2|ram_block3a0~portb_address_reg0        ; u_pll|altpll_component|auto_generated|pll1|clk[0] ; u_pll|altpll_component|auto_generated|pll1|clk[0] ; 0.000        ; 0.382      ; 0.903      ;
; 0.336 ; hdmi_tx:u_tx|hdmi_tx_delay:\gen_intgen:u_delay|altshift_taps:ram_rtl_0|shift_taps_08m:auto_generated|cntr_4rf:cntr1|counter_reg_bit[2] ; hdmi_tx:u_tx|hdmi_tx_delay:\gen_intgen:u_delay|altshift_taps:ram_rtl_0|shift_taps_08m:auto_generated|altsyncram_0i81:altsyncram2|ram_block3a0~porta_address_reg0        ; u_pll|altpll_component|auto_generated|pll1|clk[0] ; u_pll|altpll_component|auto_generated|pll1|clk[0] ; 0.000        ; 0.382      ; 0.905      ;
; 0.337 ; hdmi_tx:u_tx|hdmi_tx_delay:\gen_intgen:u_delay|altshift_taps:ram_rtl_0|shift_taps_08m:auto_generated|cntr_4rf:cntr1|counter_reg_bit[5] ; hdmi_tx:u_tx|hdmi_tx_delay:\gen_intgen:u_delay|altshift_taps:ram_rtl_0|shift_taps_08m:auto_generated|altsyncram_0i81:altsyncram2|ram_block3a0~porta_address_reg0        ; u_pll|altpll_component|auto_generated|pll1|clk[0] ; u_pll|altpll_component|auto_generated|pll1|clk[0] ; 0.000        ; 0.382      ; 0.906      ;
; 0.337 ; hdmi_tx:u_tx|hdmi_tx_delay:\gen_intgen:u_delay|altshift_taps:ram_rtl_0|shift_taps_08m:auto_generated|cntr_4rf:cntr1|counter_reg_bit[2] ; hdmi_tx:u_tx|hdmi_tx_delay:\gen_intgen:u_delay|altshift_taps:ram_rtl_0|shift_taps_08m:auto_generated|altsyncram_0i81:altsyncram2|ram_block3a0~portb_address_reg0        ; u_pll|altpll_component|auto_generated|pll1|clk[0] ; u_pll|altpll_component|auto_generated|pll1|clk[0] ; 0.000        ; 0.382      ; 0.906      ;
; 0.338 ; hdmi_tx:u_tx|hdmi_tx_delay:\gen_intgen:u_delay|altshift_taps:ram_rtl_0|shift_taps_08m:auto_generated|cntr_4rf:cntr1|counter_reg_bit[5] ; hdmi_tx:u_tx|hdmi_tx_delay:\gen_intgen:u_delay|altshift_taps:ram_rtl_0|shift_taps_08m:auto_generated|altsyncram_0i81:altsyncram2|ram_block3a0~portb_address_reg0        ; u_pll|altpll_component|auto_generated|pll1|clk[0] ; u_pll|altpll_component|auto_generated|pll1|clk[0] ; 0.000        ; 0.382      ; 0.907      ;
; 0.338 ; logo_overlay:u_logo|pix_out_reg[16]                                                                                                    ; hdmi_tx:u_tx|hdmi_tx_delay:\gen_intgen:u_delay|altshift_taps:ram_rtl_0|shift_taps_08m:auto_generated|altsyncram_0i81:altsyncram2|ram_block3a0~porta_datain_reg0         ; u_pll|altpll_component|auto_generated|pll1|clk[0] ; u_pll|altpll_component|auto_generated|pll1|clk[0] ; 0.000        ; 0.385      ; 0.910      ;
; 0.339 ; hdmi_tx:u_tx|hdmi_tx_delay:\gen_intgen:u_delay|altshift_taps:ram_rtl_0|shift_taps_08m:auto_generated|cntr_4rf:cntr1|counter_reg_bit[1] ; hdmi_tx:u_tx|hdmi_tx_delay:\gen_intgen:u_delay|altshift_taps:ram_rtl_0|shift_taps_08m:auto_generated|altsyncram_0i81:altsyncram2|ram_block3a0~porta_address_reg0        ; u_pll|altpll_component|auto_generated|pll1|clk[0] ; u_pll|altpll_component|auto_generated|pll1|clk[0] ; 0.000        ; 0.381      ; 0.907      ;
; 0.340 ; hdmi_tx:u_tx|hdmi_tx_delay:\gen_intgen:u_delay|altshift_taps:ram_rtl_0|shift_taps_08m:auto_generated|cntr_4rf:cntr1|counter_reg_bit[1] ; hdmi_tx:u_tx|hdmi_tx_delay:\gen_intgen:u_delay|altshift_taps:ram_rtl_0|shift_taps_08m:auto_generated|altsyncram_0i81:altsyncram2|ram_block3a0~portb_address_reg0        ; u_pll|altpll_component|auto_generated|pll1|clk[0] ; u_pll|altpll_component|auto_generated|pll1|clk[0] ; 0.000        ; 0.381      ; 0.908      ;
; 0.341 ; hdmi_tx:u_tx|hdmi_tx_delay:\gen_intgen:u_delay|altshift_taps:ram_rtl_0|shift_taps_08m:auto_generated|cntr_4rf:cntr1|counter_reg_bit[0] ; hdmi_tx:u_tx|hdmi_tx_delay:\gen_intgen:u_delay|altshift_taps:ram_rtl_0|shift_taps_08m:auto_generated|altsyncram_0i81:altsyncram2|ram_block3a0~porta_address_reg0        ; u_pll|altpll_component|auto_generated|pll1|clk[0] ; u_pll|altpll_component|auto_generated|pll1|clk[0] ; 0.000        ; 0.382      ; 0.910      ;
; 0.342 ; hdmi_tx:u_tx|hdmi_tx_delay:\gen_intgen:u_delay|altshift_taps:ram_rtl_0|shift_taps_08m:auto_generated|cntr_4rf:cntr1|counter_reg_bit[0] ; hdmi_tx:u_tx|hdmi_tx_delay:\gen_intgen:u_delay|altshift_taps:ram_rtl_0|shift_taps_08m:auto_generated|altsyncram_0i81:altsyncram2|ram_block3a0~portb_address_reg0        ; u_pll|altpll_component|auto_generated|pll1|clk[0] ; u_pll|altpll_component|auto_generated|pll1|clk[0] ; 0.000        ; 0.382      ; 0.911      ;
; 0.352 ; hdmi_tx:u_tx|hdmi_tx_delay:\gen_intgen:u_delay|altshift_taps:ram_rtl_0|shift_taps_08m:auto_generated|cntr_4rf:cntr1|counter_reg_bit[3] ; hdmi_tx:u_tx|hdmi_tx_delay:\gen_intgen:u_delay|altshift_taps:ram_rtl_0|shift_taps_08m:auto_generated|altsyncram_0i81:altsyncram2|ram_block3a0~porta_address_reg0        ; u_pll|altpll_component|auto_generated|pll1|clk[0] ; u_pll|altpll_component|auto_generated|pll1|clk[0] ; 0.000        ; 0.382      ; 0.921      ;
; 0.353 ; hdmi_tx:u_tx|hdmi_tx_delay:\gen_intgen:u_delay|altshift_taps:ram_rtl_0|shift_taps_08m:auto_generated|cntr_4rf:cntr1|counter_reg_bit[3] ; hdmi_tx:u_tx|hdmi_tx_delay:\gen_intgen:u_delay|altshift_taps:ram_rtl_0|shift_taps_08m:auto_generated|altsyncram_0i81:altsyncram2|ram_block3a0~portb_address_reg0        ; u_pll|altpll_component|auto_generated|pll1|clk[0] ; u_pll|altpll_component|auto_generated|pll1|clk[0] ; 0.000        ; 0.382      ; 0.922      ;
; 0.357 ; hdmi_tx:u_tx|hdmi_tx_dataisland_submodule:\gen_data:u_data|bch_hb_reg[0]                                                               ; hdmi_tx:u_tx|hdmi_tx_dataisland_submodule:\gen_data:u_data|bch_hb_reg[0]                                                                                                ; u_pll|altpll_component|auto_generated|pll1|clk[0] ; u_pll|altpll_component|auto_generated|pll1|clk[0] ; 0.000        ; 0.063      ; 0.577      ;
; 0.357 ; hdmi_tx:u_tx|hdmi_tx_dataisland_submodule:\gen_data:u_data|hb_reg[23]                                                                  ; hdmi_tx:u_tx|hdmi_tx_dataisland_submodule:\gen_data:u_data|hb_reg[23]                                                                                                   ; u_pll|altpll_component|auto_generated|pll1|clk[0] ; u_pll|altpll_component|auto_generated|pll1|clk[0] ; 0.000        ; 0.063      ; 0.577      ;
; 0.357 ; hdmi_tx:u_tx|hdmi_tx_audiopacket_submodule:\gen_audio:u_audio|marker_reg[2]                                                            ; hdmi_tx:u_tx|hdmi_tx_audiopacket_submodule:\gen_audio:u_audio|marker_reg[2]                                                                                             ; u_pll|altpll_component|auto_generated|pll1|clk[0] ; u_pll|altpll_component|auto_generated|pll1|clk[0] ; 0.000        ; 0.063      ; 0.577      ;
; 0.357 ; hdmi_tx:u_tx|hdmi_tx_audiopacket_submodule:\gen_audio:u_audio|marker_reg[3]                                                            ; hdmi_tx:u_tx|hdmi_tx_audiopacket_submodule:\gen_audio:u_audio|marker_reg[3]                                                                                             ; u_pll|altpll_component|auto_generated|pll1|clk[0] ; u_pll|altpll_component|auto_generated|pll1|clk[0] ; 0.000        ; 0.063      ; 0.577      ;
; 0.357 ; hdmi_tx:u_tx|hdmi_tx_audiopacket_submodule:\gen_audio:u_audio|marker_reg[1]                                                            ; hdmi_tx:u_tx|hdmi_tx_audiopacket_submodule:\gen_audio:u_audio|marker_reg[1]                                                                                             ; u_pll|altpll_component|auto_generated|pll1|clk[0] ; u_pll|altpll_component|auto_generated|pll1|clk[0] ; 0.000        ; 0.063      ; 0.577      ;
; 0.357 ; hdmi_tx:u_tx|hdmi_tx_audiopacket_submodule:\gen_audio:u_audio|marker_reg[0]                                                            ; hdmi_tx:u_tx|hdmi_tx_audiopacket_submodule:\gen_audio:u_audio|marker_reg[0]                                                                                             ; u_pll|altpll_component|auto_generated|pll1|clk[0] ; u_pll|altpll_component|auto_generated|pll1|clk[0] ; 0.000        ; 0.063      ; 0.577      ;
; 0.357 ; melodychime:u_chime|melodychime_sg:u_sg0|note_reg                                                                                      ; melodychime:u_chime|melodychime_sg:u_sg0|note_reg                                                                                                                       ; u_pll|altpll_component|auto_generated|pll1|clk[0] ; u_pll|altpll_component|auto_generated|pll1|clk[0] ; 0.000        ; 0.063      ; 0.577      ;
; 0.357 ; hdmi_tx:u_tx|hdmi_tx_infopacket_submodule:\gen_info:u_info|pcmena_reg                                                                  ; hdmi_tx:u_tx|hdmi_tx_infopacket_submodule:\gen_info:u_info|pcmena_reg                                                                                                   ; u_pll|altpll_component|auto_generated|pll1|clk[0] ; u_pll|altpll_component|auto_generated|pll1|clk[0] ; 0.000        ; 0.063      ; 0.577      ;
; 0.357 ; hdmi_tx:u_tx|hdmi_tx_audiopacket_submodule:\gen_audio:u_audio|readack_reg                                                              ; hdmi_tx:u_tx|hdmi_tx_audiopacket_submodule:\gen_audio:u_audio|readack_reg                                                                                               ; u_pll|altpll_component|auto_generated|pll1|clk[0] ; u_pll|altpll_component|auto_generated|pll1|clk[0] ; 0.000        ; 0.063      ; 0.577      ;
; 0.357 ; fs_timing_reg                                                                                                                          ; fs_timing_reg                                                                                                                                                           ; u_pll|altpll_component|auto_generated|pll1|clk[0] ; u_pll|altpll_component|auto_generated|pll1|clk[0] ; 0.000        ; 0.063      ; 0.577      ;
; 0.357 ; video_syncgen:u_vga|cb_rgb_reg[5]                                                                                                      ; video_syncgen:u_vga|cb_rgb_reg[5]                                                                                                                                       ; u_pll|altpll_component|auto_generated|pll1|clk[0] ; u_pll|altpll_component|auto_generated|pll1|clk[0] ; 0.000        ; 0.063      ; 0.577      ;
; 0.357 ; video_syncgen:u_vga|cb_rgb_reg[2]                                                                                                      ; video_syncgen:u_vga|cb_rgb_reg[2]                                                                                                                                       ; u_pll|altpll_component|auto_generated|pll1|clk[0] ; u_pll|altpll_component|auto_generated|pll1|clk[0] ; 0.000        ; 0.063      ; 0.577      ;
; 0.357 ; video_syncgen:u_vga|cb_rgb_reg[8]                                                                                                      ; video_syncgen:u_vga|cb_rgb_reg[8]                                                                                                                                       ; u_pll|altpll_component|auto_generated|pll1|clk[0] ; u_pll|altpll_component|auto_generated|pll1|clk[0] ; 0.000        ; 0.063      ; 0.577      ;
; 0.357 ; video_syncgen:u_vga|cb_rgb_reg[9]                                                                                                      ; video_syncgen:u_vga|cb_rgb_reg[9]                                                                                                                                       ; u_pll|altpll_component|auto_generated|pll1|clk[0] ; u_pll|altpll_component|auto_generated|pll1|clk[0] ; 0.000        ; 0.063      ; 0.577      ;
; 0.357 ; logo_overlay:u_logo|x_enable_reg                                                                                                       ; logo_overlay:u_logo|x_enable_reg                                                                                                                                        ; u_pll|altpll_component|auto_generated|pll1|clk[0] ; u_pll|altpll_component|auto_generated|pll1|clk[0] ; 0.000        ; 0.063      ; 0.577      ;
; 0.358 ; hdmi_tx:u_tx|request_reg                                                                                                               ; hdmi_tx:u_tx|request_reg                                                                                                                                                ; u_pll|altpll_component|auto_generated|pll1|clk[0] ; u_pll|altpll_component|auto_generated|pll1|clk[0] ; 0.000        ; 0.062      ; 0.577      ;
; 0.358 ; hdmi_tx:u_tx|hdmi_tx_audiopacket_submodule:\gen_audio:u_audio|hdmi_tx_scfifo:u_fifo|waddr_reg[0]                                       ; hdmi_tx:u_tx|hdmi_tx_audiopacket_submodule:\gen_audio:u_audio|hdmi_tx_scfifo:u_fifo|waddr_reg[0]                                                                        ; u_pll|altpll_component|auto_generated|pll1|clk[0] ; u_pll|altpll_component|auto_generated|pll1|clk[0] ; 0.000        ; 0.062      ; 0.577      ;
; 0.358 ; hdmi_tx:u_tx|hdmi_tx_audiopacket_submodule:\gen_audio:u_audio|pl_bit_reg                                                               ; hdmi_tx:u_tx|hdmi_tx_audiopacket_submodule:\gen_audio:u_audio|pl_bit_reg                                                                                                ; u_pll|altpll_component|auto_generated|pll1|clk[0] ; u_pll|altpll_component|auto_generated|pll1|clk[0] ; 0.000        ; 0.062      ; 0.577      ;
; 0.358 ; hdmi_tx:u_tx|hdmi_tx_audiopacket_submodule:\gen_audio:u_audio|cl_bit_reg                                                               ; hdmi_tx:u_tx|hdmi_tx_audiopacket_submodule:\gen_audio:u_audio|cl_bit_reg                                                                                                ; u_pll|altpll_component|auto_generated|pll1|clk[0] ; u_pll|altpll_component|auto_generated|pll1|clk[0] ; 0.000        ; 0.062      ; 0.577      ;
; 0.358 ; hdmi_tx:u_tx|hdmi_tx_audiopacket_submodule:\gen_audio:u_audio|pr_bit_reg                                                               ; hdmi_tx:u_tx|hdmi_tx_audiopacket_submodule:\gen_audio:u_audio|pr_bit_reg                                                                                                ; u_pll|altpll_component|auto_generated|pll1|clk[0] ; u_pll|altpll_component|auto_generated|pll1|clk[0] ; 0.000        ; 0.062      ; 0.577      ;
; 0.358 ; hdmi_tx:u_tx|hdmi_tx_audiopacket_submodule:\gen_audio:u_audio|cr_bit_reg                                                               ; hdmi_tx:u_tx|hdmi_tx_audiopacket_submodule:\gen_audio:u_audio|cr_bit_reg                                                                                                ; u_pll|altpll_component|auto_generated|pll1|clk[0] ; u_pll|altpll_component|auto_generated|pll1|clk[0] ; 0.000        ; 0.062      ; 0.577      ;
; 0.358 ; melodychime:u_chime|melodychime_sg:u_sg1|note_reg                                                                                      ; melodychime:u_chime|melodychime_sg:u_sg1|note_reg                                                                                                                       ; u_pll|altpll_component|auto_generated|pll1|clk[0] ; u_pll|altpll_component|auto_generated|pll1|clk[0] ; 0.000        ; 0.062      ; 0.577      ;
; 0.358 ; melodychime:u_chime|melodychime_sg:u_sg1|sqwave_reg                                                                                    ; melodychime:u_chime|melodychime_sg:u_sg1|sqwave_reg                                                                                                                     ; u_pll|altpll_component|auto_generated|pll1|clk[0] ; u_pll|altpll_component|auto_generated|pll1|clk[0] ; 0.000        ; 0.062      ; 0.577      ;
; 0.358 ; melodychime:u_chime|melodychime_sg:u_sg0|sqwave_reg                                                                                    ; melodychime:u_chime|melodychime_sg:u_sg0|sqwave_reg                                                                                                                     ; u_pll|altpll_component|auto_generated|pll1|clk[0] ; u_pll|altpll_component|auto_generated|pll1|clk[0] ; 0.000        ; 0.062      ; 0.577      ;
; 0.358 ; melodychime:u_chime|melodychime_seq:u_seq|slot_reg                                                                                     ; melodychime:u_chime|melodychime_seq:u_seq|slot_reg                                                                                                                      ; u_pll|altpll_component|auto_generated|pll1|clk[0] ; u_pll|altpll_component|auto_generated|pll1|clk[0] ; 0.000        ; 0.062      ; 0.577      ;
; 0.358 ; melodychime:u_chime|melodychime_seq:u_seq|play_reg                                                                                     ; melodychime:u_chime|melodychime_seq:u_seq|play_reg                                                                                                                      ; u_pll|altpll_component|auto_generated|pll1|clk[0] ; u_pll|altpll_component|auto_generated|pll1|clk[0] ; 0.000        ; 0.062      ; 0.577      ;
; 0.358 ; melodychime:u_chime|melodychime_seq:u_seq|start_reg                                                                                    ; melodychime:u_chime|melodychime_seq:u_seq|start_reg                                                                                                                     ; u_pll|altpll_component|auto_generated|pll1|clk[0] ; u_pll|altpll_component|auto_generated|pll1|clk[0] ; 0.000        ; 0.062      ; 0.577      ;
; 0.358 ; melodychime:u_chime|melodychime_seq:u_seq|tempocount[0]                                                                                ; melodychime:u_chime|melodychime_seq:u_seq|tempocount[0]                                                                                                                 ; u_pll|altpll_component|auto_generated|pll1|clk[0] ; u_pll|altpll_component|auto_generated|pll1|clk[0] ; 0.000        ; 0.062      ; 0.577      ;
; 0.358 ; hdmi_tx:u_tx|hdmi_tx_dataisland_submodule:\gen_data:u_data|counter_reg[2]                                                              ; hdmi_tx:u_tx|hdmi_tx_dataisland_submodule:\gen_data:u_data|counter_reg[2]                                                                                               ; u_pll|altpll_component|auto_generated|pll1|clk[0] ; u_pll|altpll_component|auto_generated|pll1|clk[0] ; 0.000        ; 0.062      ; 0.577      ;
; 0.358 ; hdmi_tx:u_tx|hdmi_tx_dataisland_submodule:\gen_data:u_data|counter_reg[0]                                                              ; hdmi_tx:u_tx|hdmi_tx_dataisland_submodule:\gen_data:u_data|counter_reg[0]                                                                                               ; u_pll|altpll_component|auto_generated|pll1|clk[0] ; u_pll|altpll_component|auto_generated|pll1|clk[0] ; 0.000        ; 0.062      ; 0.577      ;
; 0.358 ; hdmi_tx:u_tx|hdmi_tx_dataisland_submodule:\gen_data:u_data|counter_reg[4]                                                              ; hdmi_tx:u_tx|hdmi_tx_dataisland_submodule:\gen_data:u_data|counter_reg[4]                                                                                               ; u_pll|altpll_component|auto_generated|pll1|clk[0] ; u_pll|altpll_component|auto_generated|pll1|clk[0] ; 0.000        ; 0.062      ; 0.577      ;
; 0.358 ; hdmi_tx:u_tx|hdmi_tx_dataisland_submodule:\gen_data:u_data|counter_reg[1]                                                              ; hdmi_tx:u_tx|hdmi_tx_dataisland_submodule:\gen_data:u_data|counter_reg[1]                                                                                               ; u_pll|altpll_component|auto_generated|pll1|clk[0] ; u_pll|altpll_component|auto_generated|pll1|clk[0] ; 0.000        ; 0.062      ; 0.577      ;
; 0.358 ; hdmi_tx:u_tx|hdmi_tx_audiopacket_submodule:\gen_audio:u_audio|datacounter_reg[0]                                                       ; hdmi_tx:u_tx|hdmi_tx_audiopacket_submodule:\gen_audio:u_audio|datacounter_reg[0]                                                                                        ; u_pll|altpll_component|auto_generated|pll1|clk[0] ; u_pll|altpll_component|auto_generated|pll1|clk[0] ; 0.000        ; 0.062      ; 0.577      ;
; 0.358 ; hdmi_tx:u_tx|hdmi_tx_infopacket_submodule:\gen_info:u_info|counter_reg[5]                                                              ; hdmi_tx:u_tx|hdmi_tx_infopacket_submodule:\gen_info:u_info|counter_reg[5]                                                                                               ; u_pll|altpll_component|auto_generated|pll1|clk[0] ; u_pll|altpll_component|auto_generated|pll1|clk[0] ; 0.000        ; 0.062      ; 0.577      ;
; 0.358 ; hdmi_tx:u_tx|hdmi_tx_infopacket_submodule:\gen_info:u_info|counter_reg[6]                                                              ; hdmi_tx:u_tx|hdmi_tx_infopacket_submodule:\gen_info:u_info|counter_reg[6]                                                                                               ; u_pll|altpll_component|auto_generated|pll1|clk[0] ; u_pll|altpll_component|auto_generated|pll1|clk[0] ; 0.000        ; 0.062      ; 0.577      ;
; 0.358 ; hdmi_tx:u_tx|hdmi_tx_infopacket_submodule:\gen_info:u_info|valid_reg                                                                   ; hdmi_tx:u_tx|hdmi_tx_infopacket_submodule:\gen_info:u_info|valid_reg                                                                                                    ; u_pll|altpll_component|auto_generated|pll1|clk[0] ; u_pll|altpll_component|auto_generated|pll1|clk[0] ; 0.000        ; 0.062      ; 0.577      ;
; 0.358 ; hdmi_tx:u_tx|hdmi_tx_audiopacket_submodule:\gen_audio:u_audio|bytecounter_reg[2]                                                       ; hdmi_tx:u_tx|hdmi_tx_audiopacket_submodule:\gen_audio:u_audio|bytecounter_reg[2]                                                                                        ; u_pll|altpll_component|auto_generated|pll1|clk[0] ; u_pll|altpll_component|auto_generated|pll1|clk[0] ; 0.000        ; 0.062      ; 0.577      ;
; 0.358 ; hdmi_tx:u_tx|hdmi_tx_audiopacket_submodule:\gen_audio:u_audio|bytecounter_reg[1]                                                       ; hdmi_tx:u_tx|hdmi_tx_audiopacket_submodule:\gen_audio:u_audio|bytecounter_reg[1]                                                                                        ; u_pll|altpll_component|auto_generated|pll1|clk[0] ; u_pll|altpll_component|auto_generated|pll1|clk[0] ; 0.000        ; 0.062      ; 0.577      ;
; 0.358 ; video_syncgen:u_vga|cb_rgb_reg[4]                                                                                                      ; video_syncgen:u_vga|cb_rgb_reg[4]                                                                                                                                       ; u_pll|altpll_component|auto_generated|pll1|clk[0] ; u_pll|altpll_component|auto_generated|pll1|clk[0] ; 0.000        ; 0.062      ; 0.577      ;
; 0.358 ; video_syncgen:u_vga|cb_rgb_reg[7]                                                                                                      ; video_syncgen:u_vga|cb_rgb_reg[7]                                                                                                                                       ; u_pll|altpll_component|auto_generated|pll1|clk[0] ; u_pll|altpll_component|auto_generated|pll1|clk[0] ; 0.000        ; 0.062      ; 0.577      ;
; 0.358 ; video_syncgen:u_vga|cb_rgb_reg[15]                                                                                                     ; video_syncgen:u_vga|cb_rgb_reg[15]                                                                                                                                      ; u_pll|altpll_component|auto_generated|pll1|clk[0] ; u_pll|altpll_component|auto_generated|pll1|clk[0] ; 0.000        ; 0.062      ; 0.577      ;
; 0.358 ; video_syncgen:u_vga|cb_rgb_reg[16]                                                                                                     ; video_syncgen:u_vga|cb_rgb_reg[16]                                                                                                                                      ; u_pll|altpll_component|auto_generated|pll1|clk[0] ; u_pll|altpll_component|auto_generated|pll1|clk[0] ; 0.000        ; 0.062      ; 0.577      ;
; 0.358 ; video_syncgen:u_vga|cb_rgb_reg[17]                                                                                                     ; video_syncgen:u_vga|cb_rgb_reg[17]                                                                                                                                      ; u_pll|altpll_component|auto_generated|pll1|clk[0] ; u_pll|altpll_component|auto_generated|pll1|clk[0] ; 0.000        ; 0.062      ; 0.577      ;
; 0.358 ; video_syncgen:u_vga|cb_rgb_reg[18]                                                                                                     ; video_syncgen:u_vga|cb_rgb_reg[18]                                                                                                                                      ; u_pll|altpll_component|auto_generated|pll1|clk[0] ; u_pll|altpll_component|auto_generated|pll1|clk[0] ; 0.000        ; 0.062      ; 0.577      ;
; 0.358 ; logo_overlay:u_logo|y_enable_reg                                                                                                       ; logo_overlay:u_logo|y_enable_reg                                                                                                                                        ; u_pll|altpll_component|auto_generated|pll1|clk[0] ; u_pll|altpll_component|auto_generated|pll1|clk[0] ; 0.000        ; 0.062      ; 0.577      ;
; 0.358 ; logo_overlay:u_logo|vec_y_reg                                                                                                          ; logo_overlay:u_logo|vec_y_reg                                                                                                                                           ; u_pll|altpll_component|auto_generated|pll1|clk[0] ; u_pll|altpll_component|auto_generated|pll1|clk[0] ; 0.000        ; 0.062      ; 0.577      ;
; 0.358 ; video_syncgen:u_vga|hsync_reg                                                                                                          ; video_syncgen:u_vga|hsync_reg                                                                                                                                           ; u_pll|altpll_component|auto_generated|pll1|clk[0] ; u_pll|altpll_component|auto_generated|pll1|clk[0] ; 0.000        ; 0.062      ; 0.577      ;
; 0.358 ; video_syncgen:u_vga|vsync_reg                                                                                                          ; video_syncgen:u_vga|vsync_reg                                                                                                                                           ; u_pll|altpll_component|auto_generated|pll1|clk[0] ; u_pll|altpll_component|auto_generated|pll1|clk[0] ; 0.000        ; 0.062      ; 0.577      ;
; 0.358 ; video_syncgen:u_vga|cb_rgb_reg[23]                                                                                                     ; video_syncgen:u_vga|cb_rgb_reg[23]                                                                                                                                      ; u_pll|altpll_component|auto_generated|pll1|clk[0] ; u_pll|altpll_component|auto_generated|pll1|clk[0] ; 0.000        ; 0.062      ; 0.577      ;
; 0.358 ; video_syncgen:u_vga|areastate.RIGHTBAND4                                                                                               ; video_syncgen:u_vga|areastate.RIGHTBAND4                                                                                                                                ; u_pll|altpll_component|auto_generated|pll1|clk[0] ; u_pll|altpll_component|auto_generated|pll1|clk[0] ; 0.000        ; 0.062      ; 0.577      ;
; 0.358 ; video_syncgen:u_vga|areastate.LEFTBAND5                                                                                                ; video_syncgen:u_vga|areastate.LEFTBAND5                                                                                                                                 ; u_pll|altpll_component|auto_generated|pll1|clk[0] ; u_pll|altpll_component|auto_generated|pll1|clk[0] ; 0.000        ; 0.062      ; 0.577      ;
; 0.358 ; video_syncgen:u_vga|areastate.LEFTBAND4                                                                                                ; video_syncgen:u_vga|areastate.LEFTBAND4                                                                                                                                 ; u_pll|altpll_component|auto_generated|pll1|clk[0] ; u_pll|altpll_component|auto_generated|pll1|clk[0] ; 0.000        ; 0.062      ; 0.577      ;
; 0.358 ; video_syncgen:u_vga|areastate.MAGENTA                                                                                                  ; video_syncgen:u_vga|areastate.MAGENTA                                                                                                                                   ; u_pll|altpll_component|auto_generated|pll1|clk[0] ; u_pll|altpll_component|auto_generated|pll1|clk[0] ; 0.000        ; 0.062      ; 0.577      ;
; 0.358 ; video_syncgen:u_vga|areastate.GREEN                                                                                                    ; video_syncgen:u_vga|areastate.GREEN                                                                                                                                     ; u_pll|altpll_component|auto_generated|pll1|clk[0] ; u_pll|altpll_component|auto_generated|pll1|clk[0] ; 0.000        ; 0.062      ; 0.577      ;
; 0.358 ; video_syncgen:u_vga|areastate.CYAN                                                                                                     ; video_syncgen:u_vga|areastate.CYAN                                                                                                                                      ; u_pll|altpll_component|auto_generated|pll1|clk[0] ; u_pll|altpll_component|auto_generated|pll1|clk[0] ; 0.000        ; 0.062      ; 0.577      ;
; 0.358 ; video_syncgen:u_vga|areastate.RED                                                                                                      ; video_syncgen:u_vga|areastate.RED                                                                                                                                       ; u_pll|altpll_component|auto_generated|pll1|clk[0] ; u_pll|altpll_component|auto_generated|pll1|clk[0] ; 0.000        ; 0.062      ; 0.577      ;
; 0.358 ; video_syncgen:u_vga|areastate.REDLAMP                                                                                                  ; video_syncgen:u_vga|areastate.REDLAMP                                                                                                                                   ; u_pll|altpll_component|auto_generated|pll1|clk[0] ; u_pll|altpll_component|auto_generated|pll1|clk[0] ; 0.000        ; 0.062      ; 0.577      ;
; 0.358 ; video_syncgen:u_vga|areastate.LEFTBAND3                                                                                                ; video_syncgen:u_vga|areastate.LEFTBAND3                                                                                                                                 ; u_pll|altpll_component|auto_generated|pll1|clk[0] ; u_pll|altpll_component|auto_generated|pll1|clk[0] ; 0.000        ; 0.062      ; 0.577      ;
; 0.358 ; video_syncgen:u_vga|areastate.WHITELAMP                                                                                                ; video_syncgen:u_vga|areastate.WHITELAMP                                                                                                                                 ; u_pll|altpll_component|auto_generated|pll1|clk[0] ; u_pll|altpll_component|auto_generated|pll1|clk[0] ; 0.000        ; 0.062      ; 0.577      ;
; 0.358 ; video_syncgen:u_vga|areastate.LEFTBAND2                                                                                                ; video_syncgen:u_vga|areastate.LEFTBAND2                                                                                                                                 ; u_pll|altpll_component|auto_generated|pll1|clk[0] ; u_pll|altpll_component|auto_generated|pll1|clk[0] ; 0.000        ; 0.062      ; 0.577      ;
; 0.358 ; video_syncgen:u_vga|areastate.RIGHTBAND2                                                                                               ; video_syncgen:u_vga|areastate.RIGHTBAND2                                                                                                                                ; u_pll|altpll_component|auto_generated|pll1|clk[0] ; u_pll|altpll_component|auto_generated|pll1|clk[0] ; 0.000        ; 0.062      ; 0.577      ;
; 0.358 ; video_syncgen:u_vga|areastate.GRAY                                                                                                     ; video_syncgen:u_vga|areastate.GRAY                                                                                                                                      ; u_pll|altpll_component|auto_generated|pll1|clk[0] ; u_pll|altpll_component|auto_generated|pll1|clk[0] ; 0.000        ; 0.062      ; 0.577      ;
; 0.358 ; video_syncgen:u_vga|areastate.RIGHTBAND1                                                                                               ; video_syncgen:u_vga|areastate.RIGHTBAND1                                                                                                                                ; u_pll|altpll_component|auto_generated|pll1|clk[0] ; u_pll|altpll_component|auto_generated|pll1|clk[0] ; 0.000        ; 0.062      ; 0.577      ;
; 0.358 ; video_syncgen:u_vga|areastate.LEFTBAND1                                                                                                ; video_syncgen:u_vga|areastate.LEFTBAND1                                                                                                                                 ; u_pll|altpll_component|auto_generated|pll1|clk[0] ; u_pll|altpll_component|auto_generated|pll1|clk[0] ; 0.000        ; 0.062      ; 0.577      ;
; 0.358 ; video_syncgen:u_vga|areastate.BLUE                                                                                                     ; video_syncgen:u_vga|areastate.BLUE                                                                                                                                      ; u_pll|altpll_component|auto_generated|pll1|clk[0] ; u_pll|altpll_component|auto_generated|pll1|clk[0] ; 0.000        ; 0.062      ; 0.577      ;
; 0.358 ; video_syncgen:u_vga|areastate.RIGHTBAND6                                                                                               ; video_syncgen:u_vga|areastate.RIGHTBAND6                                                                                                                                ; u_pll|altpll_component|auto_generated|pll1|clk[0] ; u_pll|altpll_component|auto_generated|pll1|clk[0] ; 0.000        ; 0.062      ; 0.577      ;
; 0.358 ; video_syncgen:u_vga|areastate.LEFTBAND6                                                                                                ; video_syncgen:u_vga|areastate.LEFTBAND6                                                                                                                                 ; u_pll|altpll_component|auto_generated|pll1|clk[0] ; u_pll|altpll_component|auto_generated|pll1|clk[0] ; 0.000        ; 0.062      ; 0.577      ;
; 0.358 ; video_syncgen:u_vga|areastate.BLUELAMP                                                                                                 ; video_syncgen:u_vga|areastate.BLUELAMP                                                                                                                                  ; u_pll|altpll_component|auto_generated|pll1|clk[0] ; u_pll|altpll_component|auto_generated|pll1|clk[0] ; 0.000        ; 0.062      ; 0.577      ;
; 0.358 ; video_syncgen:u_vga|areastate.RIGHTBAND5                                                                                               ; video_syncgen:u_vga|areastate.RIGHTBAND5                                                                                                                                ; u_pll|altpll_component|auto_generated|pll1|clk[0] ; u_pll|altpll_component|auto_generated|pll1|clk[0] ; 0.000        ; 0.062      ; 0.577      ;
; 0.358 ; video_syncgen:u_vga|areastate.GREENLAMP                                                                                                ; video_syncgen:u_vga|areastate.GREENLAMP                                                                                                                                 ; u_pll|altpll_component|auto_generated|pll1|clk[0] ; u_pll|altpll_component|auto_generated|pll1|clk[0] ; 0.000        ; 0.062      ; 0.577      ;
; 0.358 ; video_syncgen:u_vga|request_reg                                                                                                        ; video_syncgen:u_vga|request_reg                                                                                                                                         ; u_pll|altpll_component|auto_generated|pll1|clk[0] ; u_pll|altpll_component|auto_generated|pll1|clk[0] ; 0.000        ; 0.062      ; 0.577      ;
; 0.358 ; video_syncgen:u_vga|hblank_reg                                                                                                         ; video_syncgen:u_vga|hblank_reg                                                                                                                                          ; u_pll|altpll_component|auto_generated|pll1|clk[0] ; u_pll|altpll_component|auto_generated|pll1|clk[0] ; 0.000        ; 0.062      ; 0.577      ;
; 0.358 ; video_syncgen:u_vga|vblank_reg                                                                                                         ; video_syncgen:u_vga|vblank_reg                                                                                                                                          ; u_pll|altpll_component|auto_generated|pll1|clk[0] ; u_pll|altpll_component|auto_generated|pll1|clk[0] ; 0.000        ; 0.062      ; 0.577      ;
; 0.361 ; hdmi_tx:u_tx|hdmi_tx_infopacket_submodule:\gen_info:u_info|infosel_reg                                                                 ; hdmi_tx:u_tx|hdmi_tx_infopacket_submodule:\gen_info:u_info|infosel_reg                                                                                                  ; u_pll|altpll_component|auto_generated|pll1|clk[0] ; u_pll|altpll_component|auto_generated|pll1|clk[0] ; 0.000        ; 0.062      ; 0.580      ;
; 0.361 ; melodychime:u_chime|tempo_led_reg                                                                                                      ; melodychime:u_chime|tempo_led_reg                                                                                                                                       ; u_pll|altpll_component|auto_generated|pll1|clk[0] ; u_pll|altpll_component|auto_generated|pll1|clk[0] ; 0.000        ; 0.062      ; 0.580      ;
; 0.361 ; ms_counter_reg[0]                                                                                                                      ; ms_counter_reg[0]                                                                                                                                                       ; u_pll|altpll_component|auto_generated|pll1|clk[0] ; u_pll|altpll_component|auto_generated|pll1|clk[0] ; 0.000        ; 0.062      ; 0.580      ;
; 0.370 ; hdmi_tx:u_tx|hdmi_tx_dataisland_submodule:\gen_data:u_data|bch_hb_reg[2]                                                               ; hdmi_tx:u_tx|hdmi_tx_dataisland_submodule:\gen_data:u_data|bch_hb_reg[1]                                                                                                ; u_pll|altpll_component|auto_generated|pll1|clk[0] ; u_pll|altpll_component|auto_generated|pll1|clk[0] ; 0.000        ; 0.063      ; 0.590      ;
; 0.371 ; logo_overlay:u_logo|delay_pix0_reg[19]                                                                                                 ; logo_overlay:u_logo|pix_out_reg[19]                                                                                                                                     ; u_pll|altpll_component|auto_generated|pll1|clk[0] ; u_pll|altpll_component|auto_generated|pll1|clk[0] ; 0.000        ; 0.063      ; 0.591      ;
; 0.371 ; video_syncgen:u_vga|hsync_reg                                                                                                          ; logo_overlay:u_logo|delay_hs_reg[0]                                                                                                                                     ; u_pll|altpll_component|auto_generated|pll1|clk[0] ; u_pll|altpll_component|auto_generated|pll1|clk[0] ; 0.000        ; 0.062      ; 0.590      ;
; 0.371 ; hdmi_tx:u_tx|active_reg[12]                                                                                                            ; hdmi_tx:u_tx|active_reg[11]                                                                                                                                             ; u_pll|altpll_component|auto_generated|pll1|clk[0] ; u_pll|altpll_component|auto_generated|pll1|clk[0] ; 0.000        ; 0.063      ; 0.591      ;
+-------+----------------------------------------------------------------------------------------------------------------------------------------+-------------------------------------------------------------------------------------------------------------------------------------------------------------------------+---------------------------------------------------+---------------------------------------------------+--------------+------------+------------+


+-------------------------------------------------------------------------------------------------------------------------------------------------------------------------------------------------------------------------------------------------------------------------------------------------------------------------------------+
; Slow 1200mV 85C Model Hold: 'u_pll|altpll_component|auto_generated|pll1|clk[1]'                                                                                                                                                                                                                                                     ;
+-------+------------------------------------------------------------+---------------------------------------------------------------------------------------------------------------+---------------------------------------------------+---------------------------------------------------+--------------+------------+------------+
; Slack ; From Node                                                  ; To Node                                                                                                       ; Launch Clock                                      ; Latch Clock                                       ; Relationship ; Clock Skew ; Data Delay ;
+-------+------------------------------------------------------------+---------------------------------------------------------------------------------------------------------------+---------------------------------------------------+---------------------------------------------------+--------------+------------+------------+
; 0.361 ; hdmi_tx:u_tx|hdmi_tx_pdiff_submodule:u_ser|start_reg[0]    ; hdmi_tx:u_tx|hdmi_tx_pdiff_submodule:u_ser|start_reg[0]                                                       ; u_pll|altpll_component|auto_generated|pll1|clk[1] ; u_pll|altpll_component|auto_generated|pll1|clk[1] ; 0.000        ; 0.062      ; 0.580      ;
; 0.372 ; hdmi_tx:u_tx|hdmi_tx_pdiff_submodule:u_ser|ser_reg[23]     ; hdmi_tx:u_tx|hdmi_tx_pdiff_submodule:u_ser|ser_reg[21]                                                        ; u_pll|altpll_component|auto_generated|pll1|clk[1] ; u_pll|altpll_component|auto_generated|pll1|clk[1] ; 0.000        ; 0.063      ; 0.592      ;
; 0.372 ; hdmi_tx:u_tx|hdmi_tx_pdiff_submodule:u_ser|ser_reg[29]     ; hdmi_tx:u_tx|hdmi_tx_pdiff_submodule:u_ser|ser_reg[27]                                                        ; u_pll|altpll_component|auto_generated|pll1|clk[1] ; u_pll|altpll_component|auto_generated|pll1|clk[1] ; 0.000        ; 0.063      ; 0.592      ;
; 0.373 ; hdmi_tx:u_tx|hdmi_tx_pdiff_submodule:u_ser|ser_reg[35]     ; hdmi_tx:u_tx|hdmi_tx_pdiff_submodule:u_ser|ser_reg[33]                                                        ; u_pll|altpll_component|auto_generated|pll1|clk[1] ; u_pll|altpll_component|auto_generated|pll1|clk[1] ; 0.000        ; 0.062      ; 0.592      ;
; 0.373 ; hdmi_tx:u_tx|hdmi_tx_pdiff_submodule:u_ser|ser_reg[32]     ; hdmi_tx:u_tx|hdmi_tx_pdiff_submodule:u_ser|ser_reg[30]                                                        ; u_pll|altpll_component|auto_generated|pll1|clk[1] ; u_pll|altpll_component|auto_generated|pll1|clk[1] ; 0.000        ; 0.062      ; 0.592      ;
; 0.373 ; hdmi_tx:u_tx|hdmi_tx_pdiff_submodule:u_ser|ser_reg[36]     ; hdmi_tx:u_tx|hdmi_tx_pdiff_submodule:u_ser|ser_reg[34]                                                        ; u_pll|altpll_component|auto_generated|pll1|clk[1] ; u_pll|altpll_component|auto_generated|pll1|clk[1] ; 0.000        ; 0.062      ; 0.592      ;
; 0.373 ; hdmi_tx:u_tx|hdmi_tx_pdiff_submodule:u_ser|ser_reg[22]     ; hdmi_tx:u_tx|hdmi_tx_pdiff_submodule:u_ser|ser_reg[20]                                                        ; u_pll|altpll_component|auto_generated|pll1|clk[1] ; u_pll|altpll_component|auto_generated|pll1|clk[1] ; 0.000        ; 0.062      ; 0.592      ;
; 0.373 ; hdmi_tx:u_tx|hdmi_tx_pdiff_submodule:u_ser|ser_reg[8]      ; hdmi_tx:u_tx|hdmi_tx_pdiff_submodule:u_ser|ser_reg[6]                                                         ; u_pll|altpll_component|auto_generated|pll1|clk[1] ; u_pll|altpll_component|auto_generated|pll1|clk[1] ; 0.000        ; 0.062      ; 0.592      ;
; 0.374 ; hdmi_tx:u_tx|hdmi_tx_pdiff_submodule:u_ser|ser_reg[37]     ; hdmi_tx:u_tx|hdmi_tx_pdiff_submodule:u_ser|ser_reg[35]                                                        ; u_pll|altpll_component|auto_generated|pll1|clk[1] ; u_pll|altpll_component|auto_generated|pll1|clk[1] ; 0.000        ; 0.062      ; 0.593      ;
; 0.374 ; hdmi_tx:u_tx|hdmi_tx_pdiff_submodule:u_ser|ser_reg[39]     ; hdmi_tx:u_tx|hdmi_tx_pdiff_submodule:u_ser|ser_reg[37]                                                        ; u_pll|altpll_component|auto_generated|pll1|clk[1] ; u_pll|altpll_component|auto_generated|pll1|clk[1] ; 0.000        ; 0.062      ; 0.593      ;
; 0.374 ; hdmi_tx:u_tx|hdmi_tx_pdiff_submodule:u_ser|ser_reg[38]     ; hdmi_tx:u_tx|hdmi_tx_pdiff_submodule:u_ser|ser_reg[36]                                                        ; u_pll|altpll_component|auto_generated|pll1|clk[1] ; u_pll|altpll_component|auto_generated|pll1|clk[1] ; 0.000        ; 0.062      ; 0.593      ;
; 0.374 ; hdmi_tx:u_tx|hdmi_tx_pdiff_submodule:u_ser|ser_reg[27]     ; hdmi_tx:u_tx|hdmi_tx_pdiff_submodule:u_ser|ser_reg[25]                                                        ; u_pll|altpll_component|auto_generated|pll1|clk[1] ; u_pll|altpll_component|auto_generated|pll1|clk[1] ; 0.000        ; 0.063      ; 0.594      ;
; 0.374 ; hdmi_tx:u_tx|hdmi_tx_pdiff_submodule:u_ser|ser_reg[5]      ; hdmi_tx:u_tx|hdmi_tx_pdiff_submodule:u_ser|ser_reg[3]                                                         ; u_pll|altpll_component|auto_generated|pll1|clk[1] ; u_pll|altpll_component|auto_generated|pll1|clk[1] ; 0.000        ; 0.062      ; 0.593      ;
; 0.375 ; hdmi_tx:u_tx|hdmi_tx_pdiff_submodule:u_ser|ser_reg[33]     ; hdmi_tx:u_tx|hdmi_tx_pdiff_submodule:u_ser|ser_reg[31]                                                        ; u_pll|altpll_component|auto_generated|pll1|clk[1] ; u_pll|altpll_component|auto_generated|pll1|clk[1] ; 0.000        ; 0.062      ; 0.594      ;
; 0.375 ; hdmi_tx:u_tx|hdmi_tx_pdiff_submodule:u_ser|ser_reg[34]     ; hdmi_tx:u_tx|hdmi_tx_pdiff_submodule:u_ser|ser_reg[32]                                                        ; u_pll|altpll_component|auto_generated|pll1|clk[1] ; u_pll|altpll_component|auto_generated|pll1|clk[1] ; 0.000        ; 0.062      ; 0.594      ;
; 0.379 ; hdmi_tx:u_tx|hdmi_tx_pdiff_submodule:u_ser|ser_reg[31]     ; hdmi_tx:u_tx|hdmi_tx_pdiff_submodule:u_ser|data_n_reg[3]                                                      ; u_pll|altpll_component|auto_generated|pll1|clk[1] ; u_pll|altpll_component|auto_generated|pll1|clk[1] ; 0.000        ; 0.062      ; 0.598      ;
; 0.380 ; hdmi_tx:u_tx|hdmi_tx_pdiff_submodule:u_ser|ser_reg[31]     ; hdmi_tx:u_tx|hdmi_tx_pdiff_submodule:u_ser|data_p_reg[3]                                                      ; u_pll|altpll_component|auto_generated|pll1|clk[1] ; u_pll|altpll_component|auto_generated|pll1|clk[1] ; 0.000        ; 0.062      ; 0.599      ;
; 0.381 ; hdmi_tx:u_tx|hdmi_tx_pdiff_submodule:u_ser|ser_reg[1]      ; hdmi_tx:u_tx|hdmi_tx_pdiff_submodule:u_ser|data_n_reg[0]                                                      ; u_pll|altpll_component|auto_generated|pll1|clk[1] ; u_pll|altpll_component|auto_generated|pll1|clk[1] ; 0.000        ; 0.062      ; 0.600      ;
; 0.381 ; hdmi_tx:u_tx|hdmi_tx_pdiff_submodule:u_ser|ser_reg[1]      ; hdmi_tx:u_tx|hdmi_tx_pdiff_submodule:u_ser|data_p_reg[0]                                                      ; u_pll|altpll_component|auto_generated|pll1|clk[1] ; u_pll|altpll_component|auto_generated|pll1|clk[1] ; 0.000        ; 0.062      ; 0.600      ;
; 0.392 ; hdmi_tx:u_tx|hdmi_tx_pdiff_submodule:u_ser|ser_reg[0]      ; hdmi_tx:u_tx|hdmi_tx_pdiff_submodule:u_ser|data_n_reg[4]                                                      ; u_pll|altpll_component|auto_generated|pll1|clk[1] ; u_pll|altpll_component|auto_generated|pll1|clk[1] ; 0.000        ; 0.062      ; 0.611      ;
; 0.395 ; hdmi_tx:u_tx|hdmi_tx_pdiff_submodule:u_ser|data_in_reg[9]  ; hdmi_tx:u_tx|hdmi_tx_pdiff_submodule:u_ser|ser_reg[9]                                                         ; u_pll|altpll_component|auto_generated|pll1|clk[0] ; u_pll|altpll_component|auto_generated|pll1|clk[1] ; -0.001       ; 0.152      ; 0.723      ;
; 0.395 ; hdmi_tx:u_tx|hdmi_tx_pdiff_submodule:u_ser|ser_reg[20]     ; hdmi_tx:u_tx|hdmi_tx_pdiff_submodule:u_ser|data_n_reg[6]                                                      ; u_pll|altpll_component|auto_generated|pll1|clk[1] ; u_pll|altpll_component|auto_generated|pll1|clk[1] ; 0.000        ; 0.062      ; 0.614      ;
; 0.441 ; hdmi_tx:u_tx|hdmi_tx_pdiff_submodule:u_ser|data_in_reg[8]  ; hdmi_tx:u_tx|hdmi_tx_pdiff_submodule:u_ser|ser_reg[8]                                                         ; u_pll|altpll_component|auto_generated|pll1|clk[0] ; u_pll|altpll_component|auto_generated|pll1|clk[1] ; -0.001       ; 0.154      ; 0.771      ;
; 0.442 ; hdmi_tx:u_tx|hdmi_tx_pdiff_submodule:u_ser|data_in_reg[29] ; hdmi_tx:u_tx|hdmi_tx_pdiff_submodule:u_ser|ser_reg[29]                                                        ; u_pll|altpll_component|auto_generated|pll1|clk[0] ; u_pll|altpll_component|auto_generated|pll1|clk[1] ; -0.001       ; 0.155      ; 0.773      ;
; 0.442 ; hdmi_tx:u_tx|hdmi_tx_pdiff_submodule:u_ser|data_in_reg[28] ; hdmi_tx:u_tx|hdmi_tx_pdiff_submodule:u_ser|ser_reg[28]                                                        ; u_pll|altpll_component|auto_generated|pll1|clk[0] ; u_pll|altpll_component|auto_generated|pll1|clk[1] ; -0.001       ; 0.155      ; 0.773      ;
; 0.453 ; hdmi_tx:u_tx|hdmi_tx_pdiff_submodule:u_ser|data_in_reg[18] ; hdmi_tx:u_tx|hdmi_tx_pdiff_submodule:u_ser|ser_reg[18]                                                        ; u_pll|altpll_component|auto_generated|pll1|clk[0] ; u_pll|altpll_component|auto_generated|pll1|clk[1] ; -0.001       ; 0.143      ; 0.772      ;
; 0.454 ; hdmi_tx:u_tx|hdmi_tx_pdiff_submodule:u_ser|data_in_reg[19] ; hdmi_tx:u_tx|hdmi_tx_pdiff_submodule:u_ser|ser_reg[19]                                                        ; u_pll|altpll_component|auto_generated|pll1|clk[0] ; u_pll|altpll_component|auto_generated|pll1|clk[1] ; -0.001       ; 0.143      ; 0.773      ;
; 0.477 ; hdmi_tx:u_tx|hdmi_tx_pdiff_submodule:u_ser|ser_reg[26]     ; hdmi_tx:u_tx|hdmi_tx_pdiff_submodule:u_ser|ser_reg[24]                                                        ; u_pll|altpll_component|auto_generated|pll1|clk[1] ; u_pll|altpll_component|auto_generated|pll1|clk[1] ; 0.000        ; 0.063      ; 0.697      ;
; 0.479 ; hdmi_tx:u_tx|hdmi_tx_pdiff_submodule:u_ser|ser_reg[16]     ; hdmi_tx:u_tx|hdmi_tx_pdiff_submodule:u_ser|ser_reg[14]                                                        ; u_pll|altpll_component|auto_generated|pll1|clk[1] ; u_pll|altpll_component|auto_generated|pll1|clk[1] ; 0.000        ; 0.062      ; 0.698      ;
; 0.500 ; hdmi_tx:u_tx|hdmi_tx_pdiff_submodule:u_ser|ser_reg[9]      ; hdmi_tx:u_tx|hdmi_tx_pdiff_submodule:u_ser|ser_reg[7]                                                         ; u_pll|altpll_component|auto_generated|pll1|clk[1] ; u_pll|altpll_component|auto_generated|pll1|clk[1] ; 0.000        ; 0.062      ; 0.719      ;
; 0.503 ; hdmi_tx:u_tx|hdmi_tx_pdiff_submodule:u_ser|data_in_reg[25] ; hdmi_tx:u_tx|hdmi_tx_pdiff_submodule:u_ser|ser_reg[25]                                                        ; u_pll|altpll_component|auto_generated|pll1|clk[0] ; u_pll|altpll_component|auto_generated|pll1|clk[1] ; -0.001       ; 0.155      ; 0.834      ;
; 0.503 ; hdmi_tx:u_tx|hdmi_tx_pdiff_submodule:u_ser|data_in_reg[2]  ; hdmi_tx:u_tx|hdmi_tx_pdiff_submodule:u_ser|ser_reg[2]                                                         ; u_pll|altpll_component|auto_generated|pll1|clk[0] ; u_pll|altpll_component|auto_generated|pll1|clk[1] ; -0.001       ; 0.154      ; 0.833      ;
; 0.504 ; hdmi_tx:u_tx|hdmi_tx_pdiff_submodule:u_ser|data_in_reg[21] ; hdmi_tx:u_tx|hdmi_tx_pdiff_submodule:u_ser|ser_reg[21]                                                        ; u_pll|altpll_component|auto_generated|pll1|clk[0] ; u_pll|altpll_component|auto_generated|pll1|clk[1] ; -0.001       ; 0.155      ; 0.835      ;
; 0.504 ; hdmi_tx:u_tx|hdmi_tx_pdiff_submodule:u_ser|data_in_reg[5]  ; hdmi_tx:u_tx|hdmi_tx_pdiff_submodule:u_ser|ser_reg[5]                                                         ; u_pll|altpll_component|auto_generated|pll1|clk[0] ; u_pll|altpll_component|auto_generated|pll1|clk[1] ; -0.001       ; 0.154      ; 0.834      ;
; 0.505 ; hdmi_tx:u_tx|hdmi_tx_pdiff_submodule:u_ser|data_in_reg[20] ; hdmi_tx:u_tx|hdmi_tx_pdiff_submodule:u_ser|ser_reg[20]                                                        ; u_pll|altpll_component|auto_generated|pll1|clk[0] ; u_pll|altpll_component|auto_generated|pll1|clk[1] ; -0.001       ; 0.154      ; 0.835      ;
; 0.505 ; hdmi_tx:u_tx|hdmi_tx_pdiff_submodule:u_ser|data_in_reg[6]  ; hdmi_tx:u_tx|hdmi_tx_pdiff_submodule:u_ser|ser_reg[6]                                                         ; u_pll|altpll_component|auto_generated|pll1|clk[0] ; u_pll|altpll_component|auto_generated|pll1|clk[1] ; -0.001       ; 0.154      ; 0.835      ;
; 0.512 ; hdmi_tx:u_tx|hdmi_tx_pdiff_submodule:u_ser|start_reg[1]    ; hdmi_tx:u_tx|hdmi_tx_pdiff_submodule:u_ser|start_reg[0]                                                       ; u_pll|altpll_component|auto_generated|pll1|clk[1] ; u_pll|altpll_component|auto_generated|pll1|clk[1] ; 0.000        ; 0.064      ; 0.733      ;
; 0.517 ; hdmi_tx:u_tx|hdmi_tx_pdiff_submodule:u_ser|data_in_reg[15] ; hdmi_tx:u_tx|hdmi_tx_pdiff_submodule:u_ser|ser_reg[15]                                                        ; u_pll|altpll_component|auto_generated|pll1|clk[0] ; u_pll|altpll_component|auto_generated|pll1|clk[1] ; -0.001       ; 0.143      ; 0.836      ;
; 0.518 ; hdmi_tx:u_tx|hdmi_tx_pdiff_submodule:u_ser|data_in_reg[10] ; hdmi_tx:u_tx|hdmi_tx_pdiff_submodule:u_ser|ser_reg[10]                                                        ; u_pll|altpll_component|auto_generated|pll1|clk[0] ; u_pll|altpll_component|auto_generated|pll1|clk[1] ; -0.001       ; 0.143      ; 0.837      ;
; 0.520 ; hdmi_tx:u_tx|hdmi_tx_pdiff_submodule:u_ser|data_in_reg[11] ; hdmi_tx:u_tx|hdmi_tx_pdiff_submodule:u_ser|ser_reg[11]                                                        ; u_pll|altpll_component|auto_generated|pll1|clk[0] ; u_pll|altpll_component|auto_generated|pll1|clk[1] ; -0.001       ; 0.143      ; 0.839      ;
; 0.524 ; hdmi_tx:u_tx|hdmi_tx_pdiff_submodule:u_ser|ser_reg[30]     ; hdmi_tx:u_tx|hdmi_tx_pdiff_submodule:u_ser|data_n_reg[7]                                                      ; u_pll|altpll_component|auto_generated|pll1|clk[1] ; u_pll|altpll_component|auto_generated|pll1|clk[1] ; 0.000        ; 0.062      ; 0.743      ;
; 0.524 ; hdmi_tx:u_tx|hdmi_tx_pdiff_submodule:u_ser|ser_reg[30]     ; hdmi_tx:u_tx|hdmi_tx_pdiff_submodule:u_ser|data_p_reg[7]                                                      ; u_pll|altpll_component|auto_generated|pll1|clk[1] ; u_pll|altpll_component|auto_generated|pll1|clk[1] ; 0.000        ; 0.062      ; 0.743      ;
; 0.526 ; hdmi_tx:u_tx|hdmi_tx_pdiff_submodule:u_ser|ser_reg[3]      ; hdmi_tx:u_tx|hdmi_tx_pdiff_submodule:u_ser|ser_reg[1]                                                         ; u_pll|altpll_component|auto_generated|pll1|clk[1] ; u_pll|altpll_component|auto_generated|pll1|clk[1] ; 0.000        ; 0.062      ; 0.745      ;
; 0.530 ; hdmi_tx:u_tx|hdmi_tx_pdiff_submodule:u_ser|data_in_reg[22] ; hdmi_tx:u_tx|hdmi_tx_pdiff_submodule:u_ser|ser_reg[22]                                                        ; u_pll|altpll_component|auto_generated|pll1|clk[0] ; u_pll|altpll_component|auto_generated|pll1|clk[1] ; -0.001       ; 0.154      ; 0.860      ;
; 0.531 ; hdmi_tx:u_tx|hdmi_tx_pdiff_submodule:u_ser|ser_reg[4]      ; hdmi_tx:u_tx|hdmi_tx_pdiff_submodule:u_ser|ser_reg[2]                                                         ; u_pll|altpll_component|auto_generated|pll1|clk[1] ; u_pll|altpll_component|auto_generated|pll1|clk[1] ; 0.000        ; 0.064      ; 0.752      ;
; 0.533 ; hdmi_tx:u_tx|hdmi_tx_pdiff_submodule:u_ser|ser_reg[7]      ; hdmi_tx:u_tx|hdmi_tx_pdiff_submodule:u_ser|ser_reg[5]                                                         ; u_pll|altpll_component|auto_generated|pll1|clk[1] ; u_pll|altpll_component|auto_generated|pll1|clk[1] ; 0.000        ; 0.062      ; 0.752      ;
; 0.534 ; hdmi_tx:u_tx|hdmi_tx_pdiff_submodule:u_ser|data_in_reg[27] ; hdmi_tx:u_tx|hdmi_tx_pdiff_submodule:u_ser|ser_reg[27]                                                        ; u_pll|altpll_component|auto_generated|pll1|clk[0] ; u_pll|altpll_component|auto_generated|pll1|clk[1] ; -0.001       ; 0.155      ; 0.865      ;
; 0.534 ; hdmi_tx:u_tx|hdmi_tx_pdiff_submodule:u_ser|ser_reg[24]     ; hdmi_tx:u_tx|hdmi_tx_pdiff_submodule:u_ser|ser_reg[22]                                                        ; u_pll|altpll_component|auto_generated|pll1|clk[1] ; u_pll|altpll_component|auto_generated|pll1|clk[1] ; 0.000        ; 0.063      ; 0.754      ;
; 0.544 ; hdmi_tx:u_tx|hdmi_tx_pdiff_submodule:u_ser|data_in_reg[12] ; hdmi_tx:u_tx|hdmi_tx_pdiff_submodule:u_ser|ser_reg[12]                                                        ; u_pll|altpll_component|auto_generated|pll1|clk[0] ; u_pll|altpll_component|auto_generated|pll1|clk[1] ; -0.001       ; 0.143      ; 0.863      ;
; 0.549 ; hdmi_tx:u_tx|hdmi_tx_pdiff_submodule:u_ser|data_in_reg[13] ; hdmi_tx:u_tx|hdmi_tx_pdiff_submodule:u_ser|ser_reg[13]                                                        ; u_pll|altpll_component|auto_generated|pll1|clk[0] ; u_pll|altpll_component|auto_generated|pll1|clk[1] ; -0.001       ; 0.143      ; 0.868      ;
; 0.549 ; hdmi_tx:u_tx|hdmi_tx_pdiff_submodule:u_ser|ser_reg[28]     ; hdmi_tx:u_tx|hdmi_tx_pdiff_submodule:u_ser|ser_reg[26]                                                        ; u_pll|altpll_component|auto_generated|pll1|clk[1] ; u_pll|altpll_component|auto_generated|pll1|clk[1] ; 0.000        ; 0.063      ; 0.769      ;
; 0.551 ; hdmi_tx:u_tx|hdmi_tx_pdiff_submodule:u_ser|ser_reg[25]     ; hdmi_tx:u_tx|hdmi_tx_pdiff_submodule:u_ser|ser_reg[23]                                                        ; u_pll|altpll_component|auto_generated|pll1|clk[1] ; u_pll|altpll_component|auto_generated|pll1|clk[1] ; 0.000        ; 0.063      ; 0.771      ;
; 0.552 ; hdmi_tx:u_tx|hdmi_tx_pdiff_submodule:u_ser|ser_reg[15]     ; hdmi_tx:u_tx|hdmi_tx_pdiff_submodule:u_ser|ser_reg[13]                                                        ; u_pll|altpll_component|auto_generated|pll1|clk[1] ; u_pll|altpll_component|auto_generated|pll1|clk[1] ; 0.000        ; 0.062      ; 0.771      ;
; 0.553 ; hdmi_tx:u_tx|hdmi_tx_pdiff_submodule:u_ser|ser_reg[12]     ; hdmi_tx:u_tx|hdmi_tx_pdiff_submodule:u_ser|ser_reg[10]                                                        ; u_pll|altpll_component|auto_generated|pll1|clk[1] ; u_pll|altpll_component|auto_generated|pll1|clk[1] ; 0.000        ; 0.062      ; 0.772      ;
; 0.553 ; hdmi_tx:u_tx|hdmi_tx_pdiff_submodule:u_ser|ser_reg[18]     ; hdmi_tx:u_tx|hdmi_tx_pdiff_submodule:u_ser|ser_reg[16]                                                        ; u_pll|altpll_component|auto_generated|pll1|clk[1] ; u_pll|altpll_component|auto_generated|pll1|clk[1] ; 0.000        ; 0.062      ; 0.772      ;
; 0.554 ; hdmi_tx:u_tx|hdmi_tx_pdiff_submodule:u_ser|ser_reg[19]     ; hdmi_tx:u_tx|hdmi_tx_pdiff_submodule:u_ser|ser_reg[17]                                                        ; u_pll|altpll_component|auto_generated|pll1|clk[1] ; u_pll|altpll_component|auto_generated|pll1|clk[1] ; 0.000        ; 0.062      ; 0.773      ;
; 0.554 ; hdmi_tx:u_tx|hdmi_tx_pdiff_submodule:u_ser|start_reg[3]    ; hdmi_tx:u_tx|hdmi_tx_pdiff_submodule:u_ser|start_reg[2]                                                       ; u_pll|altpll_component|auto_generated|pll1|clk[1] ; u_pll|altpll_component|auto_generated|pll1|clk[1] ; 0.000        ; 0.062      ; 0.773      ;
; 0.555 ; hdmi_tx:u_tx|hdmi_tx_pdiff_submodule:u_ser|ser_reg[13]     ; hdmi_tx:u_tx|hdmi_tx_pdiff_submodule:u_ser|ser_reg[11]                                                        ; u_pll|altpll_component|auto_generated|pll1|clk[1] ; u_pll|altpll_component|auto_generated|pll1|clk[1] ; 0.000        ; 0.062      ; 0.774      ;
; 0.555 ; hdmi_tx:u_tx|hdmi_tx_pdiff_submodule:u_ser|ser_reg[17]     ; hdmi_tx:u_tx|hdmi_tx_pdiff_submodule:u_ser|ser_reg[15]                                                        ; u_pll|altpll_component|auto_generated|pll1|clk[1] ; u_pll|altpll_component|auto_generated|pll1|clk[1] ; 0.000        ; 0.062      ; 0.774      ;
; 0.570 ; hdmi_tx:u_tx|hdmi_tx_pdiff_submodule:u_ser|data_in_reg[24] ; hdmi_tx:u_tx|hdmi_tx_pdiff_submodule:u_ser|ser_reg[24]                                                        ; u_pll|altpll_component|auto_generated|pll1|clk[0] ; u_pll|altpll_component|auto_generated|pll1|clk[1] ; -0.001       ; 0.155      ; 0.901      ;
; 0.572 ; hdmi_tx:u_tx|hdmi_tx_pdiff_submodule:u_ser|data_in_reg[3]  ; hdmi_tx:u_tx|hdmi_tx_pdiff_submodule:u_ser|ser_reg[3]                                                         ; u_pll|altpll_component|auto_generated|pll1|clk[0] ; u_pll|altpll_component|auto_generated|pll1|clk[1] ; -0.001       ; 0.152      ; 0.900      ;
; 0.578 ; hdmi_tx:u_tx|hdmi_tx_pdiff_submodule:u_ser|data_in_reg[1]  ; hdmi_tx:u_tx|hdmi_tx_pdiff_submodule:u_ser|ser_reg[1]                                                         ; u_pll|altpll_component|auto_generated|pll1|clk[0] ; u_pll|altpll_component|auto_generated|pll1|clk[1] ; -0.001       ; 0.154      ; 0.908      ;
; 0.589 ; hdmi_tx:u_tx|hdmi_tx_pdiff_submodule:u_ser|data_in_reg[26] ; hdmi_tx:u_tx|hdmi_tx_pdiff_submodule:u_ser|ser_reg[26]                                                        ; u_pll|altpll_component|auto_generated|pll1|clk[0] ; u_pll|altpll_component|auto_generated|pll1|clk[1] ; -0.001       ; 0.155      ; 0.920      ;
; 0.600 ; hdmi_tx:u_tx|hdmi_tx_pdiff_submodule:u_ser|start_reg[0]    ; hdmi_tx:u_tx|hdmi_tx_pdiff_submodule:u_ser|ser_reg[6]                                                         ; u_pll|altpll_component|auto_generated|pll1|clk[1] ; u_pll|altpll_component|auto_generated|pll1|clk[1] ; 0.000        ; 0.062      ; 0.819      ;
; 0.601 ; hdmi_tx:u_tx|hdmi_tx_pdiff_submodule:u_ser|start_reg[0]    ; hdmi_tx:u_tx|hdmi_tx_pdiff_submodule:u_ser|ser_reg[2]                                                         ; u_pll|altpll_component|auto_generated|pll1|clk[1] ; u_pll|altpll_component|auto_generated|pll1|clk[1] ; 0.000        ; 0.062      ; 0.820      ;
; 0.607 ; hdmi_tx:u_tx|hdmi_tx_pdiff_submodule:u_ser|data_in_reg[14] ; hdmi_tx:u_tx|hdmi_tx_pdiff_submodule:u_ser|ser_reg[14]                                                        ; u_pll|altpll_component|auto_generated|pll1|clk[0] ; u_pll|altpll_component|auto_generated|pll1|clk[1] ; -0.001       ; 0.143      ; 0.926      ;
; 0.609 ; hdmi_tx:u_tx|hdmi_tx_pdiff_submodule:u_ser|data_in_reg[4]  ; hdmi_tx:u_tx|hdmi_tx_pdiff_submodule:u_ser|ser_reg[4]                                                         ; u_pll|altpll_component|auto_generated|pll1|clk[0] ; u_pll|altpll_component|auto_generated|pll1|clk[1] ; -0.001       ; 0.152      ; 0.937      ;
; 0.609 ; hdmi_tx:u_tx|hdmi_tx_pdiff_submodule:u_ser|data_in_reg[0]  ; hdmi_tx:u_tx|hdmi_tx_pdiff_submodule:u_ser|ser_reg[0]                                                         ; u_pll|altpll_component|auto_generated|pll1|clk[0] ; u_pll|altpll_component|auto_generated|pll1|clk[1] ; -0.001       ; 0.152      ; 0.937      ;
; 0.627 ; hdmi_tx:u_tx|hdmi_tx_pdiff_submodule:u_ser|data_in_reg[17] ; hdmi_tx:u_tx|hdmi_tx_pdiff_submodule:u_ser|ser_reg[17]                                                        ; u_pll|altpll_component|auto_generated|pll1|clk[0] ; u_pll|altpll_component|auto_generated|pll1|clk[1] ; -0.001       ; 0.143      ; 0.946      ;
; 0.633 ; hdmi_tx:u_tx|hdmi_tx_pdiff_submodule:u_ser|data_in_reg[16] ; hdmi_tx:u_tx|hdmi_tx_pdiff_submodule:u_ser|ser_reg[16]                                                        ; u_pll|altpll_component|auto_generated|pll1|clk[0] ; u_pll|altpll_component|auto_generated|pll1|clk[1] ; -0.001       ; 0.143      ; 0.952      ;
; 0.706 ; hdmi_tx:u_tx|hdmi_tx_pdiff_submodule:u_ser|data_in_reg[23] ; hdmi_tx:u_tx|hdmi_tx_pdiff_submodule:u_ser|ser_reg[23]                                                        ; u_pll|altpll_component|auto_generated|pll1|clk[0] ; u_pll|altpll_component|auto_generated|pll1|clk[1] ; -0.001       ; 0.155      ; 1.037      ;
; 0.722 ; hdmi_tx:u_tx|hdmi_tx_pdiff_submodule:u_ser|ser_reg[2]      ; hdmi_tx:u_tx|hdmi_tx_pdiff_submodule:u_ser|ser_reg[0]                                                         ; u_pll|altpll_component|auto_generated|pll1|clk[1] ; u_pll|altpll_component|auto_generated|pll1|clk[1] ; 0.000        ; 0.060      ; 0.939      ;
; 0.722 ; hdmi_tx:u_tx|hdmi_tx_pdiff_submodule:u_ser|start_reg[0]    ; hdmi_tx:u_tx|hdmi_tx_pdiff_submodule:u_ser|start_reg[1]                                                       ; u_pll|altpll_component|auto_generated|pll1|clk[1] ; u_pll|altpll_component|auto_generated|pll1|clk[1] ; 0.000        ; 0.060      ; 0.939      ;
; 0.727 ; hdmi_tx:u_tx|hdmi_tx_pdiff_submodule:u_ser|start_reg[0]    ; hdmi_tx:u_tx|hdmi_tx_pdiff_submodule:u_ser|ser_reg[4]                                                         ; u_pll|altpll_component|auto_generated|pll1|clk[1] ; u_pll|altpll_component|auto_generated|pll1|clk[1] ; 0.000        ; 0.060      ; 0.944      ;
; 0.727 ; hdmi_tx:u_tx|hdmi_tx_pdiff_submodule:u_ser|start_reg[0]    ; hdmi_tx:u_tx|hdmi_tx_pdiff_submodule:u_ser|ser_reg[3]                                                         ; u_pll|altpll_component|auto_generated|pll1|clk[1] ; u_pll|altpll_component|auto_generated|pll1|clk[1] ; 0.000        ; 0.060      ; 0.944      ;
; 0.728 ; hdmi_tx:u_tx|hdmi_tx_pdiff_submodule:u_ser|start_reg[0]    ; hdmi_tx:u_tx|hdmi_tx_pdiff_submodule:u_ser|ser_reg[0]                                                         ; u_pll|altpll_component|auto_generated|pll1|clk[1] ; u_pll|altpll_component|auto_generated|pll1|clk[1] ; 0.000        ; 0.060      ; 0.945      ;
; 0.770 ; hdmi_tx:u_tx|hdmi_tx_pdiff_submodule:u_ser|start_reg[2]    ; hdmi_tx:u_tx|hdmi_tx_pdiff_submodule:u_ser|start_reg[1]                                                       ; u_pll|altpll_component|auto_generated|pll1|clk[1] ; u_pll|altpll_component|auto_generated|pll1|clk[1] ; 0.000        ; 0.069      ; 0.996      ;
; 0.781 ; hdmi_tx:u_tx|hdmi_tx_pdiff_submodule:u_ser|data_in_reg[7]  ; hdmi_tx:u_tx|hdmi_tx_pdiff_submodule:u_ser|ser_reg[7]                                                         ; u_pll|altpll_component|auto_generated|pll1|clk[0] ; u_pll|altpll_component|auto_generated|pll1|clk[1] ; -0.001       ; 0.152      ; 1.109      ;
; 0.788 ; hdmi_tx:u_tx|hdmi_tx_pdiff_submodule:u_ser|ser_reg[10]     ; hdmi_tx:u_tx|hdmi_tx_pdiff_submodule:u_ser|data_n_reg[5]                                                      ; u_pll|altpll_component|auto_generated|pll1|clk[1] ; u_pll|altpll_component|auto_generated|pll1|clk[1] ; 0.000        ; 0.066      ; 1.011      ;
; 0.788 ; hdmi_tx:u_tx|hdmi_tx_pdiff_submodule:u_ser|ser_reg[10]     ; hdmi_tx:u_tx|hdmi_tx_pdiff_submodule:u_ser|data_p_reg[5]                                                      ; u_pll|altpll_component|auto_generated|pll1|clk[1] ; u_pll|altpll_component|auto_generated|pll1|clk[1] ; 0.000        ; 0.066      ; 1.011      ;
; 0.790 ; hdmi_tx:u_tx|hdmi_tx_pdiff_submodule:u_ser|ser_reg[0]      ; hdmi_tx:u_tx|hdmi_tx_pdiff_submodule:u_ser|data_p_reg[4]                                                      ; u_pll|altpll_component|auto_generated|pll1|clk[1] ; u_pll|altpll_component|auto_generated|pll1|clk[1] ; 0.000        ; 0.055      ; 1.002      ;
; 0.814 ; hdmi_tx:u_tx|hdmi_tx_pdiff_submodule:u_ser|start_reg[0]    ; hdmi_tx:u_tx|hdmi_tx_pdiff_submodule:u_ser|ser_reg[5]                                                         ; u_pll|altpll_component|auto_generated|pll1|clk[1] ; u_pll|altpll_component|auto_generated|pll1|clk[1] ; 0.000        ; 0.060      ; 1.031      ;
; 0.821 ; hdmi_tx:u_tx|hdmi_tx_pdiff_submodule:u_ser|ser_reg[11]     ; hdmi_tx:u_tx|hdmi_tx_pdiff_submodule:u_ser|data_n_reg[1]                                                      ; u_pll|altpll_component|auto_generated|pll1|clk[1] ; u_pll|altpll_component|auto_generated|pll1|clk[1] ; 0.000        ; 0.066      ; 1.044      ;
; 0.821 ; hdmi_tx:u_tx|hdmi_tx_pdiff_submodule:u_ser|ser_reg[11]     ; hdmi_tx:u_tx|hdmi_tx_pdiff_submodule:u_ser|data_p_reg[1]                                                      ; u_pll|altpll_component|auto_generated|pll1|clk[1] ; u_pll|altpll_component|auto_generated|pll1|clk[1] ; 0.000        ; 0.066      ; 1.044      ;
; 0.859 ; hdmi_tx:u_tx|hdmi_tx_pdiff_submodule:u_ser|start_reg[0]    ; hdmi_tx:u_tx|hdmi_tx_pdiff_submodule:u_ser|ser_reg[10]                                                        ; u_pll|altpll_component|auto_generated|pll1|clk[1] ; u_pll|altpll_component|auto_generated|pll1|clk[1] ; 0.000        ; 0.054      ; 1.070      ;
; 0.862 ; hdmi_tx:u_tx|hdmi_tx_pdiff_submodule:u_ser|start_reg[0]    ; hdmi_tx:u_tx|hdmi_tx_pdiff_submodule:u_ser|ser_reg[12]                                                        ; u_pll|altpll_component|auto_generated|pll1|clk[1] ; u_pll|altpll_component|auto_generated|pll1|clk[1] ; 0.000        ; 0.054      ; 1.073      ;
; 0.875 ; hdmi_tx:u_tx|hdmi_tx_pdiff_submodule:u_ser|data_p_reg[4]   ; hdmi_tx:u_tx|hdmi_tx_pdiff_submodule:u_ser|altddio_out:u_ddo_p|ddio_out_s9j:auto_generated|ddio_outa[0]~DFFHI ; u_pll|altpll_component|auto_generated|pll1|clk[1] ; u_pll|altpll_component|auto_generated|pll1|clk[1] ; 0.000        ; 0.036      ; 1.009      ;
; 0.883 ; hdmi_tx:u_tx|hdmi_tx_pdiff_submodule:u_ser|start_reg[0]    ; hdmi_tx:u_tx|hdmi_tx_pdiff_submodule:u_ser|ser_reg[17]                                                        ; u_pll|altpll_component|auto_generated|pll1|clk[1] ; u_pll|altpll_component|auto_generated|pll1|clk[1] ; 0.000        ; 0.051      ; 1.091      ;
; 0.883 ; hdmi_tx:u_tx|hdmi_tx_pdiff_submodule:u_ser|start_reg[0]    ; hdmi_tx:u_tx|hdmi_tx_pdiff_submodule:u_ser|ser_reg[16]                                                        ; u_pll|altpll_component|auto_generated|pll1|clk[1] ; u_pll|altpll_component|auto_generated|pll1|clk[1] ; 0.000        ; 0.051      ; 1.091      ;
; 0.884 ; hdmi_tx:u_tx|hdmi_tx_pdiff_submodule:u_ser|start_reg[0]    ; hdmi_tx:u_tx|hdmi_tx_pdiff_submodule:u_ser|ser_reg[15]                                                        ; u_pll|altpll_component|auto_generated|pll1|clk[1] ; u_pll|altpll_component|auto_generated|pll1|clk[1] ; 0.000        ; 0.051      ; 1.092      ;
; 0.884 ; hdmi_tx:u_tx|hdmi_tx_pdiff_submodule:u_ser|start_reg[0]    ; hdmi_tx:u_tx|hdmi_tx_pdiff_submodule:u_ser|ser_reg[13]                                                        ; u_pll|altpll_component|auto_generated|pll1|clk[1] ; u_pll|altpll_component|auto_generated|pll1|clk[1] ; 0.000        ; 0.051      ; 1.092      ;
; 0.887 ; hdmi_tx:u_tx|hdmi_tx_pdiff_submodule:u_ser|start_reg[0]    ; hdmi_tx:u_tx|hdmi_tx_pdiff_submodule:u_ser|ser_reg[11]                                                        ; u_pll|altpll_component|auto_generated|pll1|clk[1] ; u_pll|altpll_component|auto_generated|pll1|clk[1] ; 0.000        ; 0.051      ; 1.095      ;
; 0.911 ; hdmi_tx:u_tx|hdmi_tx_pdiff_submodule:u_ser|start_reg[0]    ; hdmi_tx:u_tx|hdmi_tx_pdiff_submodule:u_ser|ser_reg[34]                                                        ; u_pll|altpll_component|auto_generated|pll1|clk[1] ; u_pll|altpll_component|auto_generated|pll1|clk[1] ; 0.000        ; 0.060      ; 1.128      ;
; 0.914 ; hdmi_tx:u_tx|hdmi_tx_pdiff_submodule:u_ser|start_reg[0]    ; hdmi_tx:u_tx|hdmi_tx_pdiff_submodule:u_ser|ser_reg[1]                                                         ; u_pll|altpll_component|auto_generated|pll1|clk[1] ; u_pll|altpll_component|auto_generated|pll1|clk[1] ; 0.000        ; 0.060      ; 1.131      ;
; 0.915 ; hdmi_tx:u_tx|hdmi_tx_pdiff_submodule:u_ser|start_reg[0]    ; hdmi_tx:u_tx|hdmi_tx_pdiff_submodule:u_ser|ser_reg[30]                                                        ; u_pll|altpll_component|auto_generated|pll1|clk[1] ; u_pll|altpll_component|auto_generated|pll1|clk[1] ; 0.000        ; 0.060      ; 1.132      ;
; 0.915 ; hdmi_tx:u_tx|hdmi_tx_pdiff_submodule:u_ser|start_reg[0]    ; hdmi_tx:u_tx|hdmi_tx_pdiff_submodule:u_ser|ser_reg[32]                                                        ; u_pll|altpll_component|auto_generated|pll1|clk[1] ; u_pll|altpll_component|auto_generated|pll1|clk[1] ; 0.000        ; 0.060      ; 1.132      ;
; 0.915 ; hdmi_tx:u_tx|hdmi_tx_pdiff_submodule:u_ser|start_reg[0]    ; hdmi_tx:u_tx|hdmi_tx_pdiff_submodule:u_ser|ser_reg[7]                                                         ; u_pll|altpll_component|auto_generated|pll1|clk[1] ; u_pll|altpll_component|auto_generated|pll1|clk[1] ; 0.000        ; 0.060      ; 1.132      ;
; 0.916 ; hdmi_tx:u_tx|hdmi_tx_pdiff_submodule:u_ser|start_reg[0]    ; hdmi_tx:u_tx|hdmi_tx_pdiff_submodule:u_ser|ser_reg[36]                                                        ; u_pll|altpll_component|auto_generated|pll1|clk[1] ; u_pll|altpll_component|auto_generated|pll1|clk[1] ; 0.000        ; 0.060      ; 1.133      ;
; 0.923 ; hdmi_tx:u_tx|hdmi_tx_pdiff_submodule:u_ser|data_p_reg[1]   ; hdmi_tx:u_tx|hdmi_tx_pdiff_submodule:u_ser|altddio_out:u_ddo_p|ddio_out_s9j:auto_generated|ddio_outa[1]~DFFLO ; u_pll|altpll_component|auto_generated|pll1|clk[1] ; u_pll|altpll_component|auto_generated|pll1|clk[1] ; 0.000        ; 0.034      ; 1.054      ;
; 0.937 ; hdmi_tx:u_tx|hdmi_tx_pdiff_submodule:u_ser|data_n_reg[1]   ; hdmi_tx:u_tx|hdmi_tx_pdiff_submodule:u_ser|altddio_out:u_ddo_n|ddio_out_u6j:auto_generated|ddio_outa[1]~DFFLO ; u_pll|altpll_component|auto_generated|pll1|clk[1] ; u_pll|altpll_component|auto_generated|pll1|clk[1] ; 0.000        ; 0.034      ; 1.068      ;
+-------+------------------------------------------------------------+---------------------------------------------------------------------------------------------------------------+---------------------------------------------------+---------------------------------------------------+--------------+------------+------------+


-----------------------------------------------
; Slow 1200mV 85C Model Metastability Summary ;
-----------------------------------------------
The design MTBF is not calculated because there are no specified synchronizers in the design.
Number of Synchronizer Chains Found: 1
Shortest Synchronizer Chain: 2 Registers
Fraction of Chains for which MTBFs Could Not be Calculated: 1.000
Worst Case Available Settling Time: 22.914 ns




+-----------------------------------------------------------------------------------------------------------------------------------+
; Slow 1200mV 0C Model Fmax Summary                                                                                                 ;
+------------+-----------------+---------------------------------------------------+------------------------------------------------+
; Fmax       ; Restricted Fmax ; Clock Name                                        ; Note                                           ;
+------------+-----------------+---------------------------------------------------+------------------------------------------------+
; 144.91 MHz ; 144.91 MHz      ; u_pll|altpll_component|auto_generated|pll1|clk[0] ;                                                ;
; 584.8 MHz  ; 500.0 MHz       ; u_pll|altpll_component|auto_generated|pll1|clk[1] ; limit due to minimum period restriction (tmin) ;
+------------+-----------------+---------------------------------------------------+------------------------------------------------+
This panel reports FMAX for every clock in the design, regardless of the user-specified clock periods.  FMAX is only computed for paths where the source and destination registers or ports are driven by the same clock.  Paths of different clocks, including generated clocks, are ignored.  For paths between a clock and its inversion, FMAX is computed as if the rising and falling edges are scaled along with FMAX, such that the duty cycle (in terms of a percentage) is maintained. Altera recommends that you always use clock constraints and other slack reports for sign-off analysis.


+---------------------------------------------------------------------------+
; Slow 1200mV 0C Model Setup Summary                                        ;
+---------------------------------------------------+-------+---------------+
; Clock                                             ; Slack ; End Point TNS ;
+---------------------------------------------------+-------+---------------+
; u_pll|altpll_component|auto_generated|pll1|clk[1] ; 0.982 ; 0.000         ;
; u_pll|altpll_component|auto_generated|pll1|clk[0] ; 6.560 ; 0.000         ;
+---------------------------------------------------+-------+---------------+


+---------------------------------------------------------------------------+
; Slow 1200mV 0C Model Hold Summary                                         ;
+---------------------------------------------------+-------+---------------+
; Clock                                             ; Slack ; End Point TNS ;
+---------------------------------------------------+-------+---------------+
; u_pll|altpll_component|auto_generated|pll1|clk[0] ; 0.295 ; 0.000         ;
; u_pll|altpll_component|auto_generated|pll1|clk[1] ; 0.320 ; 0.000         ;
+---------------------------------------------------+-------+---------------+


-----------------------------------------
; Slow 1200mV 0C Model Recovery Summary ;
-----------------------------------------
No paths to report.


----------------------------------------
; Slow 1200mV 0C Model Removal Summary ;
----------------------------------------
No paths to report.


+----------------------------------------------------------------------------+
; Slow 1200mV 0C Model Minimum Pulse Width Summary                           ;
+---------------------------------------------------+--------+---------------+
; Clock                                             ; Slack  ; End Point TNS ;
+---------------------------------------------------+--------+---------------+
; u_pll|altpll_component|auto_generated|pll1|clk[1] ; 0.692  ; 0.000         ;
; u_pll|altpll_component|auto_generated|pll1|clk[0] ; 6.473  ; 0.000         ;
; CLOCK_50                                          ; 9.709  ; 0.000         ;
; EXTCLK_48                                         ; 16.833 ; 0.000         ;
+---------------------------------------------------+--------+---------------+


+-------------------------------------------------------------------------------------------------------------------------------------------------------------------------------------------------------------------------------------------------------------------------------------------------------------------------------------+
; Slow 1200mV 0C Model Setup: 'u_pll|altpll_component|auto_generated|pll1|clk[1]'                                                                                                                                                                                                                                                     ;
+-------+------------------------------------------------------------+---------------------------------------------------------------------------------------------------------------+---------------------------------------------------+---------------------------------------------------+--------------+------------+------------+
; Slack ; From Node                                                  ; To Node                                                                                                       ; Launch Clock                                      ; Latch Clock                                       ; Relationship ; Clock Skew ; Data Delay ;
+-------+------------------------------------------------------------+---------------------------------------------------------------------------------------------------------------+---------------------------------------------------+---------------------------------------------------+--------------+------------+------------+
; 0.982 ; hdmi_tx:u_tx|hdmi_tx_pdiff_submodule:u_ser|data_n_reg[6]   ; hdmi_tx:u_tx|hdmi_tx_pdiff_submodule:u_ser|altddio_out:u_ddo_n|ddio_out_u6j:auto_generated|ddio_outa[2]~DFFHI ; u_pll|altpll_component|auto_generated|pll1|clk[1] ; u_pll|altpll_component|auto_generated|pll1|clk[1] ; 2.692        ; -0.075     ; 1.315      ;
; 1.012 ; hdmi_tx:u_tx|hdmi_tx_pdiff_submodule:u_ser|data_p_reg[7]   ; hdmi_tx:u_tx|hdmi_tx_pdiff_submodule:u_ser|altddio_out:u_ddo_p|ddio_out_s9j:auto_generated|ddio_outa[3]~DFFHI ; u_pll|altpll_component|auto_generated|pll1|clk[1] ; u_pll|altpll_component|auto_generated|pll1|clk[1] ; 2.692        ; -0.069     ; 1.291      ;
; 1.031 ; hdmi_tx:u_tx|hdmi_tx_pdiff_submodule:u_ser|data_n_reg[5]   ; hdmi_tx:u_tx|hdmi_tx_pdiff_submodule:u_ser|altddio_out:u_ddo_n|ddio_out_u6j:auto_generated|ddio_outa[1]~DFFHI ; u_pll|altpll_component|auto_generated|pll1|clk[1] ; u_pll|altpll_component|auto_generated|pll1|clk[1] ; 2.692        ; -0.069     ; 1.272      ;
; 1.046 ; hdmi_tx:u_tx|hdmi_tx_pdiff_submodule:u_ser|data_p_reg[5]   ; hdmi_tx:u_tx|hdmi_tx_pdiff_submodule:u_ser|altddio_out:u_ddo_p|ddio_out_s9j:auto_generated|ddio_outa[1]~DFFHI ; u_pll|altpll_component|auto_generated|pll1|clk[1] ; u_pll|altpll_component|auto_generated|pll1|clk[1] ; 2.692        ; -0.069     ; 1.257      ;
; 1.071 ; hdmi_tx:u_tx|hdmi_tx_pdiff_submodule:u_ser|data_n_reg[7]   ; hdmi_tx:u_tx|hdmi_tx_pdiff_submodule:u_ser|altddio_out:u_ddo_n|ddio_out_u6j:auto_generated|ddio_outa[3]~DFFHI ; u_pll|altpll_component|auto_generated|pll1|clk[1] ; u_pll|altpll_component|auto_generated|pll1|clk[1] ; 2.692        ; -0.067     ; 1.234      ;
; 1.228 ; hdmi_tx:u_tx|hdmi_tx_pdiff_submodule:u_ser|data_p_reg[6]   ; hdmi_tx:u_tx|hdmi_tx_pdiff_submodule:u_ser|altddio_out:u_ddo_p|ddio_out_s9j:auto_generated|ddio_outa[2]~DFFHI ; u_pll|altpll_component|auto_generated|pll1|clk[1] ; u_pll|altpll_component|auto_generated|pll1|clk[1] ; 2.692        ; -0.065     ; 1.079      ;
; 1.236 ; hdmi_tx:u_tx|hdmi_tx_pdiff_submodule:u_ser|data_n_reg[3]   ; hdmi_tx:u_tx|hdmi_tx_pdiff_submodule:u_ser|altddio_out:u_ddo_n|ddio_out_u6j:auto_generated|ddio_outa[3]~DFFLO ; u_pll|altpll_component|auto_generated|pll1|clk[1] ; u_pll|altpll_component|auto_generated|pll1|clk[1] ; 2.692        ; -0.062     ; 1.297      ;
; 1.255 ; hdmi_tx:u_tx|hdmi_tx_pdiff_submodule:u_ser|data_n_reg[4]   ; hdmi_tx:u_tx|hdmi_tx_pdiff_submodule:u_ser|altddio_out:u_ddo_n|ddio_out_u6j:auto_generated|ddio_outa[0]~DFFHI ; u_pll|altpll_component|auto_generated|pll1|clk[1] ; u_pll|altpll_component|auto_generated|pll1|clk[1] ; 2.692        ; -0.070     ; 1.047      ;
; 1.288 ; hdmi_tx:u_tx|hdmi_tx_pdiff_submodule:u_ser|data_p_reg[2]   ; hdmi_tx:u_tx|hdmi_tx_pdiff_submodule:u_ser|altddio_out:u_ddo_p|ddio_out_s9j:auto_generated|ddio_outa[2]~DFFLO ; u_pll|altpll_component|auto_generated|pll1|clk[1] ; u_pll|altpll_component|auto_generated|pll1|clk[1] ; 2.692        ; -0.065     ; 1.242      ;
; 1.302 ; hdmi_tx:u_tx|hdmi_tx_pdiff_submodule:u_ser|start_reg[0]    ; hdmi_tx:u_tx|hdmi_tx_pdiff_submodule:u_ser|ser_reg[14]                                                        ; u_pll|altpll_component|auto_generated|pll1|clk[1] ; u_pll|altpll_component|auto_generated|pll1|clk[1] ; 2.692        ; -0.064     ; 1.321      ;
; 1.306 ; hdmi_tx:u_tx|hdmi_tx_pdiff_submodule:u_ser|start_reg[0]    ; hdmi_tx:u_tx|hdmi_tx_pdiff_submodule:u_ser|ser_reg[26]                                                        ; u_pll|altpll_component|auto_generated|pll1|clk[1] ; u_pll|altpll_component|auto_generated|pll1|clk[1] ; 2.692        ; -0.052     ; 1.329      ;
; 1.313 ; hdmi_tx:u_tx|hdmi_tx_pdiff_submodule:u_ser|start_reg[0]    ; hdmi_tx:u_tx|hdmi_tx_pdiff_submodule:u_ser|ser_reg[23]                                                        ; u_pll|altpll_component|auto_generated|pll1|clk[1] ; u_pll|altpll_component|auto_generated|pll1|clk[1] ; 2.692        ; -0.052     ; 1.322      ;
; 1.320 ; hdmi_tx:u_tx|hdmi_tx_pdiff_submodule:u_ser|start_reg[0]    ; hdmi_tx:u_tx|hdmi_tx_pdiff_submodule:u_ser|ser_reg[25]                                                        ; u_pll|altpll_component|auto_generated|pll1|clk[1] ; u_pll|altpll_component|auto_generated|pll1|clk[1] ; 2.692        ; -0.052     ; 1.315      ;
; 1.321 ; hdmi_tx:u_tx|hdmi_tx_pdiff_submodule:u_ser|start_reg[0]    ; hdmi_tx:u_tx|hdmi_tx_pdiff_submodule:u_ser|ser_reg[27]                                                        ; u_pll|altpll_component|auto_generated|pll1|clk[1] ; u_pll|altpll_component|auto_generated|pll1|clk[1] ; 2.692        ; -0.052     ; 1.314      ;
; 1.322 ; hdmi_tx:u_tx|hdmi_tx_pdiff_submodule:u_ser|start_reg[0]    ; hdmi_tx:u_tx|hdmi_tx_pdiff_submodule:u_ser|ser_reg[21]                                                        ; u_pll|altpll_component|auto_generated|pll1|clk[1] ; u_pll|altpll_component|auto_generated|pll1|clk[1] ; 2.692        ; -0.052     ; 1.313      ;
; 1.335 ; hdmi_tx:u_tx|hdmi_tx_pdiff_submodule:u_ser|start_reg[0]    ; hdmi_tx:u_tx|hdmi_tx_pdiff_submodule:u_ser|ser_reg[24]                                                        ; u_pll|altpll_component|auto_generated|pll1|clk[1] ; u_pll|altpll_component|auto_generated|pll1|clk[1] ; 2.692        ; -0.052     ; 1.300      ;
; 1.341 ; hdmi_tx:u_tx|hdmi_tx_pdiff_submodule:u_ser|data_p_reg[4]   ; hdmi_tx:u_tx|hdmi_tx_pdiff_submodule:u_ser|altddio_out:u_ddo_p|ddio_out_s9j:auto_generated|ddio_outa[0]~DFFHI ; u_pll|altpll_component|auto_generated|pll1|clk[1] ; u_pll|altpll_component|auto_generated|pll1|clk[1] ; 2.692        ; -0.063     ; 0.968      ;
; 1.372 ; hdmi_tx:u_tx|hdmi_tx_pdiff_submodule:u_ser|start_reg[0]    ; hdmi_tx:u_tx|hdmi_tx_pdiff_submodule:u_ser|ser_reg[20]                                                        ; u_pll|altpll_component|auto_generated|pll1|clk[1] ; u_pll|altpll_component|auto_generated|pll1|clk[1] ; 2.692        ; -0.051     ; 1.264      ;
; 1.372 ; hdmi_tx:u_tx|hdmi_tx_pdiff_submodule:u_ser|start_reg[0]    ; hdmi_tx:u_tx|hdmi_tx_pdiff_submodule:u_ser|ser_reg[22]                                                        ; u_pll|altpll_component|auto_generated|pll1|clk[1] ; u_pll|altpll_component|auto_generated|pll1|clk[1] ; 2.692        ; -0.051     ; 1.264      ;
; 1.372 ; hdmi_tx:u_tx|hdmi_tx_pdiff_submodule:u_ser|data_p_reg[0]   ; hdmi_tx:u_tx|hdmi_tx_pdiff_submodule:u_ser|altddio_out:u_ddo_p|ddio_out_s9j:auto_generated|ddio_outa[0]~DFFLO ; u_pll|altpll_component|auto_generated|pll1|clk[1] ; u_pll|altpll_component|auto_generated|pll1|clk[1] ; 2.692        ; -0.070     ; 1.153      ;
; 1.384 ; hdmi_tx:u_tx|hdmi_tx_pdiff_submodule:u_ser|data_n_reg[0]   ; hdmi_tx:u_tx|hdmi_tx_pdiff_submodule:u_ser|altddio_out:u_ddo_n|ddio_out_u6j:auto_generated|ddio_outa[0]~DFFLO ; u_pll|altpll_component|auto_generated|pll1|clk[1] ; u_pll|altpll_component|auto_generated|pll1|clk[1] ; 2.692        ; -0.070     ; 1.141      ;
; 1.385 ; hdmi_tx:u_tx|hdmi_tx_pdiff_submodule:u_ser|data_in_reg[7]  ; hdmi_tx:u_tx|hdmi_tx_pdiff_submodule:u_ser|ser_reg[7]                                                         ; u_pll|altpll_component|auto_generated|pll1|clk[0] ; u_pll|altpll_component|auto_generated|pll1|clk[1] ; 2.692        ; -0.139     ; 1.163      ;
; 1.392 ; hdmi_tx:u_tx|hdmi_tx_pdiff_submodule:u_ser|start_reg[0]    ; hdmi_tx:u_tx|hdmi_tx_pdiff_submodule:u_ser|ser_reg[35]                                                        ; u_pll|altpll_component|auto_generated|pll1|clk[1] ; u_pll|altpll_component|auto_generated|pll1|clk[1] ; 2.692        ; -0.063     ; 1.232      ;
; 1.394 ; hdmi_tx:u_tx|hdmi_tx_pdiff_submodule:u_ser|start_reg[0]    ; hdmi_tx:u_tx|hdmi_tx_pdiff_submodule:u_ser|ser_reg[37]                                                        ; u_pll|altpll_component|auto_generated|pll1|clk[1] ; u_pll|altpll_component|auto_generated|pll1|clk[1] ; 2.692        ; -0.063     ; 1.230      ;
; 1.405 ; hdmi_tx:u_tx|hdmi_tx_pdiff_submodule:u_ser|ser_reg[21]     ; hdmi_tx:u_tx|hdmi_tx_pdiff_submodule:u_ser|data_n_reg[2]                                                      ; u_pll|altpll_component|auto_generated|pll1|clk[1] ; u_pll|altpll_component|auto_generated|pll1|clk[1] ; 2.692        ; -0.065     ; 1.217      ;
; 1.408 ; hdmi_tx:u_tx|hdmi_tx_pdiff_submodule:u_ser|ser_reg[21]     ; hdmi_tx:u_tx|hdmi_tx_pdiff_submodule:u_ser|data_p_reg[2]                                                      ; u_pll|altpll_component|auto_generated|pll1|clk[1] ; u_pll|altpll_component|auto_generated|pll1|clk[1] ; 2.692        ; -0.065     ; 1.214      ;
; 1.412 ; hdmi_tx:u_tx|hdmi_tx_pdiff_submodule:u_ser|ser_reg[20]     ; hdmi_tx:u_tx|hdmi_tx_pdiff_submodule:u_ser|data_p_reg[6]                                                      ; u_pll|altpll_component|auto_generated|pll1|clk[1] ; u_pll|altpll_component|auto_generated|pll1|clk[1] ; 2.692        ; -0.064     ; 1.211      ;
; 1.418 ; hdmi_tx:u_tx|hdmi_tx_pdiff_submodule:u_ser|start_reg[0]    ; hdmi_tx:u_tx|hdmi_tx_pdiff_submodule:u_ser|start_reg[2]                                                       ; u_pll|altpll_component|auto_generated|pll1|clk[1] ; u_pll|altpll_component|auto_generated|pll1|clk[1] ; 2.692        ; -0.063     ; 1.206      ;
; 1.419 ; hdmi_tx:u_tx|hdmi_tx_pdiff_submodule:u_ser|start_reg[0]    ; hdmi_tx:u_tx|hdmi_tx_pdiff_submodule:u_ser|ser_reg[33]                                                        ; u_pll|altpll_component|auto_generated|pll1|clk[1] ; u_pll|altpll_component|auto_generated|pll1|clk[1] ; 2.692        ; -0.063     ; 1.205      ;
; 1.422 ; hdmi_tx:u_tx|hdmi_tx_pdiff_submodule:u_ser|start_reg[0]    ; hdmi_tx:u_tx|hdmi_tx_pdiff_submodule:u_ser|start_reg[3]                                                       ; u_pll|altpll_component|auto_generated|pll1|clk[1] ; u_pll|altpll_component|auto_generated|pll1|clk[1] ; 2.692        ; -0.063     ; 1.202      ;
; 1.423 ; hdmi_tx:u_tx|hdmi_tx_pdiff_submodule:u_ser|start_reg[0]    ; hdmi_tx:u_tx|hdmi_tx_pdiff_submodule:u_ser|ser_reg[31]                                                        ; u_pll|altpll_component|auto_generated|pll1|clk[1] ; u_pll|altpll_component|auto_generated|pll1|clk[1] ; 2.692        ; -0.063     ; 1.201      ;
; 1.470 ; hdmi_tx:u_tx|hdmi_tx_pdiff_submodule:u_ser|data_p_reg[3]   ; hdmi_tx:u_tx|hdmi_tx_pdiff_submodule:u_ser|altddio_out:u_ddo_p|ddio_out_s9j:auto_generated|ddio_outa[3]~DFFLO ; u_pll|altpll_component|auto_generated|pll1|clk[1] ; u_pll|altpll_component|auto_generated|pll1|clk[1] ; 2.692        ; -0.064     ; 1.061      ;
; 1.476 ; hdmi_tx:u_tx|hdmi_tx_pdiff_submodule:u_ser|ser_reg[14]     ; hdmi_tx:u_tx|hdmi_tx_pdiff_submodule:u_ser|ser_reg[12]                                                        ; u_pll|altpll_component|auto_generated|pll1|clk[1] ; u_pll|altpll_component|auto_generated|pll1|clk[1] ; 2.692        ; -0.052     ; 1.159      ;
; 1.481 ; hdmi_tx:u_tx|hdmi_tx_pdiff_submodule:u_ser|data_n_reg[2]   ; hdmi_tx:u_tx|hdmi_tx_pdiff_submodule:u_ser|altddio_out:u_ddo_n|ddio_out_u6j:auto_generated|ddio_outa[2]~DFFLO ; u_pll|altpll_component|auto_generated|pll1|clk[1] ; u_pll|altpll_component|auto_generated|pll1|clk[1] ; 2.692        ; -0.066     ; 1.048      ;
; 1.483 ; hdmi_tx:u_tx|hdmi_tx_pdiff_submodule:u_ser|data_n_reg[1]   ; hdmi_tx:u_tx|hdmi_tx_pdiff_submodule:u_ser|altddio_out:u_ddo_n|ddio_out_u6j:auto_generated|ddio_outa[1]~DFFLO ; u_pll|altpll_component|auto_generated|pll1|clk[1] ; u_pll|altpll_component|auto_generated|pll1|clk[1] ; 2.692        ; -0.066     ; 1.046      ;
; 1.501 ; hdmi_tx:u_tx|hdmi_tx_pdiff_submodule:u_ser|ser_reg[6]      ; hdmi_tx:u_tx|hdmi_tx_pdiff_submodule:u_ser|ser_reg[4]                                                         ; u_pll|altpll_component|auto_generated|pll1|clk[1] ; u_pll|altpll_component|auto_generated|pll1|clk[1] ; 2.692        ; -0.057     ; 1.129      ;
; 1.508 ; hdmi_tx:u_tx|hdmi_tx_pdiff_submodule:u_ser|start_reg[0]    ; hdmi_tx:u_tx|hdmi_tx_pdiff_submodule:u_ser|ser_reg[7]                                                         ; u_pll|altpll_component|auto_generated|pll1|clk[1] ; u_pll|altpll_component|auto_generated|pll1|clk[1] ; 2.692        ; -0.057     ; 1.122      ;
; 1.510 ; hdmi_tx:u_tx|hdmi_tx_pdiff_submodule:u_ser|start_reg[0]    ; hdmi_tx:u_tx|hdmi_tx_pdiff_submodule:u_ser|ser_reg[1]                                                         ; u_pll|altpll_component|auto_generated|pll1|clk[1] ; u_pll|altpll_component|auto_generated|pll1|clk[1] ; 2.692        ; -0.057     ; 1.120      ;
; 1.513 ; hdmi_tx:u_tx|hdmi_tx_pdiff_submodule:u_ser|data_p_reg[1]   ; hdmi_tx:u_tx|hdmi_tx_pdiff_submodule:u_ser|altddio_out:u_ddo_p|ddio_out_s9j:auto_generated|ddio_outa[1]~DFFLO ; u_pll|altpll_component|auto_generated|pll1|clk[1] ; u_pll|altpll_component|auto_generated|pll1|clk[1] ; 2.692        ; -0.066     ; 1.016      ;
; 1.514 ; hdmi_tx:u_tx|hdmi_tx_pdiff_submodule:u_ser|start_reg[0]    ; hdmi_tx:u_tx|hdmi_tx_pdiff_submodule:u_ser|ser_reg[36]                                                        ; u_pll|altpll_component|auto_generated|pll1|clk[1] ; u_pll|altpll_component|auto_generated|pll1|clk[1] ; 2.692        ; -0.057     ; 1.116      ;
; 1.526 ; hdmi_tx:u_tx|hdmi_tx_pdiff_submodule:u_ser|data_in_reg[23] ; hdmi_tx:u_tx|hdmi_tx_pdiff_submodule:u_ser|ser_reg[23]                                                        ; u_pll|altpll_component|auto_generated|pll1|clk[0] ; u_pll|altpll_component|auto_generated|pll1|clk[1] ; 2.692        ; -0.138     ; 1.023      ;
; 1.530 ; hdmi_tx:u_tx|hdmi_tx_pdiff_submodule:u_ser|start_reg[0]    ; hdmi_tx:u_tx|hdmi_tx_pdiff_submodule:u_ser|ser_reg[11]                                                        ; u_pll|altpll_component|auto_generated|pll1|clk[1] ; u_pll|altpll_component|auto_generated|pll1|clk[1] ; 2.692        ; -0.064     ; 1.093      ;
; 1.531 ; hdmi_tx:u_tx|hdmi_tx_pdiff_submodule:u_ser|start_reg[0]    ; hdmi_tx:u_tx|hdmi_tx_pdiff_submodule:u_ser|ser_reg[15]                                                        ; u_pll|altpll_component|auto_generated|pll1|clk[1] ; u_pll|altpll_component|auto_generated|pll1|clk[1] ; 2.692        ; -0.064     ; 1.092      ;
; 1.532 ; hdmi_tx:u_tx|hdmi_tx_pdiff_submodule:u_ser|start_reg[0]    ; hdmi_tx:u_tx|hdmi_tx_pdiff_submodule:u_ser|ser_reg[5]                                                         ; u_pll|altpll_component|auto_generated|pll1|clk[1] ; u_pll|altpll_component|auto_generated|pll1|clk[1] ; 2.692        ; -0.057     ; 1.098      ;
; 1.533 ; hdmi_tx:u_tx|hdmi_tx_pdiff_submodule:u_ser|start_reg[0]    ; hdmi_tx:u_tx|hdmi_tx_pdiff_submodule:u_ser|ser_reg[30]                                                        ; u_pll|altpll_component|auto_generated|pll1|clk[1] ; u_pll|altpll_component|auto_generated|pll1|clk[1] ; 2.692        ; -0.057     ; 1.097      ;
; 1.533 ; hdmi_tx:u_tx|hdmi_tx_pdiff_submodule:u_ser|start_reg[0]    ; hdmi_tx:u_tx|hdmi_tx_pdiff_submodule:u_ser|ser_reg[13]                                                        ; u_pll|altpll_component|auto_generated|pll1|clk[1] ; u_pll|altpll_component|auto_generated|pll1|clk[1] ; 2.692        ; -0.064     ; 1.090      ;
; 1.535 ; hdmi_tx:u_tx|hdmi_tx_pdiff_submodule:u_ser|start_reg[0]    ; hdmi_tx:u_tx|hdmi_tx_pdiff_submodule:u_ser|ser_reg[32]                                                        ; u_pll|altpll_component|auto_generated|pll1|clk[1] ; u_pll|altpll_component|auto_generated|pll1|clk[1] ; 2.692        ; -0.057     ; 1.095      ;
; 1.537 ; hdmi_tx:u_tx|hdmi_tx_pdiff_submodule:u_ser|start_reg[0]    ; hdmi_tx:u_tx|hdmi_tx_pdiff_submodule:u_ser|ser_reg[17]                                                        ; u_pll|altpll_component|auto_generated|pll1|clk[1] ; u_pll|altpll_component|auto_generated|pll1|clk[1] ; 2.692        ; -0.064     ; 1.086      ;
; 1.538 ; hdmi_tx:u_tx|hdmi_tx_pdiff_submodule:u_ser|start_reg[0]    ; hdmi_tx:u_tx|hdmi_tx_pdiff_submodule:u_ser|ser_reg[16]                                                        ; u_pll|altpll_component|auto_generated|pll1|clk[1] ; u_pll|altpll_component|auto_generated|pll1|clk[1] ; 2.692        ; -0.064     ; 1.085      ;
; 1.541 ; hdmi_tx:u_tx|hdmi_tx_pdiff_submodule:u_ser|start_reg[0]    ; hdmi_tx:u_tx|hdmi_tx_pdiff_submodule:u_ser|ser_reg[34]                                                        ; u_pll|altpll_component|auto_generated|pll1|clk[1] ; u_pll|altpll_component|auto_generated|pll1|clk[1] ; 2.692        ; -0.057     ; 1.089      ;
; 1.543 ; hdmi_tx:u_tx|hdmi_tx_pdiff_submodule:u_ser|data_in_reg[4]  ; hdmi_tx:u_tx|hdmi_tx_pdiff_submodule:u_ser|ser_reg[4]                                                         ; u_pll|altpll_component|auto_generated|pll1|clk[0] ; u_pll|altpll_component|auto_generated|pll1|clk[1] ; 2.692        ; -0.139     ; 1.005      ;
; 1.543 ; hdmi_tx:u_tx|hdmi_tx_pdiff_submodule:u_ser|data_in_reg[0]  ; hdmi_tx:u_tx|hdmi_tx_pdiff_submodule:u_ser|ser_reg[0]                                                         ; u_pll|altpll_component|auto_generated|pll1|clk[0] ; u_pll|altpll_component|auto_generated|pll1|clk[1] ; 2.692        ; -0.139     ; 1.005      ;
; 1.549 ; hdmi_tx:u_tx|hdmi_tx_pdiff_submodule:u_ser|data_in_reg[17] ; hdmi_tx:u_tx|hdmi_tx_pdiff_submodule:u_ser|ser_reg[17]                                                        ; u_pll|altpll_component|auto_generated|pll1|clk[0] ; u_pll|altpll_component|auto_generated|pll1|clk[1] ; 2.692        ; -0.147     ; 0.991      ;
; 1.554 ; hdmi_tx:u_tx|hdmi_tx_pdiff_submodule:u_ser|data_in_reg[16] ; hdmi_tx:u_tx|hdmi_tx_pdiff_submodule:u_ser|ser_reg[16]                                                        ; u_pll|altpll_component|auto_generated|pll1|clk[0] ; u_pll|altpll_component|auto_generated|pll1|clk[1] ; 2.692        ; -0.147     ; 0.986      ;
; 1.558 ; hdmi_tx:u_tx|hdmi_tx_pdiff_submodule:u_ser|data_in_reg[3]  ; hdmi_tx:u_tx|hdmi_tx_pdiff_submodule:u_ser|ser_reg[3]                                                         ; u_pll|altpll_component|auto_generated|pll1|clk[0] ; u_pll|altpll_component|auto_generated|pll1|clk[1] ; 2.692        ; -0.139     ; 0.990      ;
; 1.559 ; hdmi_tx:u_tx|hdmi_tx_pdiff_submodule:u_ser|start_reg[0]    ; hdmi_tx:u_tx|hdmi_tx_pdiff_submodule:u_ser|ser_reg[12]                                                        ; u_pll|altpll_component|auto_generated|pll1|clk[1] ; u_pll|altpll_component|auto_generated|pll1|clk[1] ; 2.692        ; -0.061     ; 1.067      ;
; 1.560 ; hdmi_tx:u_tx|hdmi_tx_pdiff_submodule:u_ser|start_reg[0]    ; hdmi_tx:u_tx|hdmi_tx_pdiff_submodule:u_ser|ser_reg[10]                                                        ; u_pll|altpll_component|auto_generated|pll1|clk[1] ; u_pll|altpll_component|auto_generated|pll1|clk[1] ; 2.692        ; -0.061     ; 1.066      ;
; 1.564 ; hdmi_tx:u_tx|hdmi_tx_pdiff_submodule:u_ser|data_in_reg[1]  ; hdmi_tx:u_tx|hdmi_tx_pdiff_submodule:u_ser|ser_reg[1]                                                         ; u_pll|altpll_component|auto_generated|pll1|clk[0] ; u_pll|altpll_component|auto_generated|pll1|clk[1] ; 2.692        ; -0.138     ; 0.985      ;
; 1.605 ; hdmi_tx:u_tx|hdmi_tx_pdiff_submodule:u_ser|ser_reg[11]     ; hdmi_tx:u_tx|hdmi_tx_pdiff_submodule:u_ser|data_n_reg[1]                                                      ; u_pll|altpll_component|auto_generated|pll1|clk[1] ; u_pll|altpll_component|auto_generated|pll1|clk[1] ; 2.692        ; -0.052     ; 1.030      ;
; 1.606 ; hdmi_tx:u_tx|hdmi_tx_pdiff_submodule:u_ser|ser_reg[11]     ; hdmi_tx:u_tx|hdmi_tx_pdiff_submodule:u_ser|data_p_reg[1]                                                      ; u_pll|altpll_component|auto_generated|pll1|clk[1] ; u_pll|altpll_component|auto_generated|pll1|clk[1] ; 2.692        ; -0.052     ; 1.029      ;
; 1.631 ; hdmi_tx:u_tx|hdmi_tx_pdiff_submodule:u_ser|ser_reg[2]      ; hdmi_tx:u_tx|hdmi_tx_pdiff_submodule:u_ser|ser_reg[0]                                                         ; u_pll|altpll_component|auto_generated|pll1|clk[1] ; u_pll|altpll_component|auto_generated|pll1|clk[1] ; 2.692        ; -0.057     ; 0.999      ;
; 1.638 ; hdmi_tx:u_tx|hdmi_tx_pdiff_submodule:u_ser|ser_reg[0]      ; hdmi_tx:u_tx|hdmi_tx_pdiff_submodule:u_ser|data_p_reg[4]                                                      ; u_pll|altpll_component|auto_generated|pll1|clk[1] ; u_pll|altpll_component|auto_generated|pll1|clk[1] ; 2.692        ; -0.062     ; 0.987      ;
; 1.639 ; hdmi_tx:u_tx|hdmi_tx_pdiff_submodule:u_ser|data_in_reg[14] ; hdmi_tx:u_tx|hdmi_tx_pdiff_submodule:u_ser|ser_reg[14]                                                        ; u_pll|altpll_component|auto_generated|pll1|clk[0] ; u_pll|altpll_component|auto_generated|pll1|clk[1] ; 2.692        ; -0.147     ; 0.901      ;
; 1.640 ; hdmi_tx:u_tx|hdmi_tx_pdiff_submodule:u_ser|ser_reg[10]     ; hdmi_tx:u_tx|hdmi_tx_pdiff_submodule:u_ser|data_p_reg[5]                                                      ; u_pll|altpll_component|auto_generated|pll1|clk[1] ; u_pll|altpll_component|auto_generated|pll1|clk[1] ; 2.692        ; -0.052     ; 0.995      ;
; 1.641 ; hdmi_tx:u_tx|hdmi_tx_pdiff_submodule:u_ser|ser_reg[10]     ; hdmi_tx:u_tx|hdmi_tx_pdiff_submodule:u_ser|data_n_reg[5]                                                      ; u_pll|altpll_component|auto_generated|pll1|clk[1] ; u_pll|altpll_component|auto_generated|pll1|clk[1] ; 2.692        ; -0.052     ; 0.994      ;
; 1.650 ; hdmi_tx:u_tx|hdmi_tx_pdiff_submodule:u_ser|data_in_reg[26] ; hdmi_tx:u_tx|hdmi_tx_pdiff_submodule:u_ser|ser_reg[26]                                                        ; u_pll|altpll_component|auto_generated|pll1|clk[0] ; u_pll|altpll_component|auto_generated|pll1|clk[1] ; 2.692        ; -0.138     ; 0.899      ;
; 1.656 ; hdmi_tx:u_tx|hdmi_tx_pdiff_submodule:u_ser|start_reg[2]    ; hdmi_tx:u_tx|hdmi_tx_pdiff_submodule:u_ser|start_reg[1]                                                       ; u_pll|altpll_component|auto_generated|pll1|clk[1] ; u_pll|altpll_component|auto_generated|pll1|clk[1] ; 2.692        ; -0.049     ; 0.982      ;
; 1.658 ; hdmi_tx:u_tx|hdmi_tx_pdiff_submodule:u_ser|start_reg[0]    ; hdmi_tx:u_tx|hdmi_tx_pdiff_submodule:u_ser|ser_reg[3]                                                         ; u_pll|altpll_component|auto_generated|pll1|clk[1] ; u_pll|altpll_component|auto_generated|pll1|clk[1] ; 2.692        ; -0.057     ; 0.972      ;
; 1.658 ; hdmi_tx:u_tx|hdmi_tx_pdiff_submodule:u_ser|start_reg[0]    ; hdmi_tx:u_tx|hdmi_tx_pdiff_submodule:u_ser|ser_reg[0]                                                         ; u_pll|altpll_component|auto_generated|pll1|clk[1] ; u_pll|altpll_component|auto_generated|pll1|clk[1] ; 2.692        ; -0.057     ; 0.972      ;
; 1.659 ; hdmi_tx:u_tx|hdmi_tx_pdiff_submodule:u_ser|data_in_reg[18] ; hdmi_tx:u_tx|hdmi_tx_pdiff_submodule:u_ser|ser_reg[18]                                                        ; u_pll|altpll_component|auto_generated|pll1|clk[0] ; u_pll|altpll_component|auto_generated|pll1|clk[1] ; 2.692        ; -0.147     ; 0.881      ;
; 1.659 ; hdmi_tx:u_tx|hdmi_tx_pdiff_submodule:u_ser|start_reg[0]    ; hdmi_tx:u_tx|hdmi_tx_pdiff_submodule:u_ser|ser_reg[4]                                                         ; u_pll|altpll_component|auto_generated|pll1|clk[1] ; u_pll|altpll_component|auto_generated|pll1|clk[1] ; 2.692        ; -0.057     ; 0.971      ;
; 1.664 ; hdmi_tx:u_tx|hdmi_tx_pdiff_submodule:u_ser|data_in_reg[13] ; hdmi_tx:u_tx|hdmi_tx_pdiff_submodule:u_ser|ser_reg[13]                                                        ; u_pll|altpll_component|auto_generated|pll1|clk[0] ; u_pll|altpll_component|auto_generated|pll1|clk[1] ; 2.692        ; -0.147     ; 0.876      ;
; 1.665 ; hdmi_tx:u_tx|hdmi_tx_pdiff_submodule:u_ser|data_in_reg[19] ; hdmi_tx:u_tx|hdmi_tx_pdiff_submodule:u_ser|ser_reg[19]                                                        ; u_pll|altpll_component|auto_generated|pll1|clk[0] ; u_pll|altpll_component|auto_generated|pll1|clk[1] ; 2.692        ; -0.147     ; 0.875      ;
; 1.667 ; hdmi_tx:u_tx|hdmi_tx_pdiff_submodule:u_ser|data_in_reg[28] ; hdmi_tx:u_tx|hdmi_tx_pdiff_submodule:u_ser|ser_reg[28]                                                        ; u_pll|altpll_component|auto_generated|pll1|clk[0] ; u_pll|altpll_component|auto_generated|pll1|clk[1] ; 2.692        ; -0.138     ; 0.882      ;
; 1.670 ; hdmi_tx:u_tx|hdmi_tx_pdiff_submodule:u_ser|data_in_reg[24] ; hdmi_tx:u_tx|hdmi_tx_pdiff_submodule:u_ser|ser_reg[24]                                                        ; u_pll|altpll_component|auto_generated|pll1|clk[0] ; u_pll|altpll_component|auto_generated|pll1|clk[1] ; 2.692        ; -0.138     ; 0.879      ;
; 1.670 ; hdmi_tx:u_tx|hdmi_tx_pdiff_submodule:u_ser|data_in_reg[12] ; hdmi_tx:u_tx|hdmi_tx_pdiff_submodule:u_ser|ser_reg[12]                                                        ; u_pll|altpll_component|auto_generated|pll1|clk[0] ; u_pll|altpll_component|auto_generated|pll1|clk[1] ; 2.692        ; -0.147     ; 0.870      ;
; 1.672 ; hdmi_tx:u_tx|hdmi_tx_pdiff_submodule:u_ser|data_in_reg[8]  ; hdmi_tx:u_tx|hdmi_tx_pdiff_submodule:u_ser|ser_reg[8]                                                         ; u_pll|altpll_component|auto_generated|pll1|clk[0] ; u_pll|altpll_component|auto_generated|pll1|clk[1] ; 2.692        ; -0.137     ; 0.878      ;
; 1.674 ; hdmi_tx:u_tx|hdmi_tx_pdiff_submodule:u_ser|data_in_reg[27] ; hdmi_tx:u_tx|hdmi_tx_pdiff_submodule:u_ser|ser_reg[27]                                                        ; u_pll|altpll_component|auto_generated|pll1|clk[0] ; u_pll|altpll_component|auto_generated|pll1|clk[1] ; 2.692        ; -0.138     ; 0.875      ;
; 1.674 ; hdmi_tx:u_tx|hdmi_tx_pdiff_submodule:u_ser|data_in_reg[29] ; hdmi_tx:u_tx|hdmi_tx_pdiff_submodule:u_ser|ser_reg[29]                                                        ; u_pll|altpll_component|auto_generated|pll1|clk[0] ; u_pll|altpll_component|auto_generated|pll1|clk[1] ; 2.692        ; -0.138     ; 0.875      ;
; 1.681 ; hdmi_tx:u_tx|hdmi_tx_pdiff_submodule:u_ser|data_in_reg[22] ; hdmi_tx:u_tx|hdmi_tx_pdiff_submodule:u_ser|ser_reg[22]                                                        ; u_pll|altpll_component|auto_generated|pll1|clk[0] ; u_pll|altpll_component|auto_generated|pll1|clk[1] ; 2.692        ; -0.137     ; 0.869      ;
; 1.691 ; hdmi_tx:u_tx|hdmi_tx_pdiff_submodule:u_ser|start_reg[0]    ; hdmi_tx:u_tx|hdmi_tx_pdiff_submodule:u_ser|start_reg[1]                                                       ; u_pll|altpll_component|auto_generated|pll1|clk[1] ; u_pll|altpll_component|auto_generated|pll1|clk[1] ; 2.692        ; -0.057     ; 0.939      ;
; 1.692 ; hdmi_tx:u_tx|hdmi_tx_pdiff_submodule:u_ser|data_in_reg[15] ; hdmi_tx:u_tx|hdmi_tx_pdiff_submodule:u_ser|ser_reg[15]                                                        ; u_pll|altpll_component|auto_generated|pll1|clk[0] ; u_pll|altpll_component|auto_generated|pll1|clk[1] ; 2.692        ; -0.147     ; 0.848      ;
; 1.693 ; hdmi_tx:u_tx|hdmi_tx_pdiff_submodule:u_ser|data_in_reg[11] ; hdmi_tx:u_tx|hdmi_tx_pdiff_submodule:u_ser|ser_reg[11]                                                        ; u_pll|altpll_component|auto_generated|pll1|clk[0] ; u_pll|altpll_component|auto_generated|pll1|clk[1] ; 2.692        ; -0.147     ; 0.847      ;
; 1.694 ; hdmi_tx:u_tx|hdmi_tx_pdiff_submodule:u_ser|data_in_reg[10] ; hdmi_tx:u_tx|hdmi_tx_pdiff_submodule:u_ser|ser_reg[10]                                                        ; u_pll|altpll_component|auto_generated|pll1|clk[0] ; u_pll|altpll_component|auto_generated|pll1|clk[1] ; 2.692        ; -0.147     ; 0.846      ;
; 1.698 ; hdmi_tx:u_tx|hdmi_tx_pdiff_submodule:u_ser|data_in_reg[5]  ; hdmi_tx:u_tx|hdmi_tx_pdiff_submodule:u_ser|ser_reg[5]                                                         ; u_pll|altpll_component|auto_generated|pll1|clk[0] ; u_pll|altpll_component|auto_generated|pll1|clk[1] ; 2.692        ; -0.138     ; 0.851      ;
; 1.700 ; hdmi_tx:u_tx|hdmi_tx_pdiff_submodule:u_ser|data_in_reg[25] ; hdmi_tx:u_tx|hdmi_tx_pdiff_submodule:u_ser|ser_reg[25]                                                        ; u_pll|altpll_component|auto_generated|pll1|clk[0] ; u_pll|altpll_component|auto_generated|pll1|clk[1] ; 2.692        ; -0.138     ; 0.849      ;
; 1.701 ; hdmi_tx:u_tx|hdmi_tx_pdiff_submodule:u_ser|data_in_reg[2]  ; hdmi_tx:u_tx|hdmi_tx_pdiff_submodule:u_ser|ser_reg[2]                                                         ; u_pll|altpll_component|auto_generated|pll1|clk[0] ; u_pll|altpll_component|auto_generated|pll1|clk[1] ; 2.692        ; -0.137     ; 0.849      ;
; 1.703 ; hdmi_tx:u_tx|hdmi_tx_pdiff_submodule:u_ser|data_in_reg[21] ; hdmi_tx:u_tx|hdmi_tx_pdiff_submodule:u_ser|ser_reg[21]                                                        ; u_pll|altpll_component|auto_generated|pll1|clk[0] ; u_pll|altpll_component|auto_generated|pll1|clk[1] ; 2.692        ; -0.138     ; 0.846      ;
; 1.704 ; hdmi_tx:u_tx|hdmi_tx_pdiff_submodule:u_ser|data_in_reg[20] ; hdmi_tx:u_tx|hdmi_tx_pdiff_submodule:u_ser|ser_reg[20]                                                        ; u_pll|altpll_component|auto_generated|pll1|clk[0] ; u_pll|altpll_component|auto_generated|pll1|clk[1] ; 2.692        ; -0.137     ; 0.846      ;
; 1.704 ; hdmi_tx:u_tx|hdmi_tx_pdiff_submodule:u_ser|data_in_reg[6]  ; hdmi_tx:u_tx|hdmi_tx_pdiff_submodule:u_ser|ser_reg[6]                                                         ; u_pll|altpll_component|auto_generated|pll1|clk[0] ; u_pll|altpll_component|auto_generated|pll1|clk[1] ; 2.692        ; -0.137     ; 0.846      ;
; 1.720 ; hdmi_tx:u_tx|hdmi_tx_pdiff_submodule:u_ser|start_reg[0]    ; hdmi_tx:u_tx|hdmi_tx_pdiff_submodule:u_ser|ser_reg[2]                                                         ; u_pll|altpll_component|auto_generated|pll1|clk[1] ; u_pll|altpll_component|auto_generated|pll1|clk[1] ; 2.692        ; -0.055     ; 0.912      ;
; 1.721 ; hdmi_tx:u_tx|hdmi_tx_pdiff_submodule:u_ser|start_reg[0]    ; hdmi_tx:u_tx|hdmi_tx_pdiff_submodule:u_ser|ser_reg[6]                                                         ; u_pll|altpll_component|auto_generated|pll1|clk[1] ; u_pll|altpll_component|auto_generated|pll1|clk[1] ; 2.692        ; -0.055     ; 0.911      ;
; 1.753 ; hdmi_tx:u_tx|hdmi_tx_pdiff_submodule:u_ser|ser_reg[25]     ; hdmi_tx:u_tx|hdmi_tx_pdiff_submodule:u_ser|ser_reg[23]                                                        ; u_pll|altpll_component|auto_generated|pll1|clk[1] ; u_pll|altpll_component|auto_generated|pll1|clk[1] ; 2.692        ; -0.056     ; 0.878      ;
; 1.754 ; hdmi_tx:u_tx|hdmi_tx_pdiff_submodule:u_ser|ser_reg[28]     ; hdmi_tx:u_tx|hdmi_tx_pdiff_submodule:u_ser|ser_reg[26]                                                        ; u_pll|altpll_component|auto_generated|pll1|clk[1] ; u_pll|altpll_component|auto_generated|pll1|clk[1] ; 2.692        ; -0.056     ; 0.877      ;
; 1.768 ; hdmi_tx:u_tx|hdmi_tx_pdiff_submodule:u_ser|start_reg[3]    ; hdmi_tx:u_tx|hdmi_tx_pdiff_submodule:u_ser|start_reg[2]                                                       ; u_pll|altpll_component|auto_generated|pll1|clk[1] ; u_pll|altpll_component|auto_generated|pll1|clk[1] ; 2.692        ; -0.055     ; 0.864      ;
; 1.805 ; hdmi_tx:u_tx|hdmi_tx_pdiff_submodule:u_ser|ser_reg[18]     ; hdmi_tx:u_tx|hdmi_tx_pdiff_submodule:u_ser|ser_reg[16]                                                        ; u_pll|altpll_component|auto_generated|pll1|clk[1] ; u_pll|altpll_component|auto_generated|pll1|clk[1] ; 2.692        ; -0.055     ; 0.827      ;
; 1.805 ; hdmi_tx:u_tx|hdmi_tx_pdiff_submodule:u_ser|ser_reg[12]     ; hdmi_tx:u_tx|hdmi_tx_pdiff_submodule:u_ser|ser_reg[10]                                                        ; u_pll|altpll_component|auto_generated|pll1|clk[1] ; u_pll|altpll_component|auto_generated|pll1|clk[1] ; 2.692        ; -0.055     ; 0.827      ;
; 1.806 ; hdmi_tx:u_tx|hdmi_tx_pdiff_submodule:u_ser|ser_reg[15]     ; hdmi_tx:u_tx|hdmi_tx_pdiff_submodule:u_ser|ser_reg[13]                                                        ; u_pll|altpll_component|auto_generated|pll1|clk[1] ; u_pll|altpll_component|auto_generated|pll1|clk[1] ; 2.692        ; -0.055     ; 0.826      ;
; 1.809 ; hdmi_tx:u_tx|hdmi_tx_pdiff_submodule:u_ser|ser_reg[13]     ; hdmi_tx:u_tx|hdmi_tx_pdiff_submodule:u_ser|ser_reg[11]                                                        ; u_pll|altpll_component|auto_generated|pll1|clk[1] ; u_pll|altpll_component|auto_generated|pll1|clk[1] ; 2.692        ; -0.055     ; 0.823      ;
; 1.809 ; hdmi_tx:u_tx|hdmi_tx_pdiff_submodule:u_ser|ser_reg[17]     ; hdmi_tx:u_tx|hdmi_tx_pdiff_submodule:u_ser|ser_reg[15]                                                        ; u_pll|altpll_component|auto_generated|pll1|clk[1] ; u_pll|altpll_component|auto_generated|pll1|clk[1] ; 2.692        ; -0.055     ; 0.823      ;
+-------+------------------------------------------------------------+---------------------------------------------------------------------------------------------------------------+---------------------------------------------------+---------------------------------------------------+--------------+------------+------------+


+----------------------------------------------------------------------------------------------------------------------------------------------------------------------------------------------------------------------------------------------------------------------------------------------------------------------------------------------------------------------------------------------------------+
; Slow 1200mV 0C Model Setup: 'u_pll|altpll_component|auto_generated|pll1|clk[0]'                                                                                                                                                                                                                                                                                                                          ;
+-------+-------------------------------------------------------------------------------------------------------------------------------------------------------------------------+-----------------------------------------------------------------------+---------------------------------------------------+---------------------------------------------------+--------------+------------+------------+
; Slack ; From Node                                                                                                                                                               ; To Node                                                               ; Launch Clock                                      ; Latch Clock                                       ; Relationship ; Clock Skew ; Data Delay ;
+-------+-------------------------------------------------------------------------------------------------------------------------------------------------------------------------+-----------------------------------------------------------------------+---------------------------------------------------+---------------------------------------------------+--------------+------------+------------+
; 6.560 ; logo_overlay:u_logo|logo_pattern_rom:u_rom|altsyncram:altsyncram_component|altsyncram_79c1:auto_generated|ram_block1a5~porta_address_reg0                               ; logo_overlay:u_logo|pix_out_reg[4]                                    ; u_pll|altpll_component|auto_generated|pll1|clk[0] ; u_pll|altpll_component|auto_generated|pll1|clk[0] ; 13.461       ; -0.348     ; 6.548      ;
; 6.569 ; melodychime:u_chime|count10us[0]                                                                                                                                        ; video_syncgen:u_vga|cb_rgb_reg[16]                                    ; u_pll|altpll_component|auto_generated|pll1|clk[0] ; u_pll|altpll_component|auto_generated|pll1|clk[0] ; 13.461       ; -0.055     ; 6.832      ;
; 6.595 ; logo_overlay:u_logo|logo_pattern_rom:u_rom|altsyncram:altsyncram_component|altsyncram_79c1:auto_generated|ram_block1a5~porta_address_reg0                               ; logo_overlay:u_logo|pix_out_reg[15]                                   ; u_pll|altpll_component|auto_generated|pll1|clk[0] ; u_pll|altpll_component|auto_generated|pll1|clk[0] ; 13.461       ; -0.348     ; 6.513      ;
; 6.645 ; melodychime:u_chime|count10us[0]                                                                                                                                        ; video_syncgen:u_vga|cb_rgb_reg[3]                                     ; u_pll|altpll_component|auto_generated|pll1|clk[0] ; u_pll|altpll_component|auto_generated|pll1|clk[0] ; 13.461       ; -0.049     ; 6.762      ;
; 6.670 ; melodychime:u_chime|count10us[0]                                                                                                                                        ; video_syncgen:u_vga|cb_rgb_reg[6]                                     ; u_pll|altpll_component|auto_generated|pll1|clk[0] ; u_pll|altpll_component|auto_generated|pll1|clk[0] ; 13.461       ; -0.058     ; 6.728      ;
; 6.708 ; logo_overlay:u_logo|logo_pattern_rom:u_rom|altsyncram:altsyncram_component|altsyncram_79c1:auto_generated|ram_block1a3~porta_address_reg0                               ; logo_overlay:u_logo|pix_out_reg[4]                                    ; u_pll|altpll_component|auto_generated|pll1|clk[0] ; u_pll|altpll_component|auto_generated|pll1|clk[0] ; 13.461       ; -0.348     ; 6.400      ;
; 6.711 ; melodychime:u_chime|count10us[0]                                                                                                                                        ; video_syncgen:u_vga|cb_rgb_reg[20]                                    ; u_pll|altpll_component|auto_generated|pll1|clk[0] ; u_pll|altpll_component|auto_generated|pll1|clk[0] ; 13.461       ; -0.058     ; 6.687      ;
; 6.743 ; logo_overlay:u_logo|logo_pattern_rom:u_rom|altsyncram:altsyncram_component|altsyncram_79c1:auto_generated|ram_block1a3~porta_address_reg0                               ; logo_overlay:u_logo|pix_out_reg[15]                                   ; u_pll|altpll_component|auto_generated|pll1|clk[0] ; u_pll|altpll_component|auto_generated|pll1|clk[0] ; 13.461       ; -0.348     ; 6.365      ;
; 6.749 ; logo_overlay:u_logo|logo_pattern_rom:u_rom|altsyncram:altsyncram_component|altsyncram_79c1:auto_generated|ram_block1a5~porta_address_reg0                               ; logo_overlay:u_logo|pix_out_reg[10]                                   ; u_pll|altpll_component|auto_generated|pll1|clk[0] ; u_pll|altpll_component|auto_generated|pll1|clk[0] ; 13.461       ; -0.348     ; 6.359      ;
; 6.758 ; logo_overlay:u_logo|logo_pattern_rom:u_rom|altsyncram:altsyncram_component|altsyncram_79c1:auto_generated|ram_block1a5~porta_address_reg0                               ; logo_overlay:u_logo|pix_out_reg[18]                                   ; u_pll|altpll_component|auto_generated|pll1|clk[0] ; u_pll|altpll_component|auto_generated|pll1|clk[0] ; 13.461       ; -0.345     ; 6.353      ;
; 6.775 ; hdmi_tx:u_tx|hdmi_tx_tmds_encoder_submodule:\gen_enc:2:u|qm_reg[1]                                                                                                      ; hdmi_tx:u_tx|hdmi_tx_tmds_encoder_submodule:\gen_enc:2:u|cnt[2]       ; u_pll|altpll_component|auto_generated|pll1|clk[0] ; u_pll|altpll_component|auto_generated|pll1|clk[0] ; 13.461       ; -0.052     ; 6.629      ;
; 6.784 ; hdmi_tx:u_tx|hdmi_tx_tmds_encoder_submodule:\gen_enc:2:u|qm_reg[0]                                                                                                      ; hdmi_tx:u_tx|hdmi_tx_tmds_encoder_submodule:\gen_enc:2:u|cnt[2]       ; u_pll|altpll_component|auto_generated|pll1|clk[0] ; u_pll|altpll_component|auto_generated|pll1|clk[0] ; 13.461       ; -0.056     ; 6.616      ;
; 6.786 ; hdmi_tx:u_tx|hdmi_tx_tmds_encoder_submodule:\gen_enc:2:u|qm_reg[1]                                                                                                      ; hdmi_tx:u_tx|hdmi_tx_tmds_encoder_submodule:\gen_enc:2:u|cnt[3]       ; u_pll|altpll_component|auto_generated|pll1|clk[0] ; u_pll|altpll_component|auto_generated|pll1|clk[0] ; 13.461       ; -0.052     ; 6.618      ;
; 6.791 ; hdmi_tx:u_tx|hdmi_tx_tmds_encoder_submodule:\gen_enc:2:u|qm_reg[5]                                                                                                      ; hdmi_tx:u_tx|hdmi_tx_tmds_encoder_submodule:\gen_enc:2:u|cnt[2]       ; u_pll|altpll_component|auto_generated|pll1|clk[0] ; u_pll|altpll_component|auto_generated|pll1|clk[0] ; 13.461       ; -0.056     ; 6.609      ;
; 6.792 ; hdmi_tx:u_tx|hdmi_tx_tmds_encoder_submodule:\gen_enc:2:u|qm_reg[4]                                                                                                      ; hdmi_tx:u_tx|hdmi_tx_tmds_encoder_submodule:\gen_enc:2:u|cnt[2]       ; u_pll|altpll_component|auto_generated|pll1|clk[0] ; u_pll|altpll_component|auto_generated|pll1|clk[0] ; 13.461       ; -0.052     ; 6.612      ;
; 6.794 ; melodychime:u_chime|count10us[0]                                                                                                                                        ; video_syncgen:u_vga|cb_rgb_reg[8]                                     ; u_pll|altpll_component|auto_generated|pll1|clk[0] ; u_pll|altpll_component|auto_generated|pll1|clk[0] ; 13.461       ; -0.052     ; 6.610      ;
; 6.795 ; melodychime:u_chime|count10us[0]                                                                                                                                        ; video_syncgen:u_vga|cb_rgb_reg[9]                                     ; u_pll|altpll_component|auto_generated|pll1|clk[0] ; u_pll|altpll_component|auto_generated|pll1|clk[0] ; 13.461       ; -0.052     ; 6.609      ;
; 6.795 ; hdmi_tx:u_tx|hdmi_tx_tmds_encoder_submodule:\gen_enc:2:u|qm_reg[0]                                                                                                      ; hdmi_tx:u_tx|hdmi_tx_tmds_encoder_submodule:\gen_enc:2:u|cnt[3]       ; u_pll|altpll_component|auto_generated|pll1|clk[0] ; u_pll|altpll_component|auto_generated|pll1|clk[0] ; 13.461       ; -0.056     ; 6.605      ;
; 6.802 ; hdmi_tx:u_tx|hdmi_tx_tmds_encoder_submodule:\gen_enc:2:u|qm_reg[5]                                                                                                      ; hdmi_tx:u_tx|hdmi_tx_tmds_encoder_submodule:\gen_enc:2:u|cnt[3]       ; u_pll|altpll_component|auto_generated|pll1|clk[0] ; u_pll|altpll_component|auto_generated|pll1|clk[0] ; 13.461       ; -0.056     ; 6.598      ;
; 6.803 ; hdmi_tx:u_tx|hdmi_tx_tmds_encoder_submodule:\gen_enc:2:u|qm_reg[4]                                                                                                      ; hdmi_tx:u_tx|hdmi_tx_tmds_encoder_submodule:\gen_enc:2:u|cnt[3]       ; u_pll|altpll_component|auto_generated|pll1|clk[0] ; u_pll|altpll_component|auto_generated|pll1|clk[0] ; 13.461       ; -0.052     ; 6.601      ;
; 6.835 ; logo_overlay:u_logo|logo_pattern_rom:u_rom|altsyncram:altsyncram_component|altsyncram_79c1:auto_generated|ram_block1a5~porta_address_reg0                               ; logo_overlay:u_logo|pix_out_reg[23]                                   ; u_pll|altpll_component|auto_generated|pll1|clk[0] ; u_pll|altpll_component|auto_generated|pll1|clk[0] ; 13.461       ; -0.352     ; 6.269      ;
; 6.874 ; video_syncgen:u_vga|hcount[2]                                                                                                                                           ; video_syncgen:u_vga|cb_rgb_reg[16]                                    ; u_pll|altpll_component|auto_generated|pll1|clk[0] ; u_pll|altpll_component|auto_generated|pll1|clk[0] ; 13.461       ; -0.054     ; 6.528      ;
; 6.876 ; video_syncgen:u_vga|hcount[10]                                                                                                                                          ; video_syncgen:u_vga|cb_rgb_reg[16]                                    ; u_pll|altpll_component|auto_generated|pll1|clk[0] ; u_pll|altpll_component|auto_generated|pll1|clk[0] ; 13.461       ; -0.054     ; 6.526      ;
; 6.890 ; logo_overlay:u_logo|logo_pattern_rom:u_rom|altsyncram:altsyncram_component|altsyncram_79c1:auto_generated|ram_block1a6~porta_address_reg0                               ; logo_overlay:u_logo|pix_out_reg[4]                                    ; u_pll|altpll_component|auto_generated|pll1|clk[0] ; u_pll|altpll_component|auto_generated|pll1|clk[0] ; 13.461       ; -0.348     ; 6.218      ;
; 6.897 ; logo_overlay:u_logo|logo_pattern_rom:u_rom|altsyncram:altsyncram_component|altsyncram_79c1:auto_generated|ram_block1a3~porta_address_reg0                               ; logo_overlay:u_logo|pix_out_reg[10]                                   ; u_pll|altpll_component|auto_generated|pll1|clk[0] ; u_pll|altpll_component|auto_generated|pll1|clk[0] ; 13.461       ; -0.348     ; 6.211      ;
; 6.906 ; logo_overlay:u_logo|logo_pattern_rom:u_rom|altsyncram:altsyncram_component|altsyncram_79c1:auto_generated|ram_block1a3~porta_address_reg0                               ; logo_overlay:u_logo|pix_out_reg[18]                                   ; u_pll|altpll_component|auto_generated|pll1|clk[0] ; u_pll|altpll_component|auto_generated|pll1|clk[0] ; 13.461       ; -0.345     ; 6.205      ;
; 6.910 ; hdmi_tx:u_tx|hdmi_tx_tmds_encoder_submodule:\gen_enc:2:u|qm_reg[3]                                                                                                      ; hdmi_tx:u_tx|hdmi_tx_tmds_encoder_submodule:\gen_enc:2:u|cnt[2]       ; u_pll|altpll_component|auto_generated|pll1|clk[0] ; u_pll|altpll_component|auto_generated|pll1|clk[0] ; 13.461       ; -0.056     ; 6.490      ;
; 6.915 ; logo_overlay:u_logo|logo_pattern_rom:u_rom|altsyncram:altsyncram_component|altsyncram_79c1:auto_generated|ram_block1a5~porta_address_reg0                               ; logo_overlay:u_logo|pix_out_reg[12]                                   ; u_pll|altpll_component|auto_generated|pll1|clk[0] ; u_pll|altpll_component|auto_generated|pll1|clk[0] ; 13.461       ; -0.345     ; 6.196      ;
; 6.921 ; hdmi_tx:u_tx|hdmi_tx_tmds_encoder_submodule:\gen_enc:2:u|qm_reg[3]                                                                                                      ; hdmi_tx:u_tx|hdmi_tx_tmds_encoder_submodule:\gen_enc:2:u|cnt[3]       ; u_pll|altpll_component|auto_generated|pll1|clk[0] ; u_pll|altpll_component|auto_generated|pll1|clk[0] ; 13.461       ; -0.056     ; 6.479      ;
; 6.925 ; logo_overlay:u_logo|logo_pattern_rom:u_rom|altsyncram:altsyncram_component|altsyncram_79c1:auto_generated|ram_block1a6~porta_address_reg0                               ; logo_overlay:u_logo|pix_out_reg[15]                                   ; u_pll|altpll_component|auto_generated|pll1|clk[0] ; u_pll|altpll_component|auto_generated|pll1|clk[0] ; 13.461       ; -0.348     ; 6.183      ;
; 6.937 ; melodychime:u_chime|count10us[0]                                                                                                                                        ; video_syncgen:u_vga|cb_rgb_reg[7]                                     ; u_pll|altpll_component|auto_generated|pll1|clk[0] ; u_pll|altpll_component|auto_generated|pll1|clk[0] ; 13.461       ; -0.049     ; 6.470      ;
; 6.950 ; video_syncgen:u_vga|hcount[2]                                                                                                                                           ; video_syncgen:u_vga|cb_rgb_reg[3]                                     ; u_pll|altpll_component|auto_generated|pll1|clk[0] ; u_pll|altpll_component|auto_generated|pll1|clk[0] ; 13.461       ; -0.048     ; 6.458      ;
; 6.952 ; video_syncgen:u_vga|hcount[10]                                                                                                                                          ; video_syncgen:u_vga|cb_rgb_reg[3]                                     ; u_pll|altpll_component|auto_generated|pll1|clk[0] ; u_pll|altpll_component|auto_generated|pll1|clk[0] ; 13.461       ; -0.048     ; 6.456      ;
; 6.975 ; melodychime:u_chime|count10us[0]                                                                                                                                        ; video_syncgen:u_vga|cb_rgb_reg[14]                                    ; u_pll|altpll_component|auto_generated|pll1|clk[0] ; u_pll|altpll_component|auto_generated|pll1|clk[0] ; 13.461       ; -0.061     ; 6.420      ;
; 6.975 ; video_syncgen:u_vga|hcount[2]                                                                                                                                           ; video_syncgen:u_vga|cb_rgb_reg[6]                                     ; u_pll|altpll_component|auto_generated|pll1|clk[0] ; u_pll|altpll_component|auto_generated|pll1|clk[0] ; 13.461       ; -0.057     ; 6.424      ;
; 6.977 ; video_syncgen:u_vga|hcount[10]                                                                                                                                          ; video_syncgen:u_vga|cb_rgb_reg[6]                                     ; u_pll|altpll_component|auto_generated|pll1|clk[0] ; u_pll|altpll_component|auto_generated|pll1|clk[0] ; 13.461       ; -0.057     ; 6.422      ;
; 6.981 ; melodychime:u_chime|count10us[0]                                                                                                                                        ; video_syncgen:u_vga|cb_rgb_reg[19]                                    ; u_pll|altpll_component|auto_generated|pll1|clk[0] ; u_pll|altpll_component|auto_generated|pll1|clk[0] ; 13.461       ; -0.051     ; 6.424      ;
; 6.981 ; video_syncgen:u_vga|hcount[4]                                                                                                                                           ; video_syncgen:u_vga|cb_rgb_reg[16]                                    ; u_pll|altpll_component|auto_generated|pll1|clk[0] ; u_pll|altpll_component|auto_generated|pll1|clk[0] ; 13.461       ; -0.054     ; 6.421      ;
; 6.984 ; logo_overlay:u_logo|logo_pattern_rom:u_rom|altsyncram:altsyncram_component|altsyncram_79c1:auto_generated|ram_block1a3~porta_address_reg0                               ; logo_overlay:u_logo|pix_out_reg[23]                                   ; u_pll|altpll_component|auto_generated|pll1|clk[0] ; u_pll|altpll_component|auto_generated|pll1|clk[0] ; 13.461       ; -0.352     ; 6.120      ;
; 6.984 ; video_syncgen:u_vga|hcount[6]                                                                                                                                           ; video_syncgen:u_vga|cb_rgb_reg[16]                                    ; u_pll|altpll_component|auto_generated|pll1|clk[0] ; u_pll|altpll_component|auto_generated|pll1|clk[0] ; 13.461       ; -0.053     ; 6.419      ;
; 7.013 ; logo_overlay:u_logo|logo_pattern_rom:u_rom|altsyncram:altsyncram_component|altsyncram_79c1:auto_generated|ram_block1a5~porta_address_reg0                               ; logo_overlay:u_logo|pix_out_reg[7]                                    ; u_pll|altpll_component|auto_generated|pll1|clk[0] ; u_pll|altpll_component|auto_generated|pll1|clk[0] ; 13.461       ; -0.348     ; 6.095      ;
; 7.024 ; video_syncgen:u_vga|hcount[9]                                                                                                                                           ; video_syncgen:u_vga|cb_rgb_reg[13]                                    ; u_pll|altpll_component|auto_generated|pll1|clk[0] ; u_pll|altpll_component|auto_generated|pll1|clk[0] ; 13.461       ; -0.049     ; 6.383      ;
; 7.031 ; logo_overlay:u_logo|logo_pattern_rom:u_rom|altsyncram:altsyncram_component|altsyncram_79c1:auto_generated|ram_block1a4~porta_address_reg0                               ; logo_overlay:u_logo|pix_out_reg[4]                                    ; u_pll|altpll_component|auto_generated|pll1|clk[0] ; u_pll|altpll_component|auto_generated|pll1|clk[0] ; 13.461       ; -0.348     ; 6.077      ;
; 7.045 ; melodychime:u_chime|count10us[0]                                                                                                                                        ; video_syncgen:u_vga|cb_rgb_reg[10]                                    ; u_pll|altpll_component|auto_generated|pll1|clk[0] ; u_pll|altpll_component|auto_generated|pll1|clk[0] ; 13.461       ; -0.051     ; 6.360      ;
; 7.048 ; logo_overlay:u_logo|logo_pattern_rom:u_rom|altsyncram:altsyncram_component|altsyncram_79c1:auto_generated|ram_block1a5~porta_address_reg0                               ; logo_overlay:u_logo|pix_out_reg[14]                                   ; u_pll|altpll_component|auto_generated|pll1|clk[0] ; u_pll|altpll_component|auto_generated|pll1|clk[0] ; 13.461       ; -0.352     ; 6.056      ;
; 7.048 ; logo_overlay:u_logo|logo_pattern_rom:u_rom|altsyncram:altsyncram_component|altsyncram_79c1:auto_generated|ram_block1a5~porta_address_reg0                               ; logo_overlay:u_logo|pix_out_reg[11]                                   ; u_pll|altpll_component|auto_generated|pll1|clk[0] ; u_pll|altpll_component|auto_generated|pll1|clk[0] ; 13.461       ; -0.352     ; 6.056      ;
; 7.054 ; video_syncgen:u_vga|hcount[9]                                                                                                                                           ; video_syncgen:u_vga|cb_rgb_reg[22]                                    ; u_pll|altpll_component|auto_generated|pll1|clk[0] ; u_pll|altpll_component|auto_generated|pll1|clk[0] ; 13.461       ; -0.049     ; 6.353      ;
; 7.054 ; video_syncgen:u_vga|hcount[9]                                                                                                                                           ; video_syncgen:u_vga|cb_rgb_reg[21]                                    ; u_pll|altpll_component|auto_generated|pll1|clk[0] ; u_pll|altpll_component|auto_generated|pll1|clk[0] ; 13.461       ; -0.049     ; 6.353      ;
; 7.054 ; video_syncgen:u_vga|hcount[2]                                                                                                                                           ; video_syncgen:u_vga|cb_rgb_reg[20]                                    ; u_pll|altpll_component|auto_generated|pll1|clk[0] ; u_pll|altpll_component|auto_generated|pll1|clk[0] ; 13.461       ; -0.057     ; 6.345      ;
; 7.056 ; video_syncgen:u_vga|hcount[10]                                                                                                                                          ; video_syncgen:u_vga|cb_rgb_reg[20]                                    ; u_pll|altpll_component|auto_generated|pll1|clk[0] ; u_pll|altpll_component|auto_generated|pll1|clk[0] ; 13.461       ; -0.057     ; 6.343      ;
; 7.057 ; video_syncgen:u_vga|hcount[4]                                                                                                                                           ; video_syncgen:u_vga|cb_rgb_reg[3]                                     ; u_pll|altpll_component|auto_generated|pll1|clk[0] ; u_pll|altpll_component|auto_generated|pll1|clk[0] ; 13.461       ; -0.048     ; 6.351      ;
; 7.059 ; logo_overlay:u_logo|logo_pattern_rom:u_rom|altsyncram:altsyncram_component|altsyncram_79c1:auto_generated|ram_block1a1~porta_address_reg0                               ; logo_overlay:u_logo|pix_out_reg[4]                                    ; u_pll|altpll_component|auto_generated|pll1|clk[0] ; u_pll|altpll_component|auto_generated|pll1|clk[0] ; 13.461       ; -0.356     ; 6.041      ;
; 7.060 ; melodychime:u_chime|count10us[0]                                                                                                                                        ; video_syncgen:u_vga|cb_rgb_reg[1]                                     ; u_pll|altpll_component|auto_generated|pll1|clk[0] ; u_pll|altpll_component|auto_generated|pll1|clk[0] ; 13.461       ; -0.058     ; 6.338      ;
; 7.060 ; video_syncgen:u_vga|hcount[6]                                                                                                                                           ; video_syncgen:u_vga|cb_rgb_reg[3]                                     ; u_pll|altpll_component|auto_generated|pll1|clk[0] ; u_pll|altpll_component|auto_generated|pll1|clk[0] ; 13.461       ; -0.047     ; 6.349      ;
; 7.063 ; logo_overlay:u_logo|logo_pattern_rom:u_rom|altsyncram:altsyncram_component|altsyncram_79c1:auto_generated|ram_block1a3~porta_address_reg0                               ; logo_overlay:u_logo|pix_out_reg[12]                                   ; u_pll|altpll_component|auto_generated|pll1|clk[0] ; u_pll|altpll_component|auto_generated|pll1|clk[0] ; 13.461       ; -0.345     ; 6.048      ;
; 7.066 ; logo_overlay:u_logo|logo_pattern_rom:u_rom|altsyncram:altsyncram_component|altsyncram_79c1:auto_generated|ram_block1a4~porta_address_reg0                               ; logo_overlay:u_logo|pix_out_reg[15]                                   ; u_pll|altpll_component|auto_generated|pll1|clk[0] ; u_pll|altpll_component|auto_generated|pll1|clk[0] ; 13.461       ; -0.348     ; 6.042      ;
; 7.079 ; logo_overlay:u_logo|logo_pattern_rom:u_rom|altsyncram:altsyncram_component|altsyncram_79c1:auto_generated|ram_block1a6~porta_address_reg0                               ; logo_overlay:u_logo|pix_out_reg[10]                                   ; u_pll|altpll_component|auto_generated|pll1|clk[0] ; u_pll|altpll_component|auto_generated|pll1|clk[0] ; 13.461       ; -0.348     ; 6.029      ;
; 7.081 ; hdmi_tx:u_tx|hdmi_tx_tmds_encoder_submodule:\gen_enc:2:u|qm_reg[1]                                                                                                      ; hdmi_tx:u_tx|hdmi_tx_tmds_encoder_submodule:\gen_enc:2:u|cnt[1]       ; u_pll|altpll_component|auto_generated|pll1|clk[0] ; u_pll|altpll_component|auto_generated|pll1|clk[0] ; 13.461       ; -0.052     ; 6.323      ;
; 7.082 ; video_syncgen:u_vga|hcount[4]                                                                                                                                           ; video_syncgen:u_vga|cb_rgb_reg[6]                                     ; u_pll|altpll_component|auto_generated|pll1|clk[0] ; u_pll|altpll_component|auto_generated|pll1|clk[0] ; 13.461       ; -0.057     ; 6.317      ;
; 7.083 ; melodychime:u_chime|count10us[0]                                                                                                                                        ; video_syncgen:u_vga|cb_rgb_reg[17]                                    ; u_pll|altpll_component|auto_generated|pll1|clk[0] ; u_pll|altpll_component|auto_generated|pll1|clk[0] ; 13.461       ; -0.055     ; 6.318      ;
; 7.084 ; logo_overlay:u_logo|logo_pattern_rom:u_rom|altsyncram:altsyncram_component|altsyncram_79c1:auto_generated|ram_block1a0~porta_address_reg0                               ; logo_overlay:u_logo|pix_out_reg[4]                                    ; u_pll|altpll_component|auto_generated|pll1|clk[0] ; u_pll|altpll_component|auto_generated|pll1|clk[0] ; 13.461       ; -0.342     ; 6.030      ;
; 7.085 ; video_syncgen:u_vga|hcount[6]                                                                                                                                           ; video_syncgen:u_vga|cb_rgb_reg[6]                                     ; u_pll|altpll_component|auto_generated|pll1|clk[0] ; u_pll|altpll_component|auto_generated|pll1|clk[0] ; 13.461       ; -0.056     ; 6.315      ;
; 7.087 ; logo_overlay:u_logo|logo_pattern_rom:u_rom|altsyncram:altsyncram_component|altsyncram_79c1:auto_generated|ram_block1a2~porta_address_reg0                               ; logo_overlay:u_logo|pix_out_reg[4]                                    ; u_pll|altpll_component|auto_generated|pll1|clk[0] ; u_pll|altpll_component|auto_generated|pll1|clk[0] ; 13.461       ; -0.342     ; 6.027      ;
; 7.088 ; logo_overlay:u_logo|logo_pattern_rom:u_rom|altsyncram:altsyncram_component|altsyncram_79c1:auto_generated|ram_block1a6~porta_address_reg0                               ; logo_overlay:u_logo|pix_out_reg[18]                                   ; u_pll|altpll_component|auto_generated|pll1|clk[0] ; u_pll|altpll_component|auto_generated|pll1|clk[0] ; 13.461       ; -0.345     ; 6.023      ;
; 7.090 ; hdmi_tx:u_tx|hdmi_tx_tmds_encoder_submodule:\gen_enc:2:u|qm_reg[0]                                                                                                      ; hdmi_tx:u_tx|hdmi_tx_tmds_encoder_submodule:\gen_enc:2:u|cnt[1]       ; u_pll|altpll_component|auto_generated|pll1|clk[0] ; u_pll|altpll_component|auto_generated|pll1|clk[0] ; 13.461       ; -0.056     ; 6.310      ;
; 7.094 ; logo_overlay:u_logo|logo_pattern_rom:u_rom|altsyncram:altsyncram_component|altsyncram_79c1:auto_generated|ram_block1a1~porta_address_reg0                               ; logo_overlay:u_logo|pix_out_reg[15]                                   ; u_pll|altpll_component|auto_generated|pll1|clk[0] ; u_pll|altpll_component|auto_generated|pll1|clk[0] ; 13.461       ; -0.356     ; 6.006      ;
; 7.097 ; hdmi_tx:u_tx|hdmi_tx_tmds_encoder_submodule:\gen_enc:2:u|qm_reg[5]                                                                                                      ; hdmi_tx:u_tx|hdmi_tx_tmds_encoder_submodule:\gen_enc:2:u|cnt[1]       ; u_pll|altpll_component|auto_generated|pll1|clk[0] ; u_pll|altpll_component|auto_generated|pll1|clk[0] ; 13.461       ; -0.056     ; 6.303      ;
; 7.098 ; hdmi_tx:u_tx|hdmi_tx_tmds_encoder_submodule:\gen_enc:2:u|qm_reg[4]                                                                                                      ; hdmi_tx:u_tx|hdmi_tx_tmds_encoder_submodule:\gen_enc:2:u|cnt[1]       ; u_pll|altpll_component|auto_generated|pll1|clk[0] ; u_pll|altpll_component|auto_generated|pll1|clk[0] ; 13.461       ; -0.052     ; 6.306      ;
; 7.103 ; hdmi_tx:u_tx|hdmi_tx_tmds_encoder_submodule:\gen_enc:0:u|qm_reg[5]                                                                                                      ; hdmi_tx:u_tx|hdmi_tx_tmds_encoder_submodule:\gen_enc:0:u|cnt[3]       ; u_pll|altpll_component|auto_generated|pll1|clk[0] ; u_pll|altpll_component|auto_generated|pll1|clk[0] ; 13.461       ; -0.062     ; 6.291      ;
; 7.106 ; melodychime:u_chime|count10us[0]                                                                                                                                        ; video_syncgen:u_vga|cb_rgb_reg[0]                                     ; u_pll|altpll_component|auto_generated|pll1|clk[0] ; u_pll|altpll_component|auto_generated|pll1|clk[0] ; 13.461       ; -0.055     ; 6.295      ;
; 7.107 ; hdmi_tx:u_tx|hdmi_tx_audiopacket_submodule:\gen_audio:u_audio|hdmi_tx_scfifo:u_fifo|altsyncram:ram_rtl_0|altsyncram_ctg1:auto_generated|ram_block1a0~portb_address_reg0 ; hdmi_tx:u_tx|hdmi_tx_dataisland_submodule:\gen_data:u_data|sb_reg[55] ; u_pll|altpll_component|auto_generated|pll1|clk[0] ; u_pll|altpll_component|auto_generated|pll1|clk[0] ; 13.461       ; -0.346     ; 6.003      ;
; 7.111 ; hdmi_tx:u_tx|hdmi_tx_tmds_encoder_submodule:\gen_enc:0:u|qm_reg[4]                                                                                                      ; hdmi_tx:u_tx|hdmi_tx_tmds_encoder_submodule:\gen_enc:0:u|cnt[3]       ; u_pll|altpll_component|auto_generated|pll1|clk[0] ; u_pll|altpll_component|auto_generated|pll1|clk[0] ; 13.461       ; -0.063     ; 6.282      ;
; 7.119 ; logo_overlay:u_logo|logo_pattern_rom:u_rom|altsyncram:altsyncram_component|altsyncram_79c1:auto_generated|ram_block1a0~porta_address_reg0                               ; logo_overlay:u_logo|pix_out_reg[15]                                   ; u_pll|altpll_component|auto_generated|pll1|clk[0] ; u_pll|altpll_component|auto_generated|pll1|clk[0] ; 13.461       ; -0.342     ; 5.995      ;
; 7.121 ; video_syncgen:u_vga|hcount[4]                                                                                                                                           ; video_syncgen:u_vga|cb_rgb_reg[20]                                    ; u_pll|altpll_component|auto_generated|pll1|clk[0] ; u_pll|altpll_component|auto_generated|pll1|clk[0] ; 13.461       ; -0.057     ; 6.278      ;
; 7.122 ; logo_overlay:u_logo|logo_pattern_rom:u_rom|altsyncram:altsyncram_component|altsyncram_79c1:auto_generated|ram_block1a2~porta_address_reg0                               ; logo_overlay:u_logo|pix_out_reg[15]                                   ; u_pll|altpll_component|auto_generated|pll1|clk[0] ; u_pll|altpll_component|auto_generated|pll1|clk[0] ; 13.461       ; -0.342     ; 5.992      ;
; 7.124 ; hdmi_tx:u_tx|hdmi_tx_tmds_encoder_submodule:\gen_enc:0:u|qm_reg[0]                                                                                                      ; hdmi_tx:u_tx|hdmi_tx_tmds_encoder_submodule:\gen_enc:0:u|cnt[3]       ; u_pll|altpll_component|auto_generated|pll1|clk[0] ; u_pll|altpll_component|auto_generated|pll1|clk[0] ; 13.461       ; -0.063     ; 6.269      ;
; 7.127 ; melodychime:u_chime|count10us[0]                                                                                                                                        ; video_syncgen:u_vga|cb_rgb_reg[13]                                    ; u_pll|altpll_component|auto_generated|pll1|clk[0] ; u_pll|altpll_component|auto_generated|pll1|clk[0] ; 13.461       ; -0.050     ; 6.279      ;
; 7.134 ; video_syncgen:u_vga|hcount[6]                                                                                                                                           ; video_syncgen:u_vga|cb_rgb_reg[13]                                    ; u_pll|altpll_component|auto_generated|pll1|clk[0] ; u_pll|altpll_component|auto_generated|pll1|clk[0] ; 13.461       ; -0.048     ; 6.274      ;
; 7.142 ; video_syncgen:u_vga|hcount[9]                                                                                                                                           ; video_syncgen:u_vga|cb_rgb_reg[8]                                     ; u_pll|altpll_component|auto_generated|pll1|clk[0] ; u_pll|altpll_component|auto_generated|pll1|clk[0] ; 13.461       ; -0.051     ; 6.263      ;
; 7.143 ; video_syncgen:u_vga|hcount[9]                                                                                                                                           ; video_syncgen:u_vga|cb_rgb_reg[9]                                     ; u_pll|altpll_component|auto_generated|pll1|clk[0] ; u_pll|altpll_component|auto_generated|pll1|clk[0] ; 13.461       ; -0.051     ; 6.262      ;
; 7.153 ; logo_overlay:u_logo|logo_pattern_rom:u_rom|altsyncram:altsyncram_component|altsyncram_79c1:auto_generated|ram_block1a6~porta_address_reg0                               ; logo_overlay:u_logo|pix_out_reg[23]                                   ; u_pll|altpll_component|auto_generated|pll1|clk[0] ; u_pll|altpll_component|auto_generated|pll1|clk[0] ; 13.461       ; -0.352     ; 5.951      ;
; 7.157 ; melodychime:u_chime|count10us[0]                                                                                                                                        ; video_syncgen:u_vga|cb_rgb_reg[22]                                    ; u_pll|altpll_component|auto_generated|pll1|clk[0] ; u_pll|altpll_component|auto_generated|pll1|clk[0] ; 13.461       ; -0.050     ; 6.249      ;
; 7.157 ; melodychime:u_chime|count10us[0]                                                                                                                                        ; video_syncgen:u_vga|cb_rgb_reg[21]                                    ; u_pll|altpll_component|auto_generated|pll1|clk[0] ; u_pll|altpll_component|auto_generated|pll1|clk[0] ; 13.461       ; -0.050     ; 6.249      ;
; 7.161 ; logo_overlay:u_logo|logo_pattern_rom:u_rom|altsyncram:altsyncram_component|altsyncram_79c1:auto_generated|ram_block1a3~porta_address_reg0                               ; logo_overlay:u_logo|pix_out_reg[7]                                    ; u_pll|altpll_component|auto_generated|pll1|clk[0] ; u_pll|altpll_component|auto_generated|pll1|clk[0] ; 13.461       ; -0.348     ; 5.947      ;
; 7.162 ; logo_overlay:u_logo|logo_pattern_rom:u_rom|altsyncram:altsyncram_component|altsyncram_79c1:auto_generated|ram_block1a5~porta_address_reg0                               ; logo_overlay:u_logo|pix_out_reg[17]                                   ; u_pll|altpll_component|auto_generated|pll1|clk[0] ; u_pll|altpll_component|auto_generated|pll1|clk[0] ; 13.461       ; -0.346     ; 5.948      ;
; 7.163 ; logo_overlay:u_logo|logo_pattern_rom:u_rom|altsyncram:altsyncram_component|altsyncram_79c1:auto_generated|ram_block1a5~porta_address_reg0                               ; logo_overlay:u_logo|pix_out_reg[16]                                   ; u_pll|altpll_component|auto_generated|pll1|clk[0] ; u_pll|altpll_component|auto_generated|pll1|clk[0] ; 13.461       ; -0.346     ; 5.947      ;
; 7.163 ; logo_overlay:u_logo|logo_pattern_rom:u_rom|altsyncram:altsyncram_component|altsyncram_79c1:auto_generated|ram_block1a5~porta_address_reg0                               ; logo_overlay:u_logo|pix_out_reg[0]                                    ; u_pll|altpll_component|auto_generated|pll1|clk[0] ; u_pll|altpll_component|auto_generated|pll1|clk[0] ; 13.461       ; -0.346     ; 5.947      ;
; 7.164 ; video_syncgen:u_vga|hcount[6]                                                                                                                                           ; video_syncgen:u_vga|cb_rgb_reg[22]                                    ; u_pll|altpll_component|auto_generated|pll1|clk[0] ; u_pll|altpll_component|auto_generated|pll1|clk[0] ; 13.461       ; -0.048     ; 6.244      ;
; 7.164 ; video_syncgen:u_vga|hcount[6]                                                                                                                                           ; video_syncgen:u_vga|cb_rgb_reg[21]                                    ; u_pll|altpll_component|auto_generated|pll1|clk[0] ; u_pll|altpll_component|auto_generated|pll1|clk[0] ; 13.461       ; -0.048     ; 6.244      ;
; 7.164 ; video_syncgen:u_vga|hcount[6]                                                                                                                                           ; video_syncgen:u_vga|cb_rgb_reg[20]                                    ; u_pll|altpll_component|auto_generated|pll1|clk[0] ; u_pll|altpll_component|auto_generated|pll1|clk[0] ; 13.461       ; -0.056     ; 6.236      ;
; 7.168 ; hdmi_tx:u_tx|hdmi_tx_tmds_encoder_submodule:\gen_enc:0:u|qm_reg[5]                                                                                                      ; hdmi_tx:u_tx|hdmi_tx_tmds_encoder_submodule:\gen_enc:0:u|cnt[2]       ; u_pll|altpll_component|auto_generated|pll1|clk[0] ; u_pll|altpll_component|auto_generated|pll1|clk[0] ; 13.461       ; -0.062     ; 6.226      ;
; 7.171 ; logo_overlay:u_logo|logo_pattern_rom:u_rom|altsyncram:altsyncram_component|altsyncram_79c1:auto_generated|ram_block1a5~porta_address_reg0                               ; logo_overlay:u_logo|pix_out_reg[19]                                   ; u_pll|altpll_component|auto_generated|pll1|clk[0] ; u_pll|altpll_component|auto_generated|pll1|clk[0] ; 13.461       ; -0.342     ; 5.943      ;
; 7.172 ; melodychime:u_chime|count10us[0]                                                                                                                                        ; video_syncgen:u_vga|cb_rgb_reg[5]                                     ; u_pll|altpll_component|auto_generated|pll1|clk[0] ; u_pll|altpll_component|auto_generated|pll1|clk[0] ; 13.461       ; -0.051     ; 6.233      ;
; 7.173 ; logo_overlay:u_logo|logo_pattern_rom:u_rom|altsyncram:altsyncram_component|altsyncram_79c1:auto_generated|ram_block1a5~porta_address_reg0                               ; logo_overlay:u_logo|pix_out_reg[2]                                    ; u_pll|altpll_component|auto_generated|pll1|clk[0] ; u_pll|altpll_component|auto_generated|pll1|clk[0] ; 13.461       ; -0.342     ; 5.941      ;
; 7.174 ; logo_overlay:u_logo|logo_pattern_rom:u_rom|altsyncram:altsyncram_component|altsyncram_79c1:auto_generated|ram_block1a5~porta_address_reg0                               ; logo_overlay:u_logo|pix_out_reg[5]                                    ; u_pll|altpll_component|auto_generated|pll1|clk[0] ; u_pll|altpll_component|auto_generated|pll1|clk[0] ; 13.461       ; -0.342     ; 5.940      ;
; 7.176 ; hdmi_tx:u_tx|hdmi_tx_tmds_encoder_submodule:\gen_enc:0:u|qm_reg[4]                                                                                                      ; hdmi_tx:u_tx|hdmi_tx_tmds_encoder_submodule:\gen_enc:0:u|cnt[2]       ; u_pll|altpll_component|auto_generated|pll1|clk[0] ; u_pll|altpll_component|auto_generated|pll1|clk[0] ; 13.461       ; -0.063     ; 6.217      ;
; 7.178 ; logo_overlay:u_logo|logo_pattern_rom:u_rom|altsyncram:altsyncram_component|altsyncram_79c1:auto_generated|ram_block1a5~porta_address_reg0                               ; logo_overlay:u_logo|pix_out_reg[20]                                   ; u_pll|altpll_component|auto_generated|pll1|clk[0] ; u_pll|altpll_component|auto_generated|pll1|clk[0] ; 13.461       ; -0.349     ; 5.929      ;
; 7.178 ; logo_overlay:u_logo|logo_pattern_rom:u_rom|altsyncram:altsyncram_component|altsyncram_79c1:auto_generated|ram_block1a5~porta_address_reg0                               ; logo_overlay:u_logo|pix_out_reg[6]                                    ; u_pll|altpll_component|auto_generated|pll1|clk[0] ; u_pll|altpll_component|auto_generated|pll1|clk[0] ; 13.461       ; -0.349     ; 5.929      ;
; 7.178 ; logo_overlay:u_logo|logo_pattern_rom:u_rom|altsyncram:altsyncram_component|altsyncram_79c1:auto_generated|ram_block1a5~porta_address_reg0                               ; logo_overlay:u_logo|pix_out_reg[1]                                    ; u_pll|altpll_component|auto_generated|pll1|clk[0] ; u_pll|altpll_component|auto_generated|pll1|clk[0] ; 13.461       ; -0.349     ; 5.929      ;
; 7.189 ; hdmi_tx:u_tx|hdmi_tx_tmds_encoder_submodule:\gen_enc:0:u|qm_reg[0]                                                                                                      ; hdmi_tx:u_tx|hdmi_tx_tmds_encoder_submodule:\gen_enc:0:u|cnt[2]       ; u_pll|altpll_component|auto_generated|pll1|clk[0] ; u_pll|altpll_component|auto_generated|pll1|clk[0] ; 13.461       ; -0.063     ; 6.204      ;
+-------+-------------------------------------------------------------------------------------------------------------------------------------------------------------------------+-----------------------------------------------------------------------+---------------------------------------------------+---------------------------------------------------+--------------+------------+------------+


+---------------------------------------------------------------------------------------------------------------------------------------------------------------------------------------------------------------------------------------------------------------------------------------------------------------------------------------------------------------------------------------------------------------------------------------------------------------------------+
; Slow 1200mV 0C Model Hold: 'u_pll|altpll_component|auto_generated|pll1|clk[0]'                                                                                                                                                                                                                                                                                                                                                                                            ;
+-------+----------------------------------------------------------------------------------------------------------------------------------------+-------------------------------------------------------------------------------------------------------------------------------------------------------------------------+---------------------------------------------------+---------------------------------------------------+--------------+------------+------------+
; Slack ; From Node                                                                                                                              ; To Node                                                                                                                                                                 ; Launch Clock                                      ; Latch Clock                                       ; Relationship ; Clock Skew ; Data Delay ;
+-------+----------------------------------------------------------------------------------------------------------------------------------------+-------------------------------------------------------------------------------------------------------------------------------------------------------------------------+---------------------------------------------------+---------------------------------------------------+--------------+------------+------------+
; 0.295 ; logo_overlay:u_logo|pix_out_reg[0]                                                                                                     ; hdmi_tx:u_tx|hdmi_tx_delay:\gen_intgen:u_delay|altshift_taps:ram_rtl_0|shift_taps_08m:auto_generated|altsyncram_0i81:altsyncram2|ram_block3a0~porta_datain_reg0         ; u_pll|altpll_component|auto_generated|pll1|clk[0] ; u_pll|altpll_component|auto_generated|pll1|clk[0] ; 0.000        ; 0.345      ; 0.809      ;
; 0.302 ; hdmi_tx:u_tx|hdmi_tx_audiopacket_submodule:\gen_audio:u_audio|hdmi_tx_scfifo:u_fifo|waddr_reg[6]                                       ; hdmi_tx:u_tx|hdmi_tx_audiopacket_submodule:\gen_audio:u_audio|hdmi_tx_scfifo:u_fifo|altsyncram:ram_rtl_0|altsyncram_ctg1:auto_generated|ram_block1a0~porta_address_reg0 ; u_pll|altpll_component|auto_generated|pll1|clk[0] ; u_pll|altpll_component|auto_generated|pll1|clk[0] ; 0.000        ; 0.344      ; 0.815      ;
; 0.309 ; logo_overlay:u_logo|pix_out_reg[15]                                                                                                    ; hdmi_tx:u_tx|hdmi_tx_delay:\gen_intgen:u_delay|altshift_taps:ram_rtl_0|shift_taps_08m:auto_generated|altsyncram_0i81:altsyncram2|ram_block3a0~porta_datain_reg0         ; u_pll|altpll_component|auto_generated|pll1|clk[0] ; u_pll|altpll_component|auto_generated|pll1|clk[0] ; 0.000        ; 0.347      ; 0.825      ;
; 0.311 ; hdmi_tx:u_tx|hdmi_tx_audiopacket_submodule:\gen_audio:u_audio|marker_reg[2]                                                            ; hdmi_tx:u_tx|hdmi_tx_audiopacket_submodule:\gen_audio:u_audio|marker_reg[2]                                                                                             ; u_pll|altpll_component|auto_generated|pll1|clk[0] ; u_pll|altpll_component|auto_generated|pll1|clk[0] ; 0.000        ; 0.056      ; 0.511      ;
; 0.311 ; hdmi_tx:u_tx|hdmi_tx_audiopacket_submodule:\gen_audio:u_audio|marker_reg[3]                                                            ; hdmi_tx:u_tx|hdmi_tx_audiopacket_submodule:\gen_audio:u_audio|marker_reg[3]                                                                                             ; u_pll|altpll_component|auto_generated|pll1|clk[0] ; u_pll|altpll_component|auto_generated|pll1|clk[0] ; 0.000        ; 0.056      ; 0.511      ;
; 0.311 ; hdmi_tx:u_tx|hdmi_tx_audiopacket_submodule:\gen_audio:u_audio|marker_reg[1]                                                            ; hdmi_tx:u_tx|hdmi_tx_audiopacket_submodule:\gen_audio:u_audio|marker_reg[1]                                                                                             ; u_pll|altpll_component|auto_generated|pll1|clk[0] ; u_pll|altpll_component|auto_generated|pll1|clk[0] ; 0.000        ; 0.056      ; 0.511      ;
; 0.311 ; hdmi_tx:u_tx|hdmi_tx_audiopacket_submodule:\gen_audio:u_audio|marker_reg[0]                                                            ; hdmi_tx:u_tx|hdmi_tx_audiopacket_submodule:\gen_audio:u_audio|marker_reg[0]                                                                                             ; u_pll|altpll_component|auto_generated|pll1|clk[0] ; u_pll|altpll_component|auto_generated|pll1|clk[0] ; 0.000        ; 0.056      ; 0.511      ;
; 0.311 ; hdmi_tx:u_tx|hdmi_tx_audiopacket_submodule:\gen_audio:u_audio|hdmi_tx_scfifo:u_fifo|waddr_reg[0]                                       ; hdmi_tx:u_tx|hdmi_tx_audiopacket_submodule:\gen_audio:u_audio|hdmi_tx_scfifo:u_fifo|waddr_reg[0]                                                                        ; u_pll|altpll_component|auto_generated|pll1|clk[0] ; u_pll|altpll_component|auto_generated|pll1|clk[0] ; 0.000        ; 0.056      ; 0.511      ;
; 0.311 ; hdmi_tx:u_tx|hdmi_tx_audiopacket_submodule:\gen_audio:u_audio|pl_bit_reg                                                               ; hdmi_tx:u_tx|hdmi_tx_audiopacket_submodule:\gen_audio:u_audio|pl_bit_reg                                                                                                ; u_pll|altpll_component|auto_generated|pll1|clk[0] ; u_pll|altpll_component|auto_generated|pll1|clk[0] ; 0.000        ; 0.056      ; 0.511      ;
; 0.311 ; hdmi_tx:u_tx|hdmi_tx_audiopacket_submodule:\gen_audio:u_audio|cl_bit_reg                                                               ; hdmi_tx:u_tx|hdmi_tx_audiopacket_submodule:\gen_audio:u_audio|cl_bit_reg                                                                                                ; u_pll|altpll_component|auto_generated|pll1|clk[0] ; u_pll|altpll_component|auto_generated|pll1|clk[0] ; 0.000        ; 0.056      ; 0.511      ;
; 0.311 ; hdmi_tx:u_tx|hdmi_tx_audiopacket_submodule:\gen_audio:u_audio|pr_bit_reg                                                               ; hdmi_tx:u_tx|hdmi_tx_audiopacket_submodule:\gen_audio:u_audio|pr_bit_reg                                                                                                ; u_pll|altpll_component|auto_generated|pll1|clk[0] ; u_pll|altpll_component|auto_generated|pll1|clk[0] ; 0.000        ; 0.056      ; 0.511      ;
; 0.311 ; hdmi_tx:u_tx|hdmi_tx_audiopacket_submodule:\gen_audio:u_audio|cr_bit_reg                                                               ; hdmi_tx:u_tx|hdmi_tx_audiopacket_submodule:\gen_audio:u_audio|cr_bit_reg                                                                                                ; u_pll|altpll_component|auto_generated|pll1|clk[0] ; u_pll|altpll_component|auto_generated|pll1|clk[0] ; 0.000        ; 0.056      ; 0.511      ;
; 0.311 ; melodychime:u_chime|melodychime_sg:u_sg1|sqwave_reg                                                                                    ; melodychime:u_chime|melodychime_sg:u_sg1|sqwave_reg                                                                                                                     ; u_pll|altpll_component|auto_generated|pll1|clk[0] ; u_pll|altpll_component|auto_generated|pll1|clk[0] ; 0.000        ; 0.056      ; 0.511      ;
; 0.311 ; melodychime:u_chime|melodychime_sg:u_sg0|sqwave_reg                                                                                    ; melodychime:u_chime|melodychime_sg:u_sg0|sqwave_reg                                                                                                                     ; u_pll|altpll_component|auto_generated|pll1|clk[0] ; u_pll|altpll_component|auto_generated|pll1|clk[0] ; 0.000        ; 0.056      ; 0.511      ;
; 0.311 ; hdmi_tx:u_tx|hdmi_tx_dataisland_submodule:\gen_data:u_data|counter_reg[2]                                                              ; hdmi_tx:u_tx|hdmi_tx_dataisland_submodule:\gen_data:u_data|counter_reg[2]                                                                                               ; u_pll|altpll_component|auto_generated|pll1|clk[0] ; u_pll|altpll_component|auto_generated|pll1|clk[0] ; 0.000        ; 0.056      ; 0.511      ;
; 0.311 ; hdmi_tx:u_tx|hdmi_tx_dataisland_submodule:\gen_data:u_data|counter_reg[0]                                                              ; hdmi_tx:u_tx|hdmi_tx_dataisland_submodule:\gen_data:u_data|counter_reg[0]                                                                                               ; u_pll|altpll_component|auto_generated|pll1|clk[0] ; u_pll|altpll_component|auto_generated|pll1|clk[0] ; 0.000        ; 0.056      ; 0.511      ;
; 0.311 ; hdmi_tx:u_tx|hdmi_tx_dataisland_submodule:\gen_data:u_data|counter_reg[4]                                                              ; hdmi_tx:u_tx|hdmi_tx_dataisland_submodule:\gen_data:u_data|counter_reg[4]                                                                                               ; u_pll|altpll_component|auto_generated|pll1|clk[0] ; u_pll|altpll_component|auto_generated|pll1|clk[0] ; 0.000        ; 0.056      ; 0.511      ;
; 0.311 ; hdmi_tx:u_tx|hdmi_tx_dataisland_submodule:\gen_data:u_data|counter_reg[1]                                                              ; hdmi_tx:u_tx|hdmi_tx_dataisland_submodule:\gen_data:u_data|counter_reg[1]                                                                                               ; u_pll|altpll_component|auto_generated|pll1|clk[0] ; u_pll|altpll_component|auto_generated|pll1|clk[0] ; 0.000        ; 0.056      ; 0.511      ;
; 0.311 ; hdmi_tx:u_tx|hdmi_tx_audiopacket_submodule:\gen_audio:u_audio|datacounter_reg[0]                                                       ; hdmi_tx:u_tx|hdmi_tx_audiopacket_submodule:\gen_audio:u_audio|datacounter_reg[0]                                                                                        ; u_pll|altpll_component|auto_generated|pll1|clk[0] ; u_pll|altpll_component|auto_generated|pll1|clk[0] ; 0.000        ; 0.056      ; 0.511      ;
; 0.311 ; hdmi_tx:u_tx|hdmi_tx_infopacket_submodule:\gen_info:u_info|counter_reg[5]                                                              ; hdmi_tx:u_tx|hdmi_tx_infopacket_submodule:\gen_info:u_info|counter_reg[5]                                                                                               ; u_pll|altpll_component|auto_generated|pll1|clk[0] ; u_pll|altpll_component|auto_generated|pll1|clk[0] ; 0.000        ; 0.056      ; 0.511      ;
; 0.311 ; hdmi_tx:u_tx|hdmi_tx_infopacket_submodule:\gen_info:u_info|counter_reg[6]                                                              ; hdmi_tx:u_tx|hdmi_tx_infopacket_submodule:\gen_info:u_info|counter_reg[6]                                                                                               ; u_pll|altpll_component|auto_generated|pll1|clk[0] ; u_pll|altpll_component|auto_generated|pll1|clk[0] ; 0.000        ; 0.056      ; 0.511      ;
; 0.311 ; hdmi_tx:u_tx|hdmi_tx_infopacket_submodule:\gen_info:u_info|valid_reg                                                                   ; hdmi_tx:u_tx|hdmi_tx_infopacket_submodule:\gen_info:u_info|valid_reg                                                                                                    ; u_pll|altpll_component|auto_generated|pll1|clk[0] ; u_pll|altpll_component|auto_generated|pll1|clk[0] ; 0.000        ; 0.056      ; 0.511      ;
; 0.311 ; hdmi_tx:u_tx|hdmi_tx_audiopacket_submodule:\gen_audio:u_audio|bytecounter_reg[2]                                                       ; hdmi_tx:u_tx|hdmi_tx_audiopacket_submodule:\gen_audio:u_audio|bytecounter_reg[2]                                                                                        ; u_pll|altpll_component|auto_generated|pll1|clk[0] ; u_pll|altpll_component|auto_generated|pll1|clk[0] ; 0.000        ; 0.056      ; 0.511      ;
; 0.311 ; hdmi_tx:u_tx|hdmi_tx_audiopacket_submodule:\gen_audio:u_audio|bytecounter_reg[1]                                                       ; hdmi_tx:u_tx|hdmi_tx_audiopacket_submodule:\gen_audio:u_audio|bytecounter_reg[1]                                                                                        ; u_pll|altpll_component|auto_generated|pll1|clk[0] ; u_pll|altpll_component|auto_generated|pll1|clk[0] ; 0.000        ; 0.056      ; 0.511      ;
; 0.311 ; video_syncgen:u_vga|cb_rgb_reg[18]                                                                                                     ; video_syncgen:u_vga|cb_rgb_reg[18]                                                                                                                                      ; u_pll|altpll_component|auto_generated|pll1|clk[0] ; u_pll|altpll_component|auto_generated|pll1|clk[0] ; 0.000        ; 0.056      ; 0.511      ;
; 0.311 ; logo_overlay:u_logo|vec_y_reg                                                                                                          ; logo_overlay:u_logo|vec_y_reg                                                                                                                                           ; u_pll|altpll_component|auto_generated|pll1|clk[0] ; u_pll|altpll_component|auto_generated|pll1|clk[0] ; 0.000        ; 0.056      ; 0.511      ;
; 0.311 ; logo_overlay:u_logo|x_enable_reg                                                                                                       ; logo_overlay:u_logo|x_enable_reg                                                                                                                                        ; u_pll|altpll_component|auto_generated|pll1|clk[0] ; u_pll|altpll_component|auto_generated|pll1|clk[0] ; 0.000        ; 0.056      ; 0.511      ;
; 0.311 ; video_syncgen:u_vga|areastate.MAGENTA                                                                                                  ; video_syncgen:u_vga|areastate.MAGENTA                                                                                                                                   ; u_pll|altpll_component|auto_generated|pll1|clk[0] ; u_pll|altpll_component|auto_generated|pll1|clk[0] ; 0.000        ; 0.056      ; 0.511      ;
; 0.311 ; video_syncgen:u_vga|areastate.GREEN                                                                                                    ; video_syncgen:u_vga|areastate.GREEN                                                                                                                                     ; u_pll|altpll_component|auto_generated|pll1|clk[0] ; u_pll|altpll_component|auto_generated|pll1|clk[0] ; 0.000        ; 0.056      ; 0.511      ;
; 0.311 ; video_syncgen:u_vga|areastate.CYAN                                                                                                     ; video_syncgen:u_vga|areastate.CYAN                                                                                                                                      ; u_pll|altpll_component|auto_generated|pll1|clk[0] ; u_pll|altpll_component|auto_generated|pll1|clk[0] ; 0.000        ; 0.056      ; 0.511      ;
; 0.311 ; video_syncgen:u_vga|areastate.RED                                                                                                      ; video_syncgen:u_vga|areastate.RED                                                                                                                                       ; u_pll|altpll_component|auto_generated|pll1|clk[0] ; u_pll|altpll_component|auto_generated|pll1|clk[0] ; 0.000        ; 0.056      ; 0.511      ;
; 0.312 ; hdmi_tx:u_tx|request_reg                                                                                                               ; hdmi_tx:u_tx|request_reg                                                                                                                                                ; u_pll|altpll_component|auto_generated|pll1|clk[0] ; u_pll|altpll_component|auto_generated|pll1|clk[0] ; 0.000        ; 0.055      ; 0.511      ;
; 0.312 ; hdmi_tx:u_tx|hdmi_tx_dataisland_submodule:\gen_data:u_data|bch_hb_reg[0]                                                               ; hdmi_tx:u_tx|hdmi_tx_dataisland_submodule:\gen_data:u_data|bch_hb_reg[0]                                                                                                ; u_pll|altpll_component|auto_generated|pll1|clk[0] ; u_pll|altpll_component|auto_generated|pll1|clk[0] ; 0.000        ; 0.055      ; 0.511      ;
; 0.312 ; hdmi_tx:u_tx|hdmi_tx_dataisland_submodule:\gen_data:u_data|hb_reg[23]                                                                  ; hdmi_tx:u_tx|hdmi_tx_dataisland_submodule:\gen_data:u_data|hb_reg[23]                                                                                                   ; u_pll|altpll_component|auto_generated|pll1|clk[0] ; u_pll|altpll_component|auto_generated|pll1|clk[0] ; 0.000        ; 0.055      ; 0.511      ;
; 0.312 ; melodychime:u_chime|melodychime_sg:u_sg1|note_reg                                                                                      ; melodychime:u_chime|melodychime_sg:u_sg1|note_reg                                                                                                                       ; u_pll|altpll_component|auto_generated|pll1|clk[0] ; u_pll|altpll_component|auto_generated|pll1|clk[0] ; 0.000        ; 0.055      ; 0.511      ;
; 0.312 ; melodychime:u_chime|melodychime_sg:u_sg0|note_reg                                                                                      ; melodychime:u_chime|melodychime_sg:u_sg0|note_reg                                                                                                                       ; u_pll|altpll_component|auto_generated|pll1|clk[0] ; u_pll|altpll_component|auto_generated|pll1|clk[0] ; 0.000        ; 0.055      ; 0.511      ;
; 0.312 ; melodychime:u_chime|melodychime_seq:u_seq|slot_reg                                                                                     ; melodychime:u_chime|melodychime_seq:u_seq|slot_reg                                                                                                                      ; u_pll|altpll_component|auto_generated|pll1|clk[0] ; u_pll|altpll_component|auto_generated|pll1|clk[0] ; 0.000        ; 0.055      ; 0.511      ;
; 0.312 ; melodychime:u_chime|melodychime_seq:u_seq|play_reg                                                                                     ; melodychime:u_chime|melodychime_seq:u_seq|play_reg                                                                                                                      ; u_pll|altpll_component|auto_generated|pll1|clk[0] ; u_pll|altpll_component|auto_generated|pll1|clk[0] ; 0.000        ; 0.055      ; 0.511      ;
; 0.312 ; melodychime:u_chime|melodychime_seq:u_seq|start_reg                                                                                    ; melodychime:u_chime|melodychime_seq:u_seq|start_reg                                                                                                                     ; u_pll|altpll_component|auto_generated|pll1|clk[0] ; u_pll|altpll_component|auto_generated|pll1|clk[0] ; 0.000        ; 0.055      ; 0.511      ;
; 0.312 ; melodychime:u_chime|melodychime_seq:u_seq|tempocount[0]                                                                                ; melodychime:u_chime|melodychime_seq:u_seq|tempocount[0]                                                                                                                 ; u_pll|altpll_component|auto_generated|pll1|clk[0] ; u_pll|altpll_component|auto_generated|pll1|clk[0] ; 0.000        ; 0.055      ; 0.511      ;
; 0.312 ; hdmi_tx:u_tx|hdmi_tx_infopacket_submodule:\gen_info:u_info|pcmena_reg                                                                  ; hdmi_tx:u_tx|hdmi_tx_infopacket_submodule:\gen_info:u_info|pcmena_reg                                                                                                   ; u_pll|altpll_component|auto_generated|pll1|clk[0] ; u_pll|altpll_component|auto_generated|pll1|clk[0] ; 0.000        ; 0.055      ; 0.511      ;
; 0.312 ; hdmi_tx:u_tx|hdmi_tx_audiopacket_submodule:\gen_audio:u_audio|readack_reg                                                              ; hdmi_tx:u_tx|hdmi_tx_audiopacket_submodule:\gen_audio:u_audio|readack_reg                                                                                               ; u_pll|altpll_component|auto_generated|pll1|clk[0] ; u_pll|altpll_component|auto_generated|pll1|clk[0] ; 0.000        ; 0.055      ; 0.511      ;
; 0.312 ; fs_timing_reg                                                                                                                          ; fs_timing_reg                                                                                                                                                           ; u_pll|altpll_component|auto_generated|pll1|clk[0] ; u_pll|altpll_component|auto_generated|pll1|clk[0] ; 0.000        ; 0.055      ; 0.511      ;
; 0.312 ; video_syncgen:u_vga|cb_rgb_reg[5]                                                                                                      ; video_syncgen:u_vga|cb_rgb_reg[5]                                                                                                                                       ; u_pll|altpll_component|auto_generated|pll1|clk[0] ; u_pll|altpll_component|auto_generated|pll1|clk[0] ; 0.000        ; 0.055      ; 0.511      ;
; 0.312 ; video_syncgen:u_vga|cb_rgb_reg[4]                                                                                                      ; video_syncgen:u_vga|cb_rgb_reg[4]                                                                                                                                       ; u_pll|altpll_component|auto_generated|pll1|clk[0] ; u_pll|altpll_component|auto_generated|pll1|clk[0] ; 0.000        ; 0.055      ; 0.511      ;
; 0.312 ; video_syncgen:u_vga|cb_rgb_reg[2]                                                                                                      ; video_syncgen:u_vga|cb_rgb_reg[2]                                                                                                                                       ; u_pll|altpll_component|auto_generated|pll1|clk[0] ; u_pll|altpll_component|auto_generated|pll1|clk[0] ; 0.000        ; 0.055      ; 0.511      ;
; 0.312 ; video_syncgen:u_vga|cb_rgb_reg[7]                                                                                                      ; video_syncgen:u_vga|cb_rgb_reg[7]                                                                                                                                       ; u_pll|altpll_component|auto_generated|pll1|clk[0] ; u_pll|altpll_component|auto_generated|pll1|clk[0] ; 0.000        ; 0.055      ; 0.511      ;
; 0.312 ; video_syncgen:u_vga|cb_rgb_reg[8]                                                                                                      ; video_syncgen:u_vga|cb_rgb_reg[8]                                                                                                                                       ; u_pll|altpll_component|auto_generated|pll1|clk[0] ; u_pll|altpll_component|auto_generated|pll1|clk[0] ; 0.000        ; 0.055      ; 0.511      ;
; 0.312 ; video_syncgen:u_vga|cb_rgb_reg[9]                                                                                                      ; video_syncgen:u_vga|cb_rgb_reg[9]                                                                                                                                       ; u_pll|altpll_component|auto_generated|pll1|clk[0] ; u_pll|altpll_component|auto_generated|pll1|clk[0] ; 0.000        ; 0.055      ; 0.511      ;
; 0.312 ; video_syncgen:u_vga|cb_rgb_reg[15]                                                                                                     ; video_syncgen:u_vga|cb_rgb_reg[15]                                                                                                                                      ; u_pll|altpll_component|auto_generated|pll1|clk[0] ; u_pll|altpll_component|auto_generated|pll1|clk[0] ; 0.000        ; 0.055      ; 0.511      ;
; 0.312 ; video_syncgen:u_vga|cb_rgb_reg[16]                                                                                                     ; video_syncgen:u_vga|cb_rgb_reg[16]                                                                                                                                      ; u_pll|altpll_component|auto_generated|pll1|clk[0] ; u_pll|altpll_component|auto_generated|pll1|clk[0] ; 0.000        ; 0.055      ; 0.511      ;
; 0.312 ; video_syncgen:u_vga|cb_rgb_reg[17]                                                                                                     ; video_syncgen:u_vga|cb_rgb_reg[17]                                                                                                                                      ; u_pll|altpll_component|auto_generated|pll1|clk[0] ; u_pll|altpll_component|auto_generated|pll1|clk[0] ; 0.000        ; 0.055      ; 0.511      ;
; 0.312 ; logo_overlay:u_logo|y_enable_reg                                                                                                       ; logo_overlay:u_logo|y_enable_reg                                                                                                                                        ; u_pll|altpll_component|auto_generated|pll1|clk[0] ; u_pll|altpll_component|auto_generated|pll1|clk[0] ; 0.000        ; 0.055      ; 0.511      ;
; 0.312 ; video_syncgen:u_vga|hsync_reg                                                                                                          ; video_syncgen:u_vga|hsync_reg                                                                                                                                           ; u_pll|altpll_component|auto_generated|pll1|clk[0] ; u_pll|altpll_component|auto_generated|pll1|clk[0] ; 0.000        ; 0.055      ; 0.511      ;
; 0.312 ; video_syncgen:u_vga|vsync_reg                                                                                                          ; video_syncgen:u_vga|vsync_reg                                                                                                                                           ; u_pll|altpll_component|auto_generated|pll1|clk[0] ; u_pll|altpll_component|auto_generated|pll1|clk[0] ; 0.000        ; 0.055      ; 0.511      ;
; 0.312 ; video_syncgen:u_vga|cb_rgb_reg[23]                                                                                                     ; video_syncgen:u_vga|cb_rgb_reg[23]                                                                                                                                      ; u_pll|altpll_component|auto_generated|pll1|clk[0] ; u_pll|altpll_component|auto_generated|pll1|clk[0] ; 0.000        ; 0.055      ; 0.511      ;
; 0.312 ; video_syncgen:u_vga|areastate.RIGHTBAND4                                                                                               ; video_syncgen:u_vga|areastate.RIGHTBAND4                                                                                                                                ; u_pll|altpll_component|auto_generated|pll1|clk[0] ; u_pll|altpll_component|auto_generated|pll1|clk[0] ; 0.000        ; 0.055      ; 0.511      ;
; 0.312 ; video_syncgen:u_vga|areastate.LEFTBAND5                                                                                                ; video_syncgen:u_vga|areastate.LEFTBAND5                                                                                                                                 ; u_pll|altpll_component|auto_generated|pll1|clk[0] ; u_pll|altpll_component|auto_generated|pll1|clk[0] ; 0.000        ; 0.055      ; 0.511      ;
; 0.312 ; video_syncgen:u_vga|areastate.LEFTBAND4                                                                                                ; video_syncgen:u_vga|areastate.LEFTBAND4                                                                                                                                 ; u_pll|altpll_component|auto_generated|pll1|clk[0] ; u_pll|altpll_component|auto_generated|pll1|clk[0] ; 0.000        ; 0.055      ; 0.511      ;
; 0.312 ; video_syncgen:u_vga|areastate.REDLAMP                                                                                                  ; video_syncgen:u_vga|areastate.REDLAMP                                                                                                                                   ; u_pll|altpll_component|auto_generated|pll1|clk[0] ; u_pll|altpll_component|auto_generated|pll1|clk[0] ; 0.000        ; 0.055      ; 0.511      ;
; 0.312 ; video_syncgen:u_vga|areastate.LEFTBAND3                                                                                                ; video_syncgen:u_vga|areastate.LEFTBAND3                                                                                                                                 ; u_pll|altpll_component|auto_generated|pll1|clk[0] ; u_pll|altpll_component|auto_generated|pll1|clk[0] ; 0.000        ; 0.055      ; 0.511      ;
; 0.312 ; video_syncgen:u_vga|areastate.WHITELAMP                                                                                                ; video_syncgen:u_vga|areastate.WHITELAMP                                                                                                                                 ; u_pll|altpll_component|auto_generated|pll1|clk[0] ; u_pll|altpll_component|auto_generated|pll1|clk[0] ; 0.000        ; 0.055      ; 0.511      ;
; 0.312 ; video_syncgen:u_vga|areastate.LEFTBAND2                                                                                                ; video_syncgen:u_vga|areastate.LEFTBAND2                                                                                                                                 ; u_pll|altpll_component|auto_generated|pll1|clk[0] ; u_pll|altpll_component|auto_generated|pll1|clk[0] ; 0.000        ; 0.055      ; 0.511      ;
; 0.312 ; video_syncgen:u_vga|areastate.RIGHTBAND2                                                                                               ; video_syncgen:u_vga|areastate.RIGHTBAND2                                                                                                                                ; u_pll|altpll_component|auto_generated|pll1|clk[0] ; u_pll|altpll_component|auto_generated|pll1|clk[0] ; 0.000        ; 0.055      ; 0.511      ;
; 0.312 ; video_syncgen:u_vga|areastate.GRAY                                                                                                     ; video_syncgen:u_vga|areastate.GRAY                                                                                                                                      ; u_pll|altpll_component|auto_generated|pll1|clk[0] ; u_pll|altpll_component|auto_generated|pll1|clk[0] ; 0.000        ; 0.055      ; 0.511      ;
; 0.312 ; video_syncgen:u_vga|areastate.RIGHTBAND1                                                                                               ; video_syncgen:u_vga|areastate.RIGHTBAND1                                                                                                                                ; u_pll|altpll_component|auto_generated|pll1|clk[0] ; u_pll|altpll_component|auto_generated|pll1|clk[0] ; 0.000        ; 0.055      ; 0.511      ;
; 0.312 ; video_syncgen:u_vga|areastate.LEFTBAND1                                                                                                ; video_syncgen:u_vga|areastate.LEFTBAND1                                                                                                                                 ; u_pll|altpll_component|auto_generated|pll1|clk[0] ; u_pll|altpll_component|auto_generated|pll1|clk[0] ; 0.000        ; 0.055      ; 0.511      ;
; 0.312 ; video_syncgen:u_vga|areastate.BLUE                                                                                                     ; video_syncgen:u_vga|areastate.BLUE                                                                                                                                      ; u_pll|altpll_component|auto_generated|pll1|clk[0] ; u_pll|altpll_component|auto_generated|pll1|clk[0] ; 0.000        ; 0.055      ; 0.511      ;
; 0.312 ; video_syncgen:u_vga|areastate.RIGHTBAND6                                                                                               ; video_syncgen:u_vga|areastate.RIGHTBAND6                                                                                                                                ; u_pll|altpll_component|auto_generated|pll1|clk[0] ; u_pll|altpll_component|auto_generated|pll1|clk[0] ; 0.000        ; 0.055      ; 0.511      ;
; 0.312 ; video_syncgen:u_vga|areastate.LEFTBAND6                                                                                                ; video_syncgen:u_vga|areastate.LEFTBAND6                                                                                                                                 ; u_pll|altpll_component|auto_generated|pll1|clk[0] ; u_pll|altpll_component|auto_generated|pll1|clk[0] ; 0.000        ; 0.055      ; 0.511      ;
; 0.312 ; video_syncgen:u_vga|areastate.BLUELAMP                                                                                                 ; video_syncgen:u_vga|areastate.BLUELAMP                                                                                                                                  ; u_pll|altpll_component|auto_generated|pll1|clk[0] ; u_pll|altpll_component|auto_generated|pll1|clk[0] ; 0.000        ; 0.055      ; 0.511      ;
; 0.312 ; video_syncgen:u_vga|areastate.RIGHTBAND5                                                                                               ; video_syncgen:u_vga|areastate.RIGHTBAND5                                                                                                                                ; u_pll|altpll_component|auto_generated|pll1|clk[0] ; u_pll|altpll_component|auto_generated|pll1|clk[0] ; 0.000        ; 0.055      ; 0.511      ;
; 0.312 ; video_syncgen:u_vga|areastate.GREENLAMP                                                                                                ; video_syncgen:u_vga|areastate.GREENLAMP                                                                                                                                 ; u_pll|altpll_component|auto_generated|pll1|clk[0] ; u_pll|altpll_component|auto_generated|pll1|clk[0] ; 0.000        ; 0.055      ; 0.511      ;
; 0.312 ; video_syncgen:u_vga|request_reg                                                                                                        ; video_syncgen:u_vga|request_reg                                                                                                                                         ; u_pll|altpll_component|auto_generated|pll1|clk[0] ; u_pll|altpll_component|auto_generated|pll1|clk[0] ; 0.000        ; 0.055      ; 0.511      ;
; 0.312 ; video_syncgen:u_vga|hblank_reg                                                                                                         ; video_syncgen:u_vga|hblank_reg                                                                                                                                          ; u_pll|altpll_component|auto_generated|pll1|clk[0] ; u_pll|altpll_component|auto_generated|pll1|clk[0] ; 0.000        ; 0.055      ; 0.511      ;
; 0.312 ; video_syncgen:u_vga|vblank_reg                                                                                                         ; video_syncgen:u_vga|vblank_reg                                                                                                                                          ; u_pll|altpll_component|auto_generated|pll1|clk[0] ; u_pll|altpll_component|auto_generated|pll1|clk[0] ; 0.000        ; 0.055      ; 0.511      ;
; 0.319 ; melodychime:u_chime|tempo_led_reg                                                                                                      ; melodychime:u_chime|tempo_led_reg                                                                                                                                       ; u_pll|altpll_component|auto_generated|pll1|clk[0] ; u_pll|altpll_component|auto_generated|pll1|clk[0] ; 0.000        ; 0.056      ; 0.519      ;
; 0.319 ; hdmi_tx:u_tx|hdmi_tx_audiopacket_submodule:\gen_audio:u_audio|hdmi_tx_scfifo:u_fifo|waddr_reg[7]                                       ; hdmi_tx:u_tx|hdmi_tx_audiopacket_submodule:\gen_audio:u_audio|hdmi_tx_scfifo:u_fifo|altsyncram:ram_rtl_0|altsyncram_ctg1:auto_generated|ram_block1a0~porta_address_reg0 ; u_pll|altpll_component|auto_generated|pll1|clk[0] ; u_pll|altpll_component|auto_generated|pll1|clk[0] ; 0.000        ; 0.344      ; 0.832      ;
; 0.319 ; logo_overlay:u_logo|pix_out_reg[4]                                                                                                     ; hdmi_tx:u_tx|hdmi_tx_delay:\gen_intgen:u_delay|altshift_taps:ram_rtl_0|shift_taps_08m:auto_generated|altsyncram_0i81:altsyncram2|ram_block3a0~porta_datain_reg0         ; u_pll|altpll_component|auto_generated|pll1|clk[0] ; u_pll|altpll_component|auto_generated|pll1|clk[0] ; 0.000        ; 0.347      ; 0.835      ;
; 0.320 ; hdmi_tx:u_tx|hdmi_tx_infopacket_submodule:\gen_info:u_info|infosel_reg                                                                 ; hdmi_tx:u_tx|hdmi_tx_infopacket_submodule:\gen_info:u_info|infosel_reg                                                                                                  ; u_pll|altpll_component|auto_generated|pll1|clk[0] ; u_pll|altpll_component|auto_generated|pll1|clk[0] ; 0.000        ; 0.055      ; 0.519      ;
; 0.320 ; ms_counter_reg[0]                                                                                                                      ; ms_counter_reg[0]                                                                                                                                                       ; u_pll|altpll_component|auto_generated|pll1|clk[0] ; u_pll|altpll_component|auto_generated|pll1|clk[0] ; 0.000        ; 0.055      ; 0.519      ;
; 0.321 ; hdmi_tx:u_tx|hdmi_tx_audiopacket_submodule:\gen_audio:u_audio|hdmi_tx_scfifo:u_fifo|waddr_reg[0]                                       ; hdmi_tx:u_tx|hdmi_tx_audiopacket_submodule:\gen_audio:u_audio|hdmi_tx_scfifo:u_fifo|altsyncram:ram_rtl_0|altsyncram_ctg1:auto_generated|ram_block1a0~porta_address_reg0 ; u_pll|altpll_component|auto_generated|pll1|clk[0] ; u_pll|altpll_component|auto_generated|pll1|clk[0] ; 0.000        ; 0.344      ; 0.834      ;
; 0.321 ; hdmi_tx:u_tx|hdmi_tx_audiopacket_submodule:\gen_audio:u_audio|hdmi_tx_scfifo:u_fifo|waddr_reg[3]                                       ; hdmi_tx:u_tx|hdmi_tx_audiopacket_submodule:\gen_audio:u_audio|hdmi_tx_scfifo:u_fifo|altsyncram:ram_rtl_0|altsyncram_ctg1:auto_generated|ram_block1a0~porta_address_reg0 ; u_pll|altpll_component|auto_generated|pll1|clk[0] ; u_pll|altpll_component|auto_generated|pll1|clk[0] ; 0.000        ; 0.344      ; 0.834      ;
; 0.326 ; hdmi_tx:u_tx|hdmi_tx_delay:\gen_intgen:u_delay|altshift_taps:ram_rtl_0|shift_taps_08m:auto_generated|cntr_4rf:cntr1|counter_reg_bit[4] ; hdmi_tx:u_tx|hdmi_tx_delay:\gen_intgen:u_delay|altshift_taps:ram_rtl_0|shift_taps_08m:auto_generated|altsyncram_0i81:altsyncram2|ram_block3a0~porta_address_reg0        ; u_pll|altpll_component|auto_generated|pll1|clk[0] ; u_pll|altpll_component|auto_generated|pll1|clk[0] ; 0.000        ; 0.342      ; 0.837      ;
; 0.328 ; hdmi_tx:u_tx|hdmi_tx_delay:\gen_intgen:u_delay|altshift_taps:ram_rtl_0|shift_taps_08m:auto_generated|cntr_4rf:cntr1|counter_reg_bit[4] ; hdmi_tx:u_tx|hdmi_tx_delay:\gen_intgen:u_delay|altshift_taps:ram_rtl_0|shift_taps_08m:auto_generated|altsyncram_0i81:altsyncram2|ram_block3a0~portb_address_reg0        ; u_pll|altpll_component|auto_generated|pll1|clk[0] ; u_pll|altpll_component|auto_generated|pll1|clk[0] ; 0.000        ; 0.342      ; 0.839      ;
; 0.329 ; hdmi_tx:u_tx|hdmi_tx_delay:\gen_intgen:u_delay|altshift_taps:ram_rtl_0|shift_taps_08m:auto_generated|cntr_4rf:cntr1|counter_reg_bit[5] ; hdmi_tx:u_tx|hdmi_tx_delay:\gen_intgen:u_delay|altshift_taps:ram_rtl_0|shift_taps_08m:auto_generated|altsyncram_0i81:altsyncram2|ram_block3a0~porta_address_reg0        ; u_pll|altpll_component|auto_generated|pll1|clk[0] ; u_pll|altpll_component|auto_generated|pll1|clk[0] ; 0.000        ; 0.342      ; 0.840      ;
; 0.330 ; hdmi_tx:u_tx|hdmi_tx_dataisland_submodule:\gen_data:u_data|bch_hb_reg[2]                                                               ; hdmi_tx:u_tx|hdmi_tx_dataisland_submodule:\gen_data:u_data|bch_hb_reg[1]                                                                                                ; u_pll|altpll_component|auto_generated|pll1|clk[0] ; u_pll|altpll_component|auto_generated|pll1|clk[0] ; 0.000        ; 0.055      ; 0.529      ;
; 0.330 ; hdmi_tx:u_tx|hdmi_tx_delay:\gen_intgen:u_delay|altshift_taps:ram_rtl_0|shift_taps_08m:auto_generated|cntr_4rf:cntr1|counter_reg_bit[2] ; hdmi_tx:u_tx|hdmi_tx_delay:\gen_intgen:u_delay|altshift_taps:ram_rtl_0|shift_taps_08m:auto_generated|altsyncram_0i81:altsyncram2|ram_block3a0~porta_address_reg0        ; u_pll|altpll_component|auto_generated|pll1|clk[0] ; u_pll|altpll_component|auto_generated|pll1|clk[0] ; 0.000        ; 0.342      ; 0.841      ;
; 0.330 ; video_syncgen:u_vga|hsync_reg                                                                                                          ; logo_overlay:u_logo|delay_hs_reg[0]                                                                                                                                     ; u_pll|altpll_component|auto_generated|pll1|clk[0] ; u_pll|altpll_component|auto_generated|pll1|clk[0] ; 0.000        ; 0.055      ; 0.529      ;
; 0.331 ; hdmi_tx:u_tx|hdmi_tx_dataisland_submodule:\gen_data:u_data|bch_sb_reg[19]                                                              ; hdmi_tx:u_tx|hdmi_tx_dataisland_submodule:\gen_data:u_data|bch_sb_reg[17]                                                                                               ; u_pll|altpll_component|auto_generated|pll1|clk[0] ; u_pll|altpll_component|auto_generated|pll1|clk[0] ; 0.000        ; 0.055      ; 0.530      ;
; 0.331 ; hdmi_tx:u_tx|hdmi_tx_delay:\gen_intgen:u_delay|altshift_taps:ram_rtl_0|shift_taps_08m:auto_generated|cntr_4rf:cntr1|counter_reg_bit[5] ; hdmi_tx:u_tx|hdmi_tx_delay:\gen_intgen:u_delay|altshift_taps:ram_rtl_0|shift_taps_08m:auto_generated|altsyncram_0i81:altsyncram2|ram_block3a0~portb_address_reg0        ; u_pll|altpll_component|auto_generated|pll1|clk[0] ; u_pll|altpll_component|auto_generated|pll1|clk[0] ; 0.000        ; 0.342      ; 0.842      ;
; 0.331 ; logo_overlay:u_logo|pix_out_reg[16]                                                                                                    ; hdmi_tx:u_tx|hdmi_tx_delay:\gen_intgen:u_delay|altshift_taps:ram_rtl_0|shift_taps_08m:auto_generated|altsyncram_0i81:altsyncram2|ram_block3a0~porta_datain_reg0         ; u_pll|altpll_component|auto_generated|pll1|clk[0] ; u_pll|altpll_component|auto_generated|pll1|clk[0] ; 0.000        ; 0.345      ; 0.845      ;
; 0.331 ; hdmi_tx:u_tx|hdmi_tx_dataisland_submodule:\gen_data:u_data|bch_hb_reg[1]                                                               ; hdmi_tx:u_tx|hdmi_tx_dataisland_submodule:\gen_data:u_data|bch_hb_reg[0]                                                                                                ; u_pll|altpll_component|auto_generated|pll1|clk[0] ; u_pll|altpll_component|auto_generated|pll1|clk[0] ; 0.000        ; 0.055      ; 0.530      ;
; 0.332 ; hdmi_tx:u_tx|hdmi_tx_delay:\gen_intgen:u_delay|altshift_taps:ram_rtl_0|shift_taps_08m:auto_generated|cntr_4rf:cntr1|counter_reg_bit[2] ; hdmi_tx:u_tx|hdmi_tx_delay:\gen_intgen:u_delay|altshift_taps:ram_rtl_0|shift_taps_08m:auto_generated|altsyncram_0i81:altsyncram2|ram_block3a0~portb_address_reg0        ; u_pll|altpll_component|auto_generated|pll1|clk[0] ; u_pll|altpll_component|auto_generated|pll1|clk[0] ; 0.000        ; 0.342      ; 0.843      ;
; 0.332 ; melodychime:u_chime|start_in_reg[1]                                                                                                    ; melodychime:u_chime|melodychime_seq:u_seq|start_reg                                                                                                                     ; u_pll|altpll_component|auto_generated|pll1|clk[0] ; u_pll|altpll_component|auto_generated|pll1|clk[0] ; 0.000        ; 0.055      ; 0.531      ;
; 0.334 ; hdmi_tx:u_tx|hdmi_tx_delay:\gen_intgen:u_delay|altshift_taps:ram_rtl_0|shift_taps_08m:auto_generated|cntr_4rf:cntr1|counter_reg_bit[1] ; hdmi_tx:u_tx|hdmi_tx_delay:\gen_intgen:u_delay|altshift_taps:ram_rtl_0|shift_taps_08m:auto_generated|altsyncram_0i81:altsyncram2|ram_block3a0~porta_address_reg0        ; u_pll|altpll_component|auto_generated|pll1|clk[0] ; u_pll|altpll_component|auto_generated|pll1|clk[0] ; 0.000        ; 0.341      ; 0.844      ;
; 0.335 ; melodychime:u_chime|melodychime_sg:u_sg1|sqdivcount[7]                                                                                 ; melodychime:u_chime|melodychime_sg:u_sg1|sqdivcount[7]                                                                                                                  ; u_pll|altpll_component|auto_generated|pll1|clk[0] ; u_pll|altpll_component|auto_generated|pll1|clk[0] ; 0.000        ; 0.056      ; 0.535      ;
; 0.335 ; ms_counter_reg[12]                                                                                                                     ; ms_counter_reg[12]                                                                                                                                                      ; u_pll|altpll_component|auto_generated|pll1|clk[0] ; u_pll|altpll_component|auto_generated|pll1|clk[0] ; 0.000        ; 0.055      ; 0.534      ;
; 0.335 ; hdmi_tx:u_tx|hdmi_tx_delay:\gen_intgen:u_delay|altshift_taps:ram_rtl_0|shift_taps_08m:auto_generated|cntr_4rf:cntr1|counter_reg_bit[0] ; hdmi_tx:u_tx|hdmi_tx_delay:\gen_intgen:u_delay|altshift_taps:ram_rtl_0|shift_taps_08m:auto_generated|altsyncram_0i81:altsyncram2|ram_block3a0~porta_address_reg0        ; u_pll|altpll_component|auto_generated|pll1|clk[0] ; u_pll|altpll_component|auto_generated|pll1|clk[0] ; 0.000        ; 0.342      ; 0.846      ;
; 0.336 ; hdmi_tx:u_tx|hdmi_tx_delay:\gen_intgen:u_delay|altshift_taps:ram_rtl_0|shift_taps_08m:auto_generated|cntr_4rf:cntr1|counter_reg_bit[1] ; hdmi_tx:u_tx|hdmi_tx_delay:\gen_intgen:u_delay|altshift_taps:ram_rtl_0|shift_taps_08m:auto_generated|altsyncram_0i81:altsyncram2|ram_block3a0~portb_address_reg0        ; u_pll|altpll_component|auto_generated|pll1|clk[0] ; u_pll|altpll_component|auto_generated|pll1|clk[0] ; 0.000        ; 0.341      ; 0.846      ;
+-------+----------------------------------------------------------------------------------------------------------------------------------------+-------------------------------------------------------------------------------------------------------------------------------------------------------------------------+---------------------------------------------------+---------------------------------------------------+--------------+------------+------------+


+-------------------------------------------------------------------------------------------------------------------------------------------------------------------------------------------------------------------------------------------------------------------------------------------------------------------------------------+
; Slow 1200mV 0C Model Hold: 'u_pll|altpll_component|auto_generated|pll1|clk[1]'                                                                                                                                                                                                                                                      ;
+-------+------------------------------------------------------------+---------------------------------------------------------------------------------------------------------------+---------------------------------------------------+---------------------------------------------------+--------------+------------+------------+
; Slack ; From Node                                                  ; To Node                                                                                                       ; Launch Clock                                      ; Latch Clock                                       ; Relationship ; Clock Skew ; Data Delay ;
+-------+------------------------------------------------------------+---------------------------------------------------------------------------------------------------------------+---------------------------------------------------+---------------------------------------------------+--------------+------------+------------+
; 0.320 ; hdmi_tx:u_tx|hdmi_tx_pdiff_submodule:u_ser|start_reg[0]    ; hdmi_tx:u_tx|hdmi_tx_pdiff_submodule:u_ser|start_reg[0]                                                       ; u_pll|altpll_component|auto_generated|pll1|clk[1] ; u_pll|altpll_component|auto_generated|pll1|clk[1] ; 0.000        ; 0.055      ; 0.519      ;
; 0.338 ; hdmi_tx:u_tx|hdmi_tx_pdiff_submodule:u_ser|ser_reg[35]     ; hdmi_tx:u_tx|hdmi_tx_pdiff_submodule:u_ser|ser_reg[33]                                                        ; u_pll|altpll_component|auto_generated|pll1|clk[1] ; u_pll|altpll_component|auto_generated|pll1|clk[1] ; 0.000        ; 0.055      ; 0.537      ;
; 0.338 ; hdmi_tx:u_tx|hdmi_tx_pdiff_submodule:u_ser|ser_reg[23]     ; hdmi_tx:u_tx|hdmi_tx_pdiff_submodule:u_ser|ser_reg[21]                                                        ; u_pll|altpll_component|auto_generated|pll1|clk[1] ; u_pll|altpll_component|auto_generated|pll1|clk[1] ; 0.000        ; 0.056      ; 0.538      ;
; 0.338 ; hdmi_tx:u_tx|hdmi_tx_pdiff_submodule:u_ser|ser_reg[29]     ; hdmi_tx:u_tx|hdmi_tx_pdiff_submodule:u_ser|ser_reg[27]                                                        ; u_pll|altpll_component|auto_generated|pll1|clk[1] ; u_pll|altpll_component|auto_generated|pll1|clk[1] ; 0.000        ; 0.056      ; 0.538      ;
; 0.338 ; hdmi_tx:u_tx|hdmi_tx_pdiff_submodule:u_ser|ser_reg[22]     ; hdmi_tx:u_tx|hdmi_tx_pdiff_submodule:u_ser|ser_reg[20]                                                        ; u_pll|altpll_component|auto_generated|pll1|clk[1] ; u_pll|altpll_component|auto_generated|pll1|clk[1] ; 0.000        ; 0.055      ; 0.537      ;
; 0.338 ; hdmi_tx:u_tx|hdmi_tx_pdiff_submodule:u_ser|ser_reg[8]      ; hdmi_tx:u_tx|hdmi_tx_pdiff_submodule:u_ser|ser_reg[6]                                                         ; u_pll|altpll_component|auto_generated|pll1|clk[1] ; u_pll|altpll_component|auto_generated|pll1|clk[1] ; 0.000        ; 0.055      ; 0.537      ;
; 0.339 ; hdmi_tx:u_tx|hdmi_tx_pdiff_submodule:u_ser|ser_reg[37]     ; hdmi_tx:u_tx|hdmi_tx_pdiff_submodule:u_ser|ser_reg[35]                                                        ; u_pll|altpll_component|auto_generated|pll1|clk[1] ; u_pll|altpll_component|auto_generated|pll1|clk[1] ; 0.000        ; 0.055      ; 0.538      ;
; 0.339 ; hdmi_tx:u_tx|hdmi_tx_pdiff_submodule:u_ser|ser_reg[32]     ; hdmi_tx:u_tx|hdmi_tx_pdiff_submodule:u_ser|ser_reg[30]                                                        ; u_pll|altpll_component|auto_generated|pll1|clk[1] ; u_pll|altpll_component|auto_generated|pll1|clk[1] ; 0.000        ; 0.055      ; 0.538      ;
; 0.339 ; hdmi_tx:u_tx|hdmi_tx_pdiff_submodule:u_ser|ser_reg[36]     ; hdmi_tx:u_tx|hdmi_tx_pdiff_submodule:u_ser|ser_reg[34]                                                        ; u_pll|altpll_component|auto_generated|pll1|clk[1] ; u_pll|altpll_component|auto_generated|pll1|clk[1] ; 0.000        ; 0.055      ; 0.538      ;
; 0.339 ; hdmi_tx:u_tx|hdmi_tx_pdiff_submodule:u_ser|ser_reg[38]     ; hdmi_tx:u_tx|hdmi_tx_pdiff_submodule:u_ser|ser_reg[36]                                                        ; u_pll|altpll_component|auto_generated|pll1|clk[1] ; u_pll|altpll_component|auto_generated|pll1|clk[1] ; 0.000        ; 0.055      ; 0.538      ;
; 0.339 ; hdmi_tx:u_tx|hdmi_tx_pdiff_submodule:u_ser|ser_reg[27]     ; hdmi_tx:u_tx|hdmi_tx_pdiff_submodule:u_ser|ser_reg[25]                                                        ; u_pll|altpll_component|auto_generated|pll1|clk[1] ; u_pll|altpll_component|auto_generated|pll1|clk[1] ; 0.000        ; 0.056      ; 0.539      ;
; 0.339 ; hdmi_tx:u_tx|hdmi_tx_pdiff_submodule:u_ser|ser_reg[5]      ; hdmi_tx:u_tx|hdmi_tx_pdiff_submodule:u_ser|ser_reg[3]                                                         ; u_pll|altpll_component|auto_generated|pll1|clk[1] ; u_pll|altpll_component|auto_generated|pll1|clk[1] ; 0.000        ; 0.056      ; 0.539      ;
; 0.340 ; hdmi_tx:u_tx|hdmi_tx_pdiff_submodule:u_ser|ser_reg[39]     ; hdmi_tx:u_tx|hdmi_tx_pdiff_submodule:u_ser|ser_reg[37]                                                        ; u_pll|altpll_component|auto_generated|pll1|clk[1] ; u_pll|altpll_component|auto_generated|pll1|clk[1] ; 0.000        ; 0.055      ; 0.539      ;
; 0.340 ; hdmi_tx:u_tx|hdmi_tx_pdiff_submodule:u_ser|ser_reg[34]     ; hdmi_tx:u_tx|hdmi_tx_pdiff_submodule:u_ser|ser_reg[32]                                                        ; u_pll|altpll_component|auto_generated|pll1|clk[1] ; u_pll|altpll_component|auto_generated|pll1|clk[1] ; 0.000        ; 0.055      ; 0.539      ;
; 0.341 ; hdmi_tx:u_tx|hdmi_tx_pdiff_submodule:u_ser|ser_reg[33]     ; hdmi_tx:u_tx|hdmi_tx_pdiff_submodule:u_ser|ser_reg[31]                                                        ; u_pll|altpll_component|auto_generated|pll1|clk[1] ; u_pll|altpll_component|auto_generated|pll1|clk[1] ; 0.000        ; 0.055      ; 0.540      ;
; 0.344 ; hdmi_tx:u_tx|hdmi_tx_pdiff_submodule:u_ser|ser_reg[31]     ; hdmi_tx:u_tx|hdmi_tx_pdiff_submodule:u_ser|data_n_reg[3]                                                      ; u_pll|altpll_component|auto_generated|pll1|clk[1] ; u_pll|altpll_component|auto_generated|pll1|clk[1] ; 0.000        ; 0.055      ; 0.543      ;
; 0.345 ; hdmi_tx:u_tx|hdmi_tx_pdiff_submodule:u_ser|ser_reg[31]     ; hdmi_tx:u_tx|hdmi_tx_pdiff_submodule:u_ser|data_p_reg[3]                                                      ; u_pll|altpll_component|auto_generated|pll1|clk[1] ; u_pll|altpll_component|auto_generated|pll1|clk[1] ; 0.000        ; 0.055      ; 0.544      ;
; 0.346 ; hdmi_tx:u_tx|hdmi_tx_pdiff_submodule:u_ser|ser_reg[1]      ; hdmi_tx:u_tx|hdmi_tx_pdiff_submodule:u_ser|data_n_reg[0]                                                      ; u_pll|altpll_component|auto_generated|pll1|clk[1] ; u_pll|altpll_component|auto_generated|pll1|clk[1] ; 0.000        ; 0.055      ; 0.545      ;
; 0.346 ; hdmi_tx:u_tx|hdmi_tx_pdiff_submodule:u_ser|ser_reg[1]      ; hdmi_tx:u_tx|hdmi_tx_pdiff_submodule:u_ser|data_p_reg[0]                                                      ; u_pll|altpll_component|auto_generated|pll1|clk[1] ; u_pll|altpll_component|auto_generated|pll1|clk[1] ; 0.000        ; 0.055      ; 0.545      ;
; 0.354 ; hdmi_tx:u_tx|hdmi_tx_pdiff_submodule:u_ser|ser_reg[0]      ; hdmi_tx:u_tx|hdmi_tx_pdiff_submodule:u_ser|data_n_reg[4]                                                      ; u_pll|altpll_component|auto_generated|pll1|clk[1] ; u_pll|altpll_component|auto_generated|pll1|clk[1] ; 0.000        ; 0.056      ; 0.554      ;
; 0.359 ; hdmi_tx:u_tx|hdmi_tx_pdiff_submodule:u_ser|ser_reg[20]     ; hdmi_tx:u_tx|hdmi_tx_pdiff_submodule:u_ser|data_n_reg[6]                                                      ; u_pll|altpll_component|auto_generated|pll1|clk[1] ; u_pll|altpll_component|auto_generated|pll1|clk[1] ; 0.000        ; 0.055      ; 0.558      ;
; 0.364 ; hdmi_tx:u_tx|hdmi_tx_pdiff_submodule:u_ser|data_in_reg[9]  ; hdmi_tx:u_tx|hdmi_tx_pdiff_submodule:u_ser|ser_reg[9]                                                         ; u_pll|altpll_component|auto_generated|pll1|clk[0] ; u_pll|altpll_component|auto_generated|pll1|clk[1] ; -0.001       ; 0.136      ; 0.663      ;
; 0.394 ; hdmi_tx:u_tx|hdmi_tx_pdiff_submodule:u_ser|data_in_reg[8]  ; hdmi_tx:u_tx|hdmi_tx_pdiff_submodule:u_ser|ser_reg[8]                                                         ; u_pll|altpll_component|auto_generated|pll1|clk[0] ; u_pll|altpll_component|auto_generated|pll1|clk[1] ; -0.001       ; 0.137      ; 0.694      ;
; 0.395 ; hdmi_tx:u_tx|hdmi_tx_pdiff_submodule:u_ser|data_in_reg[28] ; hdmi_tx:u_tx|hdmi_tx_pdiff_submodule:u_ser|ser_reg[28]                                                        ; u_pll|altpll_component|auto_generated|pll1|clk[0] ; u_pll|altpll_component|auto_generated|pll1|clk[1] ; -0.001       ; 0.138      ; 0.696      ;
; 0.396 ; hdmi_tx:u_tx|hdmi_tx_pdiff_submodule:u_ser|data_in_reg[29] ; hdmi_tx:u_tx|hdmi_tx_pdiff_submodule:u_ser|ser_reg[29]                                                        ; u_pll|altpll_component|auto_generated|pll1|clk[0] ; u_pll|altpll_component|auto_generated|pll1|clk[1] ; -0.001       ; 0.138      ; 0.697      ;
; 0.406 ; hdmi_tx:u_tx|hdmi_tx_pdiff_submodule:u_ser|data_in_reg[18] ; hdmi_tx:u_tx|hdmi_tx_pdiff_submodule:u_ser|ser_reg[18]                                                        ; u_pll|altpll_component|auto_generated|pll1|clk[0] ; u_pll|altpll_component|auto_generated|pll1|clk[1] ; -0.001       ; 0.127      ; 0.696      ;
; 0.407 ; hdmi_tx:u_tx|hdmi_tx_pdiff_submodule:u_ser|data_in_reg[19] ; hdmi_tx:u_tx|hdmi_tx_pdiff_submodule:u_ser|ser_reg[19]                                                        ; u_pll|altpll_component|auto_generated|pll1|clk[0] ; u_pll|altpll_component|auto_generated|pll1|clk[1] ; -0.001       ; 0.127      ; 0.697      ;
; 0.431 ; hdmi_tx:u_tx|hdmi_tx_pdiff_submodule:u_ser|ser_reg[26]     ; hdmi_tx:u_tx|hdmi_tx_pdiff_submodule:u_ser|ser_reg[24]                                                        ; u_pll|altpll_component|auto_generated|pll1|clk[1] ; u_pll|altpll_component|auto_generated|pll1|clk[1] ; 0.000        ; 0.056      ; 0.631      ;
; 0.432 ; hdmi_tx:u_tx|hdmi_tx_pdiff_submodule:u_ser|ser_reg[16]     ; hdmi_tx:u_tx|hdmi_tx_pdiff_submodule:u_ser|ser_reg[14]                                                        ; u_pll|altpll_component|auto_generated|pll1|clk[1] ; u_pll|altpll_component|auto_generated|pll1|clk[1] ; 0.000        ; 0.055      ; 0.631      ;
; 0.456 ; hdmi_tx:u_tx|hdmi_tx_pdiff_submodule:u_ser|data_in_reg[25] ; hdmi_tx:u_tx|hdmi_tx_pdiff_submodule:u_ser|ser_reg[25]                                                        ; u_pll|altpll_component|auto_generated|pll1|clk[0] ; u_pll|altpll_component|auto_generated|pll1|clk[1] ; -0.001       ; 0.138      ; 0.757      ;
; 0.456 ; hdmi_tx:u_tx|hdmi_tx_pdiff_submodule:u_ser|data_in_reg[5]  ; hdmi_tx:u_tx|hdmi_tx_pdiff_submodule:u_ser|ser_reg[5]                                                         ; u_pll|altpll_component|auto_generated|pll1|clk[0] ; u_pll|altpll_component|auto_generated|pll1|clk[1] ; -0.001       ; 0.138      ; 0.757      ;
; 0.456 ; hdmi_tx:u_tx|hdmi_tx_pdiff_submodule:u_ser|data_in_reg[2]  ; hdmi_tx:u_tx|hdmi_tx_pdiff_submodule:u_ser|ser_reg[2]                                                         ; u_pll|altpll_component|auto_generated|pll1|clk[0] ; u_pll|altpll_component|auto_generated|pll1|clk[1] ; -0.001       ; 0.137      ; 0.756      ;
; 0.460 ; hdmi_tx:u_tx|hdmi_tx_pdiff_submodule:u_ser|ser_reg[9]      ; hdmi_tx:u_tx|hdmi_tx_pdiff_submodule:u_ser|ser_reg[7]                                                         ; u_pll|altpll_component|auto_generated|pll1|clk[1] ; u_pll|altpll_component|auto_generated|pll1|clk[1] ; 0.000        ; 0.055      ; 0.659      ;
; 0.461 ; hdmi_tx:u_tx|hdmi_tx_pdiff_submodule:u_ser|data_in_reg[21] ; hdmi_tx:u_tx|hdmi_tx_pdiff_submodule:u_ser|ser_reg[21]                                                        ; u_pll|altpll_component|auto_generated|pll1|clk[0] ; u_pll|altpll_component|auto_generated|pll1|clk[1] ; -0.001       ; 0.138      ; 0.762      ;
; 0.462 ; hdmi_tx:u_tx|hdmi_tx_pdiff_submodule:u_ser|data_in_reg[20] ; hdmi_tx:u_tx|hdmi_tx_pdiff_submodule:u_ser|ser_reg[20]                                                        ; u_pll|altpll_component|auto_generated|pll1|clk[0] ; u_pll|altpll_component|auto_generated|pll1|clk[1] ; -0.001       ; 0.137      ; 0.762      ;
; 0.462 ; hdmi_tx:u_tx|hdmi_tx_pdiff_submodule:u_ser|data_in_reg[6]  ; hdmi_tx:u_tx|hdmi_tx_pdiff_submodule:u_ser|ser_reg[6]                                                         ; u_pll|altpll_component|auto_generated|pll1|clk[0] ; u_pll|altpll_component|auto_generated|pll1|clk[1] ; -0.001       ; 0.137      ; 0.762      ;
; 0.469 ; hdmi_tx:u_tx|hdmi_tx_pdiff_submodule:u_ser|data_in_reg[15] ; hdmi_tx:u_tx|hdmi_tx_pdiff_submodule:u_ser|ser_reg[15]                                                        ; u_pll|altpll_component|auto_generated|pll1|clk[0] ; u_pll|altpll_component|auto_generated|pll1|clk[1] ; -0.001       ; 0.127      ; 0.759      ;
; 0.471 ; hdmi_tx:u_tx|hdmi_tx_pdiff_submodule:u_ser|ser_reg[30]     ; hdmi_tx:u_tx|hdmi_tx_pdiff_submodule:u_ser|data_n_reg[7]                                                      ; u_pll|altpll_component|auto_generated|pll1|clk[1] ; u_pll|altpll_component|auto_generated|pll1|clk[1] ; 0.000        ; 0.055      ; 0.670      ;
; 0.471 ; hdmi_tx:u_tx|hdmi_tx_pdiff_submodule:u_ser|ser_reg[30]     ; hdmi_tx:u_tx|hdmi_tx_pdiff_submodule:u_ser|data_p_reg[7]                                                      ; u_pll|altpll_component|auto_generated|pll1|clk[1] ; u_pll|altpll_component|auto_generated|pll1|clk[1] ; 0.000        ; 0.055      ; 0.670      ;
; 0.472 ; hdmi_tx:u_tx|hdmi_tx_pdiff_submodule:u_ser|start_reg[1]    ; hdmi_tx:u_tx|hdmi_tx_pdiff_submodule:u_ser|start_reg[0]                                                       ; u_pll|altpll_component|auto_generated|pll1|clk[1] ; u_pll|altpll_component|auto_generated|pll1|clk[1] ; 0.000        ; 0.057      ; 0.673      ;
; 0.473 ; hdmi_tx:u_tx|hdmi_tx_pdiff_submodule:u_ser|data_in_reg[10] ; hdmi_tx:u_tx|hdmi_tx_pdiff_submodule:u_ser|ser_reg[10]                                                        ; u_pll|altpll_component|auto_generated|pll1|clk[0] ; u_pll|altpll_component|auto_generated|pll1|clk[1] ; -0.001       ; 0.128      ; 0.764      ;
; 0.476 ; hdmi_tx:u_tx|hdmi_tx_pdiff_submodule:u_ser|data_in_reg[11] ; hdmi_tx:u_tx|hdmi_tx_pdiff_submodule:u_ser|ser_reg[11]                                                        ; u_pll|altpll_component|auto_generated|pll1|clk[0] ; u_pll|altpll_component|auto_generated|pll1|clk[1] ; -0.001       ; 0.127      ; 0.766      ;
; 0.482 ; hdmi_tx:u_tx|hdmi_tx_pdiff_submodule:u_ser|ser_reg[3]      ; hdmi_tx:u_tx|hdmi_tx_pdiff_submodule:u_ser|ser_reg[1]                                                         ; u_pll|altpll_component|auto_generated|pll1|clk[1] ; u_pll|altpll_component|auto_generated|pll1|clk[1] ; 0.000        ; 0.055      ; 0.681      ;
; 0.483 ; hdmi_tx:u_tx|hdmi_tx_pdiff_submodule:u_ser|data_in_reg[22] ; hdmi_tx:u_tx|hdmi_tx_pdiff_submodule:u_ser|ser_reg[22]                                                        ; u_pll|altpll_component|auto_generated|pll1|clk[0] ; u_pll|altpll_component|auto_generated|pll1|clk[1] ; -0.001       ; 0.137      ; 0.783      ;
; 0.486 ; hdmi_tx:u_tx|hdmi_tx_pdiff_submodule:u_ser|data_in_reg[27] ; hdmi_tx:u_tx|hdmi_tx_pdiff_submodule:u_ser|ser_reg[27]                                                        ; u_pll|altpll_component|auto_generated|pll1|clk[0] ; u_pll|altpll_component|auto_generated|pll1|clk[1] ; -0.001       ; 0.138      ; 0.787      ;
; 0.489 ; hdmi_tx:u_tx|hdmi_tx_pdiff_submodule:u_ser|ser_reg[4]      ; hdmi_tx:u_tx|hdmi_tx_pdiff_submodule:u_ser|ser_reg[2]                                                         ; u_pll|altpll_component|auto_generated|pll1|clk[1] ; u_pll|altpll_component|auto_generated|pll1|clk[1] ; 0.000        ; 0.057      ; 0.690      ;
; 0.490 ; hdmi_tx:u_tx|hdmi_tx_pdiff_submodule:u_ser|ser_reg[7]      ; hdmi_tx:u_tx|hdmi_tx_pdiff_submodule:u_ser|ser_reg[5]                                                         ; u_pll|altpll_component|auto_generated|pll1|clk[1] ; u_pll|altpll_component|auto_generated|pll1|clk[1] ; 0.000        ; 0.056      ; 0.690      ;
; 0.492 ; hdmi_tx:u_tx|hdmi_tx_pdiff_submodule:u_ser|ser_reg[24]     ; hdmi_tx:u_tx|hdmi_tx_pdiff_submodule:u_ser|ser_reg[22]                                                        ; u_pll|altpll_component|auto_generated|pll1|clk[1] ; u_pll|altpll_component|auto_generated|pll1|clk[1] ; 0.000        ; 0.056      ; 0.692      ;
; 0.493 ; hdmi_tx:u_tx|hdmi_tx_pdiff_submodule:u_ser|ser_reg[28]     ; hdmi_tx:u_tx|hdmi_tx_pdiff_submodule:u_ser|ser_reg[26]                                                        ; u_pll|altpll_component|auto_generated|pll1|clk[1] ; u_pll|altpll_component|auto_generated|pll1|clk[1] ; 0.000        ; 0.056      ; 0.693      ;
; 0.494 ; hdmi_tx:u_tx|hdmi_tx_pdiff_submodule:u_ser|ser_reg[25]     ; hdmi_tx:u_tx|hdmi_tx_pdiff_submodule:u_ser|ser_reg[23]                                                        ; u_pll|altpll_component|auto_generated|pll1|clk[1] ; u_pll|altpll_component|auto_generated|pll1|clk[1] ; 0.000        ; 0.056      ; 0.694      ;
; 0.495 ; hdmi_tx:u_tx|hdmi_tx_pdiff_submodule:u_ser|data_in_reg[12] ; hdmi_tx:u_tx|hdmi_tx_pdiff_submodule:u_ser|ser_reg[12]                                                        ; u_pll|altpll_component|auto_generated|pll1|clk[0] ; u_pll|altpll_component|auto_generated|pll1|clk[1] ; -0.001       ; 0.128      ; 0.786      ;
; 0.496 ; hdmi_tx:u_tx|hdmi_tx_pdiff_submodule:u_ser|ser_reg[15]     ; hdmi_tx:u_tx|hdmi_tx_pdiff_submodule:u_ser|ser_reg[13]                                                        ; u_pll|altpll_component|auto_generated|pll1|clk[1] ; u_pll|altpll_component|auto_generated|pll1|clk[1] ; 0.000        ; 0.055      ; 0.695      ;
; 0.497 ; hdmi_tx:u_tx|hdmi_tx_pdiff_submodule:u_ser|ser_reg[12]     ; hdmi_tx:u_tx|hdmi_tx_pdiff_submodule:u_ser|ser_reg[10]                                                        ; u_pll|altpll_component|auto_generated|pll1|clk[1] ; u_pll|altpll_component|auto_generated|pll1|clk[1] ; 0.000        ; 0.055      ; 0.696      ;
; 0.497 ; hdmi_tx:u_tx|hdmi_tx_pdiff_submodule:u_ser|ser_reg[18]     ; hdmi_tx:u_tx|hdmi_tx_pdiff_submodule:u_ser|ser_reg[16]                                                        ; u_pll|altpll_component|auto_generated|pll1|clk[1] ; u_pll|altpll_component|auto_generated|pll1|clk[1] ; 0.000        ; 0.055      ; 0.696      ;
; 0.498 ; hdmi_tx:u_tx|hdmi_tx_pdiff_submodule:u_ser|ser_reg[19]     ; hdmi_tx:u_tx|hdmi_tx_pdiff_submodule:u_ser|ser_reg[17]                                                        ; u_pll|altpll_component|auto_generated|pll1|clk[1] ; u_pll|altpll_component|auto_generated|pll1|clk[1] ; 0.000        ; 0.055      ; 0.697      ;
; 0.498 ; hdmi_tx:u_tx|hdmi_tx_pdiff_submodule:u_ser|start_reg[3]    ; hdmi_tx:u_tx|hdmi_tx_pdiff_submodule:u_ser|start_reg[2]                                                       ; u_pll|altpll_component|auto_generated|pll1|clk[1] ; u_pll|altpll_component|auto_generated|pll1|clk[1] ; 0.000        ; 0.055      ; 0.697      ;
; 0.499 ; hdmi_tx:u_tx|hdmi_tx_pdiff_submodule:u_ser|ser_reg[13]     ; hdmi_tx:u_tx|hdmi_tx_pdiff_submodule:u_ser|ser_reg[11]                                                        ; u_pll|altpll_component|auto_generated|pll1|clk[1] ; u_pll|altpll_component|auto_generated|pll1|clk[1] ; 0.000        ; 0.055      ; 0.698      ;
; 0.499 ; hdmi_tx:u_tx|hdmi_tx_pdiff_submodule:u_ser|ser_reg[17]     ; hdmi_tx:u_tx|hdmi_tx_pdiff_submodule:u_ser|ser_reg[15]                                                        ; u_pll|altpll_component|auto_generated|pll1|clk[1] ; u_pll|altpll_component|auto_generated|pll1|clk[1] ; 0.000        ; 0.055      ; 0.698      ;
; 0.501 ; hdmi_tx:u_tx|hdmi_tx_pdiff_submodule:u_ser|data_in_reg[13] ; hdmi_tx:u_tx|hdmi_tx_pdiff_submodule:u_ser|ser_reg[13]                                                        ; u_pll|altpll_component|auto_generated|pll1|clk[0] ; u_pll|altpll_component|auto_generated|pll1|clk[1] ; -0.001       ; 0.127      ; 0.791      ;
; 0.519 ; hdmi_tx:u_tx|hdmi_tx_pdiff_submodule:u_ser|data_in_reg[3]  ; hdmi_tx:u_tx|hdmi_tx_pdiff_submodule:u_ser|ser_reg[3]                                                         ; u_pll|altpll_component|auto_generated|pll1|clk[0] ; u_pll|altpll_component|auto_generated|pll1|clk[1] ; -0.001       ; 0.136      ; 0.818      ;
; 0.531 ; hdmi_tx:u_tx|hdmi_tx_pdiff_submodule:u_ser|data_in_reg[1]  ; hdmi_tx:u_tx|hdmi_tx_pdiff_submodule:u_ser|ser_reg[1]                                                         ; u_pll|altpll_component|auto_generated|pll1|clk[0] ; u_pll|altpll_component|auto_generated|pll1|clk[1] ; -0.001       ; 0.137      ; 0.831      ;
; 0.532 ; hdmi_tx:u_tx|hdmi_tx_pdiff_submodule:u_ser|data_in_reg[24] ; hdmi_tx:u_tx|hdmi_tx_pdiff_submodule:u_ser|ser_reg[24]                                                        ; u_pll|altpll_component|auto_generated|pll1|clk[0] ; u_pll|altpll_component|auto_generated|pll1|clk[1] ; -0.001       ; 0.138      ; 0.833      ;
; 0.538 ; hdmi_tx:u_tx|hdmi_tx_pdiff_submodule:u_ser|start_reg[0]    ; hdmi_tx:u_tx|hdmi_tx_pdiff_submodule:u_ser|ser_reg[6]                                                         ; u_pll|altpll_component|auto_generated|pll1|clk[1] ; u_pll|altpll_component|auto_generated|pll1|clk[1] ; 0.000        ; 0.055      ; 0.737      ;
; 0.539 ; hdmi_tx:u_tx|hdmi_tx_pdiff_submodule:u_ser|start_reg[0]    ; hdmi_tx:u_tx|hdmi_tx_pdiff_submodule:u_ser|ser_reg[2]                                                         ; u_pll|altpll_component|auto_generated|pll1|clk[1] ; u_pll|altpll_component|auto_generated|pll1|clk[1] ; 0.000        ; 0.055      ; 0.738      ;
; 0.548 ; hdmi_tx:u_tx|hdmi_tx_pdiff_submodule:u_ser|data_in_reg[26] ; hdmi_tx:u_tx|hdmi_tx_pdiff_submodule:u_ser|ser_reg[26]                                                        ; u_pll|altpll_component|auto_generated|pll1|clk[0] ; u_pll|altpll_component|auto_generated|pll1|clk[1] ; -0.001       ; 0.138      ; 0.849      ;
; 0.555 ; hdmi_tx:u_tx|hdmi_tx_pdiff_submodule:u_ser|data_in_reg[4]  ; hdmi_tx:u_tx|hdmi_tx_pdiff_submodule:u_ser|ser_reg[4]                                                         ; u_pll|altpll_component|auto_generated|pll1|clk[0] ; u_pll|altpll_component|auto_generated|pll1|clk[1] ; -0.001       ; 0.136      ; 0.854      ;
; 0.555 ; hdmi_tx:u_tx|hdmi_tx_pdiff_submodule:u_ser|data_in_reg[0]  ; hdmi_tx:u_tx|hdmi_tx_pdiff_submodule:u_ser|ser_reg[0]                                                         ; u_pll|altpll_component|auto_generated|pll1|clk[0] ; u_pll|altpll_component|auto_generated|pll1|clk[1] ; -0.001       ; 0.136      ; 0.854      ;
; 0.561 ; hdmi_tx:u_tx|hdmi_tx_pdiff_submodule:u_ser|data_in_reg[14] ; hdmi_tx:u_tx|hdmi_tx_pdiff_submodule:u_ser|ser_reg[14]                                                        ; u_pll|altpll_component|auto_generated|pll1|clk[0] ; u_pll|altpll_component|auto_generated|pll1|clk[1] ; -0.001       ; 0.127      ; 0.851      ;
; 0.565 ; hdmi_tx:u_tx|hdmi_tx_pdiff_submodule:u_ser|data_in_reg[17] ; hdmi_tx:u_tx|hdmi_tx_pdiff_submodule:u_ser|ser_reg[17]                                                        ; u_pll|altpll_component|auto_generated|pll1|clk[0] ; u_pll|altpll_component|auto_generated|pll1|clk[1] ; -0.001       ; 0.127      ; 0.855      ;
; 0.577 ; hdmi_tx:u_tx|hdmi_tx_pdiff_submodule:u_ser|data_in_reg[16] ; hdmi_tx:u_tx|hdmi_tx_pdiff_submodule:u_ser|ser_reg[16]                                                        ; u_pll|altpll_component|auto_generated|pll1|clk[0] ; u_pll|altpll_component|auto_generated|pll1|clk[1] ; -0.001       ; 0.127      ; 0.867      ;
; 0.643 ; hdmi_tx:u_tx|hdmi_tx_pdiff_submodule:u_ser|start_reg[0]    ; hdmi_tx:u_tx|hdmi_tx_pdiff_submodule:u_ser|start_reg[1]                                                       ; u_pll|altpll_component|auto_generated|pll1|clk[1] ; u_pll|altpll_component|auto_generated|pll1|clk[1] ; 0.000        ; 0.054      ; 0.841      ;
; 0.648 ; hdmi_tx:u_tx|hdmi_tx_pdiff_submodule:u_ser|start_reg[0]    ; hdmi_tx:u_tx|hdmi_tx_pdiff_submodule:u_ser|ser_reg[0]                                                         ; u_pll|altpll_component|auto_generated|pll1|clk[1] ; u_pll|altpll_component|auto_generated|pll1|clk[1] ; 0.000        ; 0.054      ; 0.846      ;
; 0.648 ; hdmi_tx:u_tx|hdmi_tx_pdiff_submodule:u_ser|start_reg[0]    ; hdmi_tx:u_tx|hdmi_tx_pdiff_submodule:u_ser|ser_reg[4]                                                         ; u_pll|altpll_component|auto_generated|pll1|clk[1] ; u_pll|altpll_component|auto_generated|pll1|clk[1] ; 0.000        ; 0.054      ; 0.846      ;
; 0.648 ; hdmi_tx:u_tx|hdmi_tx_pdiff_submodule:u_ser|start_reg[0]    ; hdmi_tx:u_tx|hdmi_tx_pdiff_submodule:u_ser|ser_reg[3]                                                         ; u_pll|altpll_component|auto_generated|pll1|clk[1] ; u_pll|altpll_component|auto_generated|pll1|clk[1] ; 0.000        ; 0.054      ; 0.846      ;
; 0.653 ; hdmi_tx:u_tx|hdmi_tx_pdiff_submodule:u_ser|data_in_reg[23] ; hdmi_tx:u_tx|hdmi_tx_pdiff_submodule:u_ser|ser_reg[23]                                                        ; u_pll|altpll_component|auto_generated|pll1|clk[0] ; u_pll|altpll_component|auto_generated|pll1|clk[1] ; -0.001       ; 0.138      ; 0.954      ;
; 0.659 ; hdmi_tx:u_tx|hdmi_tx_pdiff_submodule:u_ser|ser_reg[2]      ; hdmi_tx:u_tx|hdmi_tx_pdiff_submodule:u_ser|ser_reg[0]                                                         ; u_pll|altpll_component|auto_generated|pll1|clk[1] ; u_pll|altpll_component|auto_generated|pll1|clk[1] ; 0.000        ; 0.054      ; 0.857      ;
; 0.713 ; hdmi_tx:u_tx|hdmi_tx_pdiff_submodule:u_ser|start_reg[2]    ; hdmi_tx:u_tx|hdmi_tx_pdiff_submodule:u_ser|start_reg[1]                                                       ; u_pll|altpll_component|auto_generated|pll1|clk[1] ; u_pll|altpll_component|auto_generated|pll1|clk[1] ; 0.000        ; 0.062      ; 0.919      ;
; 0.717 ; hdmi_tx:u_tx|hdmi_tx_pdiff_submodule:u_ser|data_in_reg[7]  ; hdmi_tx:u_tx|hdmi_tx_pdiff_submodule:u_ser|ser_reg[7]                                                         ; u_pll|altpll_component|auto_generated|pll1|clk[0] ; u_pll|altpll_component|auto_generated|pll1|clk[1] ; -0.001       ; 0.135      ; 1.015      ;
; 0.719 ; hdmi_tx:u_tx|hdmi_tx_pdiff_submodule:u_ser|ser_reg[10]     ; hdmi_tx:u_tx|hdmi_tx_pdiff_submodule:u_ser|data_n_reg[5]                                                      ; u_pll|altpll_component|auto_generated|pll1|clk[1] ; u_pll|altpll_component|auto_generated|pll1|clk[1] ; 0.000        ; 0.059      ; 0.922      ;
; 0.720 ; hdmi_tx:u_tx|hdmi_tx_pdiff_submodule:u_ser|ser_reg[10]     ; hdmi_tx:u_tx|hdmi_tx_pdiff_submodule:u_ser|data_p_reg[5]                                                      ; u_pll|altpll_component|auto_generated|pll1|clk[1] ; u_pll|altpll_component|auto_generated|pll1|clk[1] ; 0.000        ; 0.059      ; 0.923      ;
; 0.732 ; hdmi_tx:u_tx|hdmi_tx_pdiff_submodule:u_ser|start_reg[0]    ; hdmi_tx:u_tx|hdmi_tx_pdiff_submodule:u_ser|ser_reg[5]                                                         ; u_pll|altpll_component|auto_generated|pll1|clk[1] ; u_pll|altpll_component|auto_generated|pll1|clk[1] ; 0.000        ; 0.054      ; 0.930      ;
; 0.733 ; hdmi_tx:u_tx|hdmi_tx_pdiff_submodule:u_ser|ser_reg[0]      ; hdmi_tx:u_tx|hdmi_tx_pdiff_submodule:u_ser|data_p_reg[4]                                                      ; u_pll|altpll_component|auto_generated|pll1|clk[1] ; u_pll|altpll_component|auto_generated|pll1|clk[1] ; 0.000        ; 0.049      ; 0.926      ;
; 0.749 ; hdmi_tx:u_tx|hdmi_tx_pdiff_submodule:u_ser|ser_reg[11]     ; hdmi_tx:u_tx|hdmi_tx_pdiff_submodule:u_ser|data_p_reg[1]                                                      ; u_pll|altpll_component|auto_generated|pll1|clk[1] ; u_pll|altpll_component|auto_generated|pll1|clk[1] ; 0.000        ; 0.058      ; 0.951      ;
; 0.750 ; hdmi_tx:u_tx|hdmi_tx_pdiff_submodule:u_ser|ser_reg[11]     ; hdmi_tx:u_tx|hdmi_tx_pdiff_submodule:u_ser|data_n_reg[1]                                                      ; u_pll|altpll_component|auto_generated|pll1|clk[1] ; u_pll|altpll_component|auto_generated|pll1|clk[1] ; 0.000        ; 0.058      ; 0.952      ;
; 0.786 ; hdmi_tx:u_tx|hdmi_tx_pdiff_submodule:u_ser|start_reg[0]    ; hdmi_tx:u_tx|hdmi_tx_pdiff_submodule:u_ser|ser_reg[10]                                                        ; u_pll|altpll_component|auto_generated|pll1|clk[1] ; u_pll|altpll_component|auto_generated|pll1|clk[1] ; 0.000        ; 0.049      ; 0.979      ;
; 0.788 ; hdmi_tx:u_tx|hdmi_tx_pdiff_submodule:u_ser|start_reg[0]    ; hdmi_tx:u_tx|hdmi_tx_pdiff_submodule:u_ser|ser_reg[12]                                                        ; u_pll|altpll_component|auto_generated|pll1|clk[1] ; u_pll|altpll_component|auto_generated|pll1|clk[1] ; 0.000        ; 0.049      ; 0.981      ;
; 0.803 ; hdmi_tx:u_tx|hdmi_tx_pdiff_submodule:u_ser|start_reg[0]    ; hdmi_tx:u_tx|hdmi_tx_pdiff_submodule:u_ser|ser_reg[17]                                                        ; u_pll|altpll_component|auto_generated|pll1|clk[1] ; u_pll|altpll_component|auto_generated|pll1|clk[1] ; 0.000        ; 0.046      ; 0.993      ;
; 0.804 ; hdmi_tx:u_tx|hdmi_tx_pdiff_submodule:u_ser|start_reg[0]    ; hdmi_tx:u_tx|hdmi_tx_pdiff_submodule:u_ser|ser_reg[15]                                                        ; u_pll|altpll_component|auto_generated|pll1|clk[1] ; u_pll|altpll_component|auto_generated|pll1|clk[1] ; 0.000        ; 0.046      ; 0.994      ;
; 0.804 ; hdmi_tx:u_tx|hdmi_tx_pdiff_submodule:u_ser|start_reg[0]    ; hdmi_tx:u_tx|hdmi_tx_pdiff_submodule:u_ser|ser_reg[13]                                                        ; u_pll|altpll_component|auto_generated|pll1|clk[1] ; u_pll|altpll_component|auto_generated|pll1|clk[1] ; 0.000        ; 0.046      ; 0.994      ;
; 0.804 ; hdmi_tx:u_tx|hdmi_tx_pdiff_submodule:u_ser|start_reg[0]    ; hdmi_tx:u_tx|hdmi_tx_pdiff_submodule:u_ser|ser_reg[16]                                                        ; u_pll|altpll_component|auto_generated|pll1|clk[1] ; u_pll|altpll_component|auto_generated|pll1|clk[1] ; 0.000        ; 0.046      ; 0.994      ;
; 0.805 ; hdmi_tx:u_tx|hdmi_tx_pdiff_submodule:u_ser|data_p_reg[4]   ; hdmi_tx:u_tx|hdmi_tx_pdiff_submodule:u_ser|altddio_out:u_ddo_p|ddio_out_s9j:auto_generated|ddio_outa[0]~DFFHI ; u_pll|altpll_component|auto_generated|pll1|clk[1] ; u_pll|altpll_component|auto_generated|pll1|clk[1] ; 0.000        ; 0.030      ; 0.921      ;
; 0.807 ; hdmi_tx:u_tx|hdmi_tx_pdiff_submodule:u_ser|start_reg[0]    ; hdmi_tx:u_tx|hdmi_tx_pdiff_submodule:u_ser|ser_reg[11]                                                        ; u_pll|altpll_component|auto_generated|pll1|clk[1] ; u_pll|altpll_component|auto_generated|pll1|clk[1] ; 0.000        ; 0.046      ; 0.997      ;
; 0.823 ; hdmi_tx:u_tx|hdmi_tx_pdiff_submodule:u_ser|start_reg[0]    ; hdmi_tx:u_tx|hdmi_tx_pdiff_submodule:u_ser|ser_reg[34]                                                        ; u_pll|altpll_component|auto_generated|pll1|clk[1] ; u_pll|altpll_component|auto_generated|pll1|clk[1] ; 0.000        ; 0.053      ; 1.020      ;
; 0.826 ; hdmi_tx:u_tx|hdmi_tx_pdiff_submodule:u_ser|start_reg[0]    ; hdmi_tx:u_tx|hdmi_tx_pdiff_submodule:u_ser|ser_reg[1]                                                         ; u_pll|altpll_component|auto_generated|pll1|clk[1] ; u_pll|altpll_component|auto_generated|pll1|clk[1] ; 0.000        ; 0.053      ; 1.023      ;
; 0.827 ; hdmi_tx:u_tx|hdmi_tx_pdiff_submodule:u_ser|start_reg[0]    ; hdmi_tx:u_tx|hdmi_tx_pdiff_submodule:u_ser|ser_reg[30]                                                        ; u_pll|altpll_component|auto_generated|pll1|clk[1] ; u_pll|altpll_component|auto_generated|pll1|clk[1] ; 0.000        ; 0.053      ; 1.024      ;
; 0.827 ; hdmi_tx:u_tx|hdmi_tx_pdiff_submodule:u_ser|start_reg[0]    ; hdmi_tx:u_tx|hdmi_tx_pdiff_submodule:u_ser|ser_reg[32]                                                        ; u_pll|altpll_component|auto_generated|pll1|clk[1] ; u_pll|altpll_component|auto_generated|pll1|clk[1] ; 0.000        ; 0.053      ; 1.024      ;
; 0.827 ; hdmi_tx:u_tx|hdmi_tx_pdiff_submodule:u_ser|start_reg[0]    ; hdmi_tx:u_tx|hdmi_tx_pdiff_submodule:u_ser|ser_reg[7]                                                         ; u_pll|altpll_component|auto_generated|pll1|clk[1] ; u_pll|altpll_component|auto_generated|pll1|clk[1] ; 0.000        ; 0.053      ; 1.024      ;
; 0.834 ; hdmi_tx:u_tx|hdmi_tx_pdiff_submodule:u_ser|data_n_reg[1]   ; hdmi_tx:u_tx|hdmi_tx_pdiff_submodule:u_ser|altddio_out:u_ddo_n|ddio_out_u6j:auto_generated|ddio_outa[1]~DFFLO ; u_pll|altpll_component|auto_generated|pll1|clk[1] ; u_pll|altpll_component|auto_generated|pll1|clk[1] ; 0.000        ; 0.027      ; 0.947      ;
; 0.835 ; hdmi_tx:u_tx|hdmi_tx_pdiff_submodule:u_ser|start_reg[0]    ; hdmi_tx:u_tx|hdmi_tx_pdiff_submodule:u_ser|ser_reg[36]                                                        ; u_pll|altpll_component|auto_generated|pll1|clk[1] ; u_pll|altpll_component|auto_generated|pll1|clk[1] ; 0.000        ; 0.053      ; 1.032      ;
; 0.836 ; hdmi_tx:u_tx|hdmi_tx_pdiff_submodule:u_ser|data_n_reg[2]   ; hdmi_tx:u_tx|hdmi_tx_pdiff_submodule:u_ser|altddio_out:u_ddo_n|ddio_out_u6j:auto_generated|ddio_outa[2]~DFFLO ; u_pll|altpll_component|auto_generated|pll1|clk[1] ; u_pll|altpll_component|auto_generated|pll1|clk[1] ; 0.000        ; 0.027      ; 0.949      ;
+-------+------------------------------------------------------------+---------------------------------------------------------------------------------------------------------------+---------------------------------------------------+---------------------------------------------------+--------------+------------+------------+


----------------------------------------------
; Slow 1200mV 0C Model Metastability Summary ;
----------------------------------------------
The design MTBF is not calculated because there are no specified synchronizers in the design.
Number of Synchronizer Chains Found: 1
Shortest Synchronizer Chain: 2 Registers
Fraction of Chains for which MTBFs Could Not be Calculated: 1.000
Worst Case Available Settling Time: 23.344 ns




+---------------------------------------------------------------------------+
; Fast 1200mV 0C Model Setup Summary                                        ;
+---------------------------------------------------+-------+---------------+
; Clock                                             ; Slack ; End Point TNS ;
+---------------------------------------------------+-------+---------------+
; u_pll|altpll_component|auto_generated|pll1|clk[1] ; 1.590 ; 0.000         ;
; u_pll|altpll_component|auto_generated|pll1|clk[0] ; 9.067 ; 0.000         ;
+---------------------------------------------------+-------+---------------+


+---------------------------------------------------------------------------+
; Fast 1200mV 0C Model Hold Summary                                         ;
+---------------------------------------------------+-------+---------------+
; Clock                                             ; Slack ; End Point TNS ;
+---------------------------------------------------+-------+---------------+
; u_pll|altpll_component|auto_generated|pll1|clk[0] ; 0.139 ; 0.000         ;
; u_pll|altpll_component|auto_generated|pll1|clk[1] ; 0.184 ; 0.000         ;
+---------------------------------------------------+-------+---------------+


-----------------------------------------
; Fast 1200mV 0C Model Recovery Summary ;
-----------------------------------------
No paths to report.


----------------------------------------
; Fast 1200mV 0C Model Removal Summary ;
----------------------------------------
No paths to report.


+----------------------------------------------------------------------------+
; Fast 1200mV 0C Model Minimum Pulse Width Summary                           ;
+---------------------------------------------------+--------+---------------+
; Clock                                             ; Slack  ; End Point TNS ;
+---------------------------------------------------+--------+---------------+
; u_pll|altpll_component|auto_generated|pll1|clk[1] ; 0.692  ; 0.000         ;
; u_pll|altpll_component|auto_generated|pll1|clk[0] ; 6.480  ; 0.000         ;
; CLOCK_50                                          ; 9.416  ; 0.000         ;
; EXTCLK_48                                         ; 16.833 ; 0.000         ;
+---------------------------------------------------+--------+---------------+


+-------------------------------------------------------------------------------------------------------------------------------------------------------------------------------------------------------------------------------------------------------------------------------------------------------------------------------------+
; Fast 1200mV 0C Model Setup: 'u_pll|altpll_component|auto_generated|pll1|clk[1]'                                                                                                                                                                                                                                                     ;
+-------+------------------------------------------------------------+---------------------------------------------------------------------------------------------------------------+---------------------------------------------------+---------------------------------------------------+--------------+------------+------------+
; Slack ; From Node                                                  ; To Node                                                                                                       ; Launch Clock                                      ; Latch Clock                                       ; Relationship ; Clock Skew ; Data Delay ;
+-------+------------------------------------------------------------+---------------------------------------------------------------------------------------------------------------+---------------------------------------------------+---------------------------------------------------+--------------+------------+------------+
; 1.590 ; hdmi_tx:u_tx|hdmi_tx_pdiff_submodule:u_ser|data_p_reg[7]   ; hdmi_tx:u_tx|hdmi_tx_pdiff_submodule:u_ser|altddio_out:u_ddo_p|ddio_out_s9j:auto_generated|ddio_outa[3]~DFFHI ; u_pll|altpll_component|auto_generated|pll1|clk[1] ; u_pll|altpll_component|auto_generated|pll1|clk[1] ; 2.692        ; -0.049     ; 0.851      ;
; 1.595 ; hdmi_tx:u_tx|hdmi_tx_pdiff_submodule:u_ser|data_n_reg[6]   ; hdmi_tx:u_tx|hdmi_tx_pdiff_submodule:u_ser|altddio_out:u_ddo_n|ddio_out_u6j:auto_generated|ddio_outa[2]~DFFHI ; u_pll|altpll_component|auto_generated|pll1|clk[1] ; u_pll|altpll_component|auto_generated|pll1|clk[1] ; 2.692        ; -0.054     ; 0.841      ;
; 1.649 ; hdmi_tx:u_tx|hdmi_tx_pdiff_submodule:u_ser|data_p_reg[5]   ; hdmi_tx:u_tx|hdmi_tx_pdiff_submodule:u_ser|altddio_out:u_ddo_p|ddio_out_s9j:auto_generated|ddio_outa[1]~DFFHI ; u_pll|altpll_component|auto_generated|pll1|clk[1] ; u_pll|altpll_component|auto_generated|pll1|clk[1] ; 2.692        ; -0.049     ; 0.792      ;
; 1.655 ; hdmi_tx:u_tx|hdmi_tx_pdiff_submodule:u_ser|data_n_reg[5]   ; hdmi_tx:u_tx|hdmi_tx_pdiff_submodule:u_ser|altddio_out:u_ddo_n|ddio_out_u6j:auto_generated|ddio_outa[1]~DFFHI ; u_pll|altpll_component|auto_generated|pll1|clk[1] ; u_pll|altpll_component|auto_generated|pll1|clk[1] ; 2.692        ; -0.049     ; 0.786      ;
; 1.660 ; hdmi_tx:u_tx|hdmi_tx_pdiff_submodule:u_ser|data_n_reg[7]   ; hdmi_tx:u_tx|hdmi_tx_pdiff_submodule:u_ser|altddio_out:u_ddo_n|ddio_out_u6j:auto_generated|ddio_outa[3]~DFFHI ; u_pll|altpll_component|auto_generated|pll1|clk[1] ; u_pll|altpll_component|auto_generated|pll1|clk[1] ; 2.692        ; -0.047     ; 0.783      ;
; 1.767 ; hdmi_tx:u_tx|hdmi_tx_pdiff_submodule:u_ser|data_p_reg[6]   ; hdmi_tx:u_tx|hdmi_tx_pdiff_submodule:u_ser|altddio_out:u_ddo_p|ddio_out_s9j:auto_generated|ddio_outa[2]~DFFHI ; u_pll|altpll_component|auto_generated|pll1|clk[1] ; u_pll|altpll_component|auto_generated|pll1|clk[1] ; 2.692        ; -0.044     ; 0.679      ;
; 1.777 ; hdmi_tx:u_tx|hdmi_tx_pdiff_submodule:u_ser|data_n_reg[4]   ; hdmi_tx:u_tx|hdmi_tx_pdiff_submodule:u_ser|altddio_out:u_ddo_n|ddio_out_u6j:auto_generated|ddio_outa[0]~DFFHI ; u_pll|altpll_component|auto_generated|pll1|clk[1] ; u_pll|altpll_component|auto_generated|pll1|clk[1] ; 2.692        ; -0.050     ; 0.663      ;
; 1.787 ; hdmi_tx:u_tx|hdmi_tx_pdiff_submodule:u_ser|start_reg[0]    ; hdmi_tx:u_tx|hdmi_tx_pdiff_submodule:u_ser|ser_reg[26]                                                        ; u_pll|altpll_component|auto_generated|pll1|clk[1] ; u_pll|altpll_component|auto_generated|pll1|clk[1] ; 2.692        ; -0.032     ; 0.860      ;
; 1.789 ; hdmi_tx:u_tx|hdmi_tx_pdiff_submodule:u_ser|start_reg[0]    ; hdmi_tx:u_tx|hdmi_tx_pdiff_submodule:u_ser|ser_reg[14]                                                        ; u_pll|altpll_component|auto_generated|pll1|clk[1] ; u_pll|altpll_component|auto_generated|pll1|clk[1] ; 2.692        ; -0.043     ; 0.847      ;
; 1.793 ; hdmi_tx:u_tx|hdmi_tx_pdiff_submodule:u_ser|start_reg[0]    ; hdmi_tx:u_tx|hdmi_tx_pdiff_submodule:u_ser|ser_reg[23]                                                        ; u_pll|altpll_component|auto_generated|pll1|clk[1] ; u_pll|altpll_component|auto_generated|pll1|clk[1] ; 2.692        ; -0.032     ; 0.854      ;
; 1.796 ; hdmi_tx:u_tx|hdmi_tx_pdiff_submodule:u_ser|start_reg[0]    ; hdmi_tx:u_tx|hdmi_tx_pdiff_submodule:u_ser|ser_reg[27]                                                        ; u_pll|altpll_component|auto_generated|pll1|clk[1] ; u_pll|altpll_component|auto_generated|pll1|clk[1] ; 2.692        ; -0.032     ; 0.851      ;
; 1.799 ; hdmi_tx:u_tx|hdmi_tx_pdiff_submodule:u_ser|start_reg[0]    ; hdmi_tx:u_tx|hdmi_tx_pdiff_submodule:u_ser|ser_reg[25]                                                        ; u_pll|altpll_component|auto_generated|pll1|clk[1] ; u_pll|altpll_component|auto_generated|pll1|clk[1] ; 2.692        ; -0.032     ; 0.848      ;
; 1.800 ; hdmi_tx:u_tx|hdmi_tx_pdiff_submodule:u_ser|start_reg[0]    ; hdmi_tx:u_tx|hdmi_tx_pdiff_submodule:u_ser|ser_reg[21]                                                        ; u_pll|altpll_component|auto_generated|pll1|clk[1] ; u_pll|altpll_component|auto_generated|pll1|clk[1] ; 2.692        ; -0.032     ; 0.847      ;
; 1.801 ; hdmi_tx:u_tx|hdmi_tx_pdiff_submodule:u_ser|start_reg[0]    ; hdmi_tx:u_tx|hdmi_tx_pdiff_submodule:u_ser|ser_reg[24]                                                        ; u_pll|altpll_component|auto_generated|pll1|clk[1] ; u_pll|altpll_component|auto_generated|pll1|clk[1] ; 2.692        ; -0.032     ; 0.846      ;
; 1.805 ; hdmi_tx:u_tx|hdmi_tx_pdiff_submodule:u_ser|data_n_reg[3]   ; hdmi_tx:u_tx|hdmi_tx_pdiff_submodule:u_ser|altddio_out:u_ddo_n|ddio_out_u6j:auto_generated|ddio_outa[3]~DFFLO ; u_pll|altpll_component|auto_generated|pll1|clk[1] ; u_pll|altpll_component|auto_generated|pll1|clk[1] ; 2.692        ; -0.043     ; 0.783      ;
; 1.819 ; hdmi_tx:u_tx|hdmi_tx_pdiff_submodule:u_ser|data_p_reg[2]   ; hdmi_tx:u_tx|hdmi_tx_pdiff_submodule:u_ser|altddio_out:u_ddo_p|ddio_out_s9j:auto_generated|ddio_outa[2]~DFFLO ; u_pll|altpll_component|auto_generated|pll1|clk[1] ; u_pll|altpll_component|auto_generated|pll1|clk[1] ; 2.692        ; -0.044     ; 0.768      ;
; 1.829 ; hdmi_tx:u_tx|hdmi_tx_pdiff_submodule:u_ser|ser_reg[21]     ; hdmi_tx:u_tx|hdmi_tx_pdiff_submodule:u_ser|data_n_reg[2]                                                      ; u_pll|altpll_component|auto_generated|pll1|clk[1] ; u_pll|altpll_component|auto_generated|pll1|clk[1] ; 2.692        ; -0.045     ; 0.805      ;
; 1.831 ; hdmi_tx:u_tx|hdmi_tx_pdiff_submodule:u_ser|ser_reg[21]     ; hdmi_tx:u_tx|hdmi_tx_pdiff_submodule:u_ser|data_p_reg[2]                                                      ; u_pll|altpll_component|auto_generated|pll1|clk[1] ; u_pll|altpll_component|auto_generated|pll1|clk[1] ; 2.692        ; -0.045     ; 0.803      ;
; 1.832 ; hdmi_tx:u_tx|hdmi_tx_pdiff_submodule:u_ser|start_reg[0]    ; hdmi_tx:u_tx|hdmi_tx_pdiff_submodule:u_ser|ser_reg[20]                                                        ; u_pll|altpll_component|auto_generated|pll1|clk[1] ; u_pll|altpll_component|auto_generated|pll1|clk[1] ; 2.692        ; -0.032     ; 0.815      ;
; 1.833 ; hdmi_tx:u_tx|hdmi_tx_pdiff_submodule:u_ser|start_reg[0]    ; hdmi_tx:u_tx|hdmi_tx_pdiff_submodule:u_ser|ser_reg[22]                                                        ; u_pll|altpll_component|auto_generated|pll1|clk[1] ; u_pll|altpll_component|auto_generated|pll1|clk[1] ; 2.692        ; -0.032     ; 0.814      ;
; 1.840 ; hdmi_tx:u_tx|hdmi_tx_pdiff_submodule:u_ser|start_reg[0]    ; hdmi_tx:u_tx|hdmi_tx_pdiff_submodule:u_ser|ser_reg[35]                                                        ; u_pll|altpll_component|auto_generated|pll1|clk[1] ; u_pll|altpll_component|auto_generated|pll1|clk[1] ; 2.692        ; -0.041     ; 0.798      ;
; 1.842 ; hdmi_tx:u_tx|hdmi_tx_pdiff_submodule:u_ser|start_reg[0]    ; hdmi_tx:u_tx|hdmi_tx_pdiff_submodule:u_ser|ser_reg[37]                                                        ; u_pll|altpll_component|auto_generated|pll1|clk[1] ; u_pll|altpll_component|auto_generated|pll1|clk[1] ; 2.692        ; -0.041     ; 0.796      ;
; 1.843 ; hdmi_tx:u_tx|hdmi_tx_pdiff_submodule:u_ser|ser_reg[20]     ; hdmi_tx:u_tx|hdmi_tx_pdiff_submodule:u_ser|data_p_reg[6]                                                      ; u_pll|altpll_component|auto_generated|pll1|clk[1] ; u_pll|altpll_component|auto_generated|pll1|clk[1] ; 2.692        ; -0.045     ; 0.791      ;
; 1.846 ; hdmi_tx:u_tx|hdmi_tx_pdiff_submodule:u_ser|data_p_reg[4]   ; hdmi_tx:u_tx|hdmi_tx_pdiff_submodule:u_ser|altddio_out:u_ddo_p|ddio_out_s9j:auto_generated|ddio_outa[0]~DFFHI ; u_pll|altpll_component|auto_generated|pll1|clk[1] ; u_pll|altpll_component|auto_generated|pll1|clk[1] ; 2.692        ; -0.046     ; 0.598      ;
; 1.849 ; hdmi_tx:u_tx|hdmi_tx_pdiff_submodule:u_ser|data_in_reg[7]  ; hdmi_tx:u_tx|hdmi_tx_pdiff_submodule:u_ser|ser_reg[7]                                                         ; u_pll|altpll_component|auto_generated|pll1|clk[0] ; u_pll|altpll_component|auto_generated|pll1|clk[1] ; 2.692        ; -0.094     ; 0.736      ;
; 1.863 ; hdmi_tx:u_tx|hdmi_tx_pdiff_submodule:u_ser|data_p_reg[0]   ; hdmi_tx:u_tx|hdmi_tx_pdiff_submodule:u_ser|altddio_out:u_ddo_p|ddio_out_s9j:auto_generated|ddio_outa[0]~DFFLO ; u_pll|altpll_component|auto_generated|pll1|clk[1] ; u_pll|altpll_component|auto_generated|pll1|clk[1] ; 2.692        ; -0.049     ; 0.719      ;
; 1.866 ; hdmi_tx:u_tx|hdmi_tx_pdiff_submodule:u_ser|start_reg[0]    ; hdmi_tx:u_tx|hdmi_tx_pdiff_submodule:u_ser|start_reg[2]                                                       ; u_pll|altpll_component|auto_generated|pll1|clk[1] ; u_pll|altpll_component|auto_generated|pll1|clk[1] ; 2.692        ; -0.041     ; 0.772      ;
; 1.867 ; hdmi_tx:u_tx|hdmi_tx_pdiff_submodule:u_ser|start_reg[0]    ; hdmi_tx:u_tx|hdmi_tx_pdiff_submodule:u_ser|ser_reg[33]                                                        ; u_pll|altpll_component|auto_generated|pll1|clk[1] ; u_pll|altpll_component|auto_generated|pll1|clk[1] ; 2.692        ; -0.041     ; 0.771      ;
; 1.870 ; hdmi_tx:u_tx|hdmi_tx_pdiff_submodule:u_ser|start_reg[0]    ; hdmi_tx:u_tx|hdmi_tx_pdiff_submodule:u_ser|start_reg[3]                                                       ; u_pll|altpll_component|auto_generated|pll1|clk[1] ; u_pll|altpll_component|auto_generated|pll1|clk[1] ; 2.692        ; -0.041     ; 0.768      ;
; 1.872 ; hdmi_tx:u_tx|hdmi_tx_pdiff_submodule:u_ser|start_reg[0]    ; hdmi_tx:u_tx|hdmi_tx_pdiff_submodule:u_ser|ser_reg[31]                                                        ; u_pll|altpll_component|auto_generated|pll1|clk[1] ; u_pll|altpll_component|auto_generated|pll1|clk[1] ; 2.692        ; -0.041     ; 0.766      ;
; 1.875 ; hdmi_tx:u_tx|hdmi_tx_pdiff_submodule:u_ser|data_n_reg[0]   ; hdmi_tx:u_tx|hdmi_tx_pdiff_submodule:u_ser|altddio_out:u_ddo_n|ddio_out_u6j:auto_generated|ddio_outa[0]~DFFLO ; u_pll|altpll_component|auto_generated|pll1|clk[1] ; u_pll|altpll_component|auto_generated|pll1|clk[1] ; 2.692        ; -0.049     ; 0.707      ;
; 1.898 ; hdmi_tx:u_tx|hdmi_tx_pdiff_submodule:u_ser|ser_reg[14]     ; hdmi_tx:u_tx|hdmi_tx_pdiff_submodule:u_ser|ser_reg[12]                                                        ; u_pll|altpll_component|auto_generated|pll1|clk[1] ; u_pll|altpll_component|auto_generated|pll1|clk[1] ; 2.692        ; -0.032     ; 0.749      ;
; 1.925 ; hdmi_tx:u_tx|hdmi_tx_pdiff_submodule:u_ser|start_reg[0]    ; hdmi_tx:u_tx|hdmi_tx_pdiff_submodule:u_ser|ser_reg[7]                                                         ; u_pll|altpll_component|auto_generated|pll1|clk[1] ; u_pll|altpll_component|auto_generated|pll1|clk[1] ; 2.692        ; -0.038     ; 0.716      ;
; 1.928 ; hdmi_tx:u_tx|hdmi_tx_pdiff_submodule:u_ser|start_reg[0]    ; hdmi_tx:u_tx|hdmi_tx_pdiff_submodule:u_ser|ser_reg[1]                                                         ; u_pll|altpll_component|auto_generated|pll1|clk[1] ; u_pll|altpll_component|auto_generated|pll1|clk[1] ; 2.692        ; -0.038     ; 0.713      ;
; 1.929 ; hdmi_tx:u_tx|hdmi_tx_pdiff_submodule:u_ser|ser_reg[6]      ; hdmi_tx:u_tx|hdmi_tx_pdiff_submodule:u_ser|ser_reg[4]                                                         ; u_pll|altpll_component|auto_generated|pll1|clk[1] ; u_pll|altpll_component|auto_generated|pll1|clk[1] ; 2.692        ; -0.037     ; 0.713      ;
; 1.931 ; hdmi_tx:u_tx|hdmi_tx_pdiff_submodule:u_ser|start_reg[0]    ; hdmi_tx:u_tx|hdmi_tx_pdiff_submodule:u_ser|ser_reg[36]                                                        ; u_pll|altpll_component|auto_generated|pll1|clk[1] ; u_pll|altpll_component|auto_generated|pll1|clk[1] ; 2.692        ; -0.038     ; 0.710      ;
; 1.940 ; hdmi_tx:u_tx|hdmi_tx_pdiff_submodule:u_ser|data_p_reg[3]   ; hdmi_tx:u_tx|hdmi_tx_pdiff_submodule:u_ser|altddio_out:u_ddo_p|ddio_out_s9j:auto_generated|ddio_outa[3]~DFFLO ; u_pll|altpll_component|auto_generated|pll1|clk[1] ; u_pll|altpll_component|auto_generated|pll1|clk[1] ; 2.692        ; -0.045     ; 0.646      ;
; 1.941 ; hdmi_tx:u_tx|hdmi_tx_pdiff_submodule:u_ser|start_reg[0]    ; hdmi_tx:u_tx|hdmi_tx_pdiff_submodule:u_ser|ser_reg[11]                                                        ; u_pll|altpll_component|auto_generated|pll1|clk[1] ; u_pll|altpll_component|auto_generated|pll1|clk[1] ; 2.692        ; -0.043     ; 0.695      ;
; 1.944 ; hdmi_tx:u_tx|hdmi_tx_pdiff_submodule:u_ser|start_reg[0]    ; hdmi_tx:u_tx|hdmi_tx_pdiff_submodule:u_ser|ser_reg[15]                                                        ; u_pll|altpll_component|auto_generated|pll1|clk[1] ; u_pll|altpll_component|auto_generated|pll1|clk[1] ; 2.692        ; -0.043     ; 0.692      ;
; 1.945 ; hdmi_tx:u_tx|hdmi_tx_pdiff_submodule:u_ser|data_in_reg[23] ; hdmi_tx:u_tx|hdmi_tx_pdiff_submodule:u_ser|ser_reg[23]                                                        ; u_pll|altpll_component|auto_generated|pll1|clk[0] ; u_pll|altpll_component|auto_generated|pll1|clk[1] ; 2.692        ; -0.093     ; 0.641      ;
; 1.947 ; hdmi_tx:u_tx|hdmi_tx_pdiff_submodule:u_ser|start_reg[0]    ; hdmi_tx:u_tx|hdmi_tx_pdiff_submodule:u_ser|ser_reg[13]                                                        ; u_pll|altpll_component|auto_generated|pll1|clk[1] ; u_pll|altpll_component|auto_generated|pll1|clk[1] ; 2.692        ; -0.043     ; 0.689      ;
; 1.949 ; hdmi_tx:u_tx|hdmi_tx_pdiff_submodule:u_ser|start_reg[0]    ; hdmi_tx:u_tx|hdmi_tx_pdiff_submodule:u_ser|ser_reg[17]                                                        ; u_pll|altpll_component|auto_generated|pll1|clk[1] ; u_pll|altpll_component|auto_generated|pll1|clk[1] ; 2.692        ; -0.043     ; 0.687      ;
; 1.950 ; hdmi_tx:u_tx|hdmi_tx_pdiff_submodule:u_ser|start_reg[0]    ; hdmi_tx:u_tx|hdmi_tx_pdiff_submodule:u_ser|ser_reg[30]                                                        ; u_pll|altpll_component|auto_generated|pll1|clk[1] ; u_pll|altpll_component|auto_generated|pll1|clk[1] ; 2.692        ; -0.038     ; 0.691      ;
; 1.950 ; hdmi_tx:u_tx|hdmi_tx_pdiff_submodule:u_ser|start_reg[0]    ; hdmi_tx:u_tx|hdmi_tx_pdiff_submodule:u_ser|ser_reg[16]                                                        ; u_pll|altpll_component|auto_generated|pll1|clk[1] ; u_pll|altpll_component|auto_generated|pll1|clk[1] ; 2.692        ; -0.043     ; 0.686      ;
; 1.951 ; hdmi_tx:u_tx|hdmi_tx_pdiff_submodule:u_ser|start_reg[0]    ; hdmi_tx:u_tx|hdmi_tx_pdiff_submodule:u_ser|ser_reg[5]                                                         ; u_pll|altpll_component|auto_generated|pll1|clk[1] ; u_pll|altpll_component|auto_generated|pll1|clk[1] ; 2.692        ; -0.037     ; 0.691      ;
; 1.952 ; hdmi_tx:u_tx|hdmi_tx_pdiff_submodule:u_ser|start_reg[0]    ; hdmi_tx:u_tx|hdmi_tx_pdiff_submodule:u_ser|ser_reg[32]                                                        ; u_pll|altpll_component|auto_generated|pll1|clk[1] ; u_pll|altpll_component|auto_generated|pll1|clk[1] ; 2.692        ; -0.038     ; 0.689      ;
; 1.955 ; hdmi_tx:u_tx|hdmi_tx_pdiff_submodule:u_ser|data_in_reg[0]  ; hdmi_tx:u_tx|hdmi_tx_pdiff_submodule:u_ser|ser_reg[0]                                                         ; u_pll|altpll_component|auto_generated|pll1|clk[0] ; u_pll|altpll_component|auto_generated|pll1|clk[1] ; 2.692        ; -0.093     ; 0.631      ;
; 1.955 ; hdmi_tx:u_tx|hdmi_tx_pdiff_submodule:u_ser|start_reg[0]    ; hdmi_tx:u_tx|hdmi_tx_pdiff_submodule:u_ser|ser_reg[12]                                                        ; u_pll|altpll_component|auto_generated|pll1|clk[1] ; u_pll|altpll_component|auto_generated|pll1|clk[1] ; 2.692        ; -0.039     ; 0.685      ;
; 1.957 ; hdmi_tx:u_tx|hdmi_tx_pdiff_submodule:u_ser|data_in_reg[4]  ; hdmi_tx:u_tx|hdmi_tx_pdiff_submodule:u_ser|ser_reg[4]                                                         ; u_pll|altpll_component|auto_generated|pll1|clk[0] ; u_pll|altpll_component|auto_generated|pll1|clk[1] ; 2.692        ; -0.093     ; 0.629      ;
; 1.958 ; hdmi_tx:u_tx|hdmi_tx_pdiff_submodule:u_ser|start_reg[0]    ; hdmi_tx:u_tx|hdmi_tx_pdiff_submodule:u_ser|ser_reg[34]                                                        ; u_pll|altpll_component|auto_generated|pll1|clk[1] ; u_pll|altpll_component|auto_generated|pll1|clk[1] ; 2.692        ; -0.038     ; 0.683      ;
; 1.958 ; hdmi_tx:u_tx|hdmi_tx_pdiff_submodule:u_ser|start_reg[0]    ; hdmi_tx:u_tx|hdmi_tx_pdiff_submodule:u_ser|ser_reg[10]                                                        ; u_pll|altpll_component|auto_generated|pll1|clk[1] ; u_pll|altpll_component|auto_generated|pll1|clk[1] ; 2.692        ; -0.039     ; 0.682      ;
; 1.959 ; hdmi_tx:u_tx|hdmi_tx_pdiff_submodule:u_ser|data_in_reg[17] ; hdmi_tx:u_tx|hdmi_tx_pdiff_submodule:u_ser|ser_reg[17]                                                        ; u_pll|altpll_component|auto_generated|pll1|clk[0] ; u_pll|altpll_component|auto_generated|pll1|clk[1] ; 2.692        ; -0.099     ; 0.621      ;
; 1.960 ; hdmi_tx:u_tx|hdmi_tx_pdiff_submodule:u_ser|data_in_reg[16] ; hdmi_tx:u_tx|hdmi_tx_pdiff_submodule:u_ser|ser_reg[16]                                                        ; u_pll|altpll_component|auto_generated|pll1|clk[0] ; u_pll|altpll_component|auto_generated|pll1|clk[1] ; 2.692        ; -0.099     ; 0.620      ;
; 1.969 ; hdmi_tx:u_tx|hdmi_tx_pdiff_submodule:u_ser|data_in_reg[1]  ; hdmi_tx:u_tx|hdmi_tx_pdiff_submodule:u_ser|ser_reg[1]                                                         ; u_pll|altpll_component|auto_generated|pll1|clk[0] ; u_pll|altpll_component|auto_generated|pll1|clk[1] ; 2.692        ; -0.094     ; 0.616      ;
; 1.969 ; hdmi_tx:u_tx|hdmi_tx_pdiff_submodule:u_ser|data_in_reg[3]  ; hdmi_tx:u_tx|hdmi_tx_pdiff_submodule:u_ser|ser_reg[3]                                                         ; u_pll|altpll_component|auto_generated|pll1|clk[0] ; u_pll|altpll_component|auto_generated|pll1|clk[1] ; 2.692        ; -0.093     ; 0.617      ;
; 1.971 ; hdmi_tx:u_tx|hdmi_tx_pdiff_submodule:u_ser|data_n_reg[2]   ; hdmi_tx:u_tx|hdmi_tx_pdiff_submodule:u_ser|altddio_out:u_ddo_n|ddio_out_u6j:auto_generated|ddio_outa[2]~DFFLO ; u_pll|altpll_component|auto_generated|pll1|clk[1] ; u_pll|altpll_component|auto_generated|pll1|clk[1] ; 2.692        ; -0.045     ; 0.615      ;
; 1.971 ; hdmi_tx:u_tx|hdmi_tx_pdiff_submodule:u_ser|data_n_reg[1]   ; hdmi_tx:u_tx|hdmi_tx_pdiff_submodule:u_ser|altddio_out:u_ddo_n|ddio_out_u6j:auto_generated|ddio_outa[1]~DFFLO ; u_pll|altpll_component|auto_generated|pll1|clk[1] ; u_pll|altpll_component|auto_generated|pll1|clk[1] ; 2.692        ; -0.046     ; 0.614      ;
; 1.971 ; hdmi_tx:u_tx|hdmi_tx_pdiff_submodule:u_ser|data_p_reg[1]   ; hdmi_tx:u_tx|hdmi_tx_pdiff_submodule:u_ser|altddio_out:u_ddo_p|ddio_out_s9j:auto_generated|ddio_outa[1]~DFFLO ; u_pll|altpll_component|auto_generated|pll1|clk[1] ; u_pll|altpll_component|auto_generated|pll1|clk[1] ; 2.692        ; -0.046     ; 0.614      ;
; 1.973 ; hdmi_tx:u_tx|hdmi_tx_pdiff_submodule:u_ser|ser_reg[11]     ; hdmi_tx:u_tx|hdmi_tx_pdiff_submodule:u_ser|data_n_reg[1]                                                      ; u_pll|altpll_component|auto_generated|pll1|clk[1] ; u_pll|altpll_component|auto_generated|pll1|clk[1] ; 2.692        ; -0.032     ; 0.674      ;
; 1.975 ; hdmi_tx:u_tx|hdmi_tx_pdiff_submodule:u_ser|ser_reg[11]     ; hdmi_tx:u_tx|hdmi_tx_pdiff_submodule:u_ser|data_p_reg[1]                                                      ; u_pll|altpll_component|auto_generated|pll1|clk[1] ; u_pll|altpll_component|auto_generated|pll1|clk[1] ; 2.692        ; -0.032     ; 0.672      ;
; 1.997 ; hdmi_tx:u_tx|hdmi_tx_pdiff_submodule:u_ser|ser_reg[0]      ; hdmi_tx:u_tx|hdmi_tx_pdiff_submodule:u_ser|data_p_reg[4]                                                      ; u_pll|altpll_component|auto_generated|pll1|clk[1] ; u_pll|altpll_component|auto_generated|pll1|clk[1] ; 2.692        ; -0.041     ; 0.641      ;
; 1.998 ; hdmi_tx:u_tx|hdmi_tx_pdiff_submodule:u_ser|ser_reg[10]     ; hdmi_tx:u_tx|hdmi_tx_pdiff_submodule:u_ser|data_n_reg[5]                                                      ; u_pll|altpll_component|auto_generated|pll1|clk[1] ; u_pll|altpll_component|auto_generated|pll1|clk[1] ; 2.692        ; -0.033     ; 0.648      ;
; 1.998 ; hdmi_tx:u_tx|hdmi_tx_pdiff_submodule:u_ser|ser_reg[10]     ; hdmi_tx:u_tx|hdmi_tx_pdiff_submodule:u_ser|data_p_reg[5]                                                      ; u_pll|altpll_component|auto_generated|pll1|clk[1] ; u_pll|altpll_component|auto_generated|pll1|clk[1] ; 2.692        ; -0.033     ; 0.648      ;
; 2.010 ; hdmi_tx:u_tx|hdmi_tx_pdiff_submodule:u_ser|data_in_reg[14] ; hdmi_tx:u_tx|hdmi_tx_pdiff_submodule:u_ser|ser_reg[14]                                                        ; u_pll|altpll_component|auto_generated|pll1|clk[0] ; u_pll|altpll_component|auto_generated|pll1|clk[1] ; 2.692        ; -0.099     ; 0.570      ;
; 2.011 ; hdmi_tx:u_tx|hdmi_tx_pdiff_submodule:u_ser|start_reg[2]    ; hdmi_tx:u_tx|hdmi_tx_pdiff_submodule:u_ser|start_reg[1]                                                       ; u_pll|altpll_component|auto_generated|pll1|clk[1] ; u_pll|altpll_component|auto_generated|pll1|clk[1] ; 2.692        ; -0.032     ; 0.636      ;
; 2.018 ; hdmi_tx:u_tx|hdmi_tx_pdiff_submodule:u_ser|data_in_reg[26] ; hdmi_tx:u_tx|hdmi_tx_pdiff_submodule:u_ser|ser_reg[26]                                                        ; u_pll|altpll_component|auto_generated|pll1|clk[0] ; u_pll|altpll_component|auto_generated|pll1|clk[1] ; 2.692        ; -0.093     ; 0.568      ;
; 2.019 ; hdmi_tx:u_tx|hdmi_tx_pdiff_submodule:u_ser|ser_reg[2]      ; hdmi_tx:u_tx|hdmi_tx_pdiff_submodule:u_ser|ser_reg[0]                                                         ; u_pll|altpll_component|auto_generated|pll1|clk[1] ; u_pll|altpll_component|auto_generated|pll1|clk[1] ; 2.692        ; -0.037     ; 0.623      ;
; 2.029 ; hdmi_tx:u_tx|hdmi_tx_pdiff_submodule:u_ser|data_in_reg[24] ; hdmi_tx:u_tx|hdmi_tx_pdiff_submodule:u_ser|ser_reg[24]                                                        ; u_pll|altpll_component|auto_generated|pll1|clk[0] ; u_pll|altpll_component|auto_generated|pll1|clk[1] ; 2.692        ; -0.093     ; 0.557      ;
; 2.029 ; hdmi_tx:u_tx|hdmi_tx_pdiff_submodule:u_ser|start_reg[0]    ; hdmi_tx:u_tx|hdmi_tx_pdiff_submodule:u_ser|ser_reg[0]                                                         ; u_pll|altpll_component|auto_generated|pll1|clk[1] ; u_pll|altpll_component|auto_generated|pll1|clk[1] ; 2.692        ; -0.037     ; 0.613      ;
; 2.032 ; hdmi_tx:u_tx|hdmi_tx_pdiff_submodule:u_ser|start_reg[0]    ; hdmi_tx:u_tx|hdmi_tx_pdiff_submodule:u_ser|ser_reg[3]                                                         ; u_pll|altpll_component|auto_generated|pll1|clk[1] ; u_pll|altpll_component|auto_generated|pll1|clk[1] ; 2.692        ; -0.037     ; 0.610      ;
; 2.033 ; hdmi_tx:u_tx|hdmi_tx_pdiff_submodule:u_ser|start_reg[0]    ; hdmi_tx:u_tx|hdmi_tx_pdiff_submodule:u_ser|ser_reg[4]                                                         ; u_pll|altpll_component|auto_generated|pll1|clk[1] ; u_pll|altpll_component|auto_generated|pll1|clk[1] ; 2.692        ; -0.037     ; 0.609      ;
; 2.035 ; hdmi_tx:u_tx|hdmi_tx_pdiff_submodule:u_ser|data_in_reg[18] ; hdmi_tx:u_tx|hdmi_tx_pdiff_submodule:u_ser|ser_reg[18]                                                        ; u_pll|altpll_component|auto_generated|pll1|clk[0] ; u_pll|altpll_component|auto_generated|pll1|clk[1] ; 2.692        ; -0.099     ; 0.545      ;
; 2.036 ; hdmi_tx:u_tx|hdmi_tx_pdiff_submodule:u_ser|data_in_reg[13] ; hdmi_tx:u_tx|hdmi_tx_pdiff_submodule:u_ser|ser_reg[13]                                                        ; u_pll|altpll_component|auto_generated|pll1|clk[0] ; u_pll|altpll_component|auto_generated|pll1|clk[1] ; 2.692        ; -0.099     ; 0.544      ;
; 2.039 ; hdmi_tx:u_tx|hdmi_tx_pdiff_submodule:u_ser|data_in_reg[19] ; hdmi_tx:u_tx|hdmi_tx_pdiff_submodule:u_ser|ser_reg[19]                                                        ; u_pll|altpll_component|auto_generated|pll1|clk[0] ; u_pll|altpll_component|auto_generated|pll1|clk[1] ; 2.692        ; -0.099     ; 0.541      ;
; 2.041 ; hdmi_tx:u_tx|hdmi_tx_pdiff_submodule:u_ser|data_in_reg[28] ; hdmi_tx:u_tx|hdmi_tx_pdiff_submodule:u_ser|ser_reg[28]                                                        ; u_pll|altpll_component|auto_generated|pll1|clk[0] ; u_pll|altpll_component|auto_generated|pll1|clk[1] ; 2.692        ; -0.093     ; 0.545      ;
; 2.042 ; hdmi_tx:u_tx|hdmi_tx_pdiff_submodule:u_ser|data_in_reg[27] ; hdmi_tx:u_tx|hdmi_tx_pdiff_submodule:u_ser|ser_reg[27]                                                        ; u_pll|altpll_component|auto_generated|pll1|clk[0] ; u_pll|altpll_component|auto_generated|pll1|clk[1] ; 2.692        ; -0.093     ; 0.544      ;
; 2.042 ; hdmi_tx:u_tx|hdmi_tx_pdiff_submodule:u_ser|data_in_reg[12] ; hdmi_tx:u_tx|hdmi_tx_pdiff_submodule:u_ser|ser_reg[12]                                                        ; u_pll|altpll_component|auto_generated|pll1|clk[0] ; u_pll|altpll_component|auto_generated|pll1|clk[1] ; 2.692        ; -0.098     ; 0.539      ;
; 2.045 ; hdmi_tx:u_tx|hdmi_tx_pdiff_submodule:u_ser|data_in_reg[29] ; hdmi_tx:u_tx|hdmi_tx_pdiff_submodule:u_ser|ser_reg[29]                                                        ; u_pll|altpll_component|auto_generated|pll1|clk[0] ; u_pll|altpll_component|auto_generated|pll1|clk[1] ; 2.692        ; -0.093     ; 0.541      ;
; 2.046 ; hdmi_tx:u_tx|hdmi_tx_pdiff_submodule:u_ser|data_in_reg[8]  ; hdmi_tx:u_tx|hdmi_tx_pdiff_submodule:u_ser|ser_reg[8]                                                         ; u_pll|altpll_component|auto_generated|pll1|clk[0] ; u_pll|altpll_component|auto_generated|pll1|clk[1] ; 2.692        ; -0.092     ; 0.541      ;
; 2.047 ; hdmi_tx:u_tx|hdmi_tx_pdiff_submodule:u_ser|data_in_reg[22] ; hdmi_tx:u_tx|hdmi_tx_pdiff_submodule:u_ser|ser_reg[22]                                                        ; u_pll|altpll_component|auto_generated|pll1|clk[0] ; u_pll|altpll_component|auto_generated|pll1|clk[1] ; 2.692        ; -0.093     ; 0.539      ;
; 2.056 ; hdmi_tx:u_tx|hdmi_tx_pdiff_submodule:u_ser|data_in_reg[15] ; hdmi_tx:u_tx|hdmi_tx_pdiff_submodule:u_ser|ser_reg[15]                                                        ; u_pll|altpll_component|auto_generated|pll1|clk[0] ; u_pll|altpll_component|auto_generated|pll1|clk[1] ; 2.692        ; -0.099     ; 0.524      ;
; 2.057 ; hdmi_tx:u_tx|hdmi_tx_pdiff_submodule:u_ser|data_in_reg[11] ; hdmi_tx:u_tx|hdmi_tx_pdiff_submodule:u_ser|ser_reg[11]                                                        ; u_pll|altpll_component|auto_generated|pll1|clk[0] ; u_pll|altpll_component|auto_generated|pll1|clk[1] ; 2.692        ; -0.099     ; 0.523      ;
; 2.059 ; hdmi_tx:u_tx|hdmi_tx_pdiff_submodule:u_ser|data_in_reg[10] ; hdmi_tx:u_tx|hdmi_tx_pdiff_submodule:u_ser|ser_reg[10]                                                        ; u_pll|altpll_component|auto_generated|pll1|clk[0] ; u_pll|altpll_component|auto_generated|pll1|clk[1] ; 2.692        ; -0.098     ; 0.522      ;
; 2.061 ; hdmi_tx:u_tx|hdmi_tx_pdiff_submodule:u_ser|data_in_reg[5]  ; hdmi_tx:u_tx|hdmi_tx_pdiff_submodule:u_ser|ser_reg[5]                                                         ; u_pll|altpll_component|auto_generated|pll1|clk[0] ; u_pll|altpll_component|auto_generated|pll1|clk[1] ; 2.692        ; -0.093     ; 0.525      ;
; 2.062 ; hdmi_tx:u_tx|hdmi_tx_pdiff_submodule:u_ser|data_in_reg[25] ; hdmi_tx:u_tx|hdmi_tx_pdiff_submodule:u_ser|ser_reg[25]                                                        ; u_pll|altpll_component|auto_generated|pll1|clk[0] ; u_pll|altpll_component|auto_generated|pll1|clk[1] ; 2.692        ; -0.093     ; 0.524      ;
; 2.063 ; hdmi_tx:u_tx|hdmi_tx_pdiff_submodule:u_ser|data_in_reg[2]  ; hdmi_tx:u_tx|hdmi_tx_pdiff_submodule:u_ser|ser_reg[2]                                                         ; u_pll|altpll_component|auto_generated|pll1|clk[0] ; u_pll|altpll_component|auto_generated|pll1|clk[1] ; 2.692        ; -0.092     ; 0.524      ;
; 2.064 ; hdmi_tx:u_tx|hdmi_tx_pdiff_submodule:u_ser|data_in_reg[21] ; hdmi_tx:u_tx|hdmi_tx_pdiff_submodule:u_ser|ser_reg[21]                                                        ; u_pll|altpll_component|auto_generated|pll1|clk[0] ; u_pll|altpll_component|auto_generated|pll1|clk[1] ; 2.692        ; -0.093     ; 0.522      ;
; 2.064 ; hdmi_tx:u_tx|hdmi_tx_pdiff_submodule:u_ser|data_in_reg[20] ; hdmi_tx:u_tx|hdmi_tx_pdiff_submodule:u_ser|ser_reg[20]                                                        ; u_pll|altpll_component|auto_generated|pll1|clk[0] ; u_pll|altpll_component|auto_generated|pll1|clk[1] ; 2.692        ; -0.093     ; 0.522      ;
; 2.065 ; hdmi_tx:u_tx|hdmi_tx_pdiff_submodule:u_ser|data_in_reg[6]  ; hdmi_tx:u_tx|hdmi_tx_pdiff_submodule:u_ser|ser_reg[6]                                                         ; u_pll|altpll_component|auto_generated|pll1|clk[0] ; u_pll|altpll_component|auto_generated|pll1|clk[1] ; 2.692        ; -0.092     ; 0.522      ;
; 2.067 ; hdmi_tx:u_tx|hdmi_tx_pdiff_submodule:u_ser|start_reg[0]    ; hdmi_tx:u_tx|hdmi_tx_pdiff_submodule:u_ser|start_reg[1]                                                       ; u_pll|altpll_component|auto_generated|pll1|clk[1] ; u_pll|altpll_component|auto_generated|pll1|clk[1] ; 2.692        ; -0.037     ; 0.575      ;
; 2.080 ; hdmi_tx:u_tx|hdmi_tx_pdiff_submodule:u_ser|start_reg[0]    ; hdmi_tx:u_tx|hdmi_tx_pdiff_submodule:u_ser|ser_reg[2]                                                         ; u_pll|altpll_component|auto_generated|pll1|clk[1] ; u_pll|altpll_component|auto_generated|pll1|clk[1] ; 2.692        ; -0.036     ; 0.563      ;
; 2.081 ; hdmi_tx:u_tx|hdmi_tx_pdiff_submodule:u_ser|start_reg[0]    ; hdmi_tx:u_tx|hdmi_tx_pdiff_submodule:u_ser|ser_reg[6]                                                         ; u_pll|altpll_component|auto_generated|pll1|clk[1] ; u_pll|altpll_component|auto_generated|pll1|clk[1] ; 2.692        ; -0.036     ; 0.562      ;
; 2.101 ; hdmi_tx:u_tx|hdmi_tx_pdiff_submodule:u_ser|ser_reg[28]     ; hdmi_tx:u_tx|hdmi_tx_pdiff_submodule:u_ser|ser_reg[26]                                                        ; u_pll|altpll_component|auto_generated|pll1|clk[1] ; u_pll|altpll_component|auto_generated|pll1|clk[1] ; 2.692        ; -0.037     ; 0.541      ;
; 2.101 ; hdmi_tx:u_tx|hdmi_tx_pdiff_submodule:u_ser|ser_reg[25]     ; hdmi_tx:u_tx|hdmi_tx_pdiff_submodule:u_ser|ser_reg[23]                                                        ; u_pll|altpll_component|auto_generated|pll1|clk[1] ; u_pll|altpll_component|auto_generated|pll1|clk[1] ; 2.692        ; -0.037     ; 0.541      ;
; 2.110 ; hdmi_tx:u_tx|hdmi_tx_pdiff_submodule:u_ser|start_reg[3]    ; hdmi_tx:u_tx|hdmi_tx_pdiff_submodule:u_ser|start_reg[2]                                                       ; u_pll|altpll_component|auto_generated|pll1|clk[1] ; u_pll|altpll_component|auto_generated|pll1|clk[1] ; 2.692        ; -0.036     ; 0.533      ;
; 2.130 ; hdmi_tx:u_tx|hdmi_tx_pdiff_submodule:u_ser|ser_reg[18]     ; hdmi_tx:u_tx|hdmi_tx_pdiff_submodule:u_ser|ser_reg[16]                                                        ; u_pll|altpll_component|auto_generated|pll1|clk[1] ; u_pll|altpll_component|auto_generated|pll1|clk[1] ; 2.692        ; -0.036     ; 0.513      ;
; 2.131 ; hdmi_tx:u_tx|hdmi_tx_pdiff_submodule:u_ser|ser_reg[13]     ; hdmi_tx:u_tx|hdmi_tx_pdiff_submodule:u_ser|ser_reg[11]                                                        ; u_pll|altpll_component|auto_generated|pll1|clk[1] ; u_pll|altpll_component|auto_generated|pll1|clk[1] ; 2.692        ; -0.036     ; 0.512      ;
; 2.131 ; hdmi_tx:u_tx|hdmi_tx_pdiff_submodule:u_ser|ser_reg[17]     ; hdmi_tx:u_tx|hdmi_tx_pdiff_submodule:u_ser|ser_reg[15]                                                        ; u_pll|altpll_component|auto_generated|pll1|clk[1] ; u_pll|altpll_component|auto_generated|pll1|clk[1] ; 2.692        ; -0.036     ; 0.512      ;
; 2.131 ; hdmi_tx:u_tx|hdmi_tx_pdiff_submodule:u_ser|ser_reg[12]     ; hdmi_tx:u_tx|hdmi_tx_pdiff_submodule:u_ser|ser_reg[10]                                                        ; u_pll|altpll_component|auto_generated|pll1|clk[1] ; u_pll|altpll_component|auto_generated|pll1|clk[1] ; 2.692        ; -0.036     ; 0.512      ;
; 2.132 ; hdmi_tx:u_tx|hdmi_tx_pdiff_submodule:u_ser|ser_reg[15]     ; hdmi_tx:u_tx|hdmi_tx_pdiff_submodule:u_ser|ser_reg[13]                                                        ; u_pll|altpll_component|auto_generated|pll1|clk[1] ; u_pll|altpll_component|auto_generated|pll1|clk[1] ; 2.692        ; -0.036     ; 0.511      ;
+-------+------------------------------------------------------------+---------------------------------------------------------------------------------------------------------------+---------------------------------------------------+---------------------------------------------------+--------------+------------+------------+


+----------------------------------------------------------------------------------------------------------------------------------------------------------------------------------------------------------------------------------------------------------------------------------------------------------------------------------------------------------------------+
; Fast 1200mV 0C Model Setup: 'u_pll|altpll_component|auto_generated|pll1|clk[0]'                                                                                                                                                                                                                                                                                      ;
+-------+-------------------------------------------------------------------------------------------------------------------------------------------+-----------------------------------------------------------------+---------------------------------------------------+---------------------------------------------------+--------------+------------+------------+
; Slack ; From Node                                                                                                                                 ; To Node                                                         ; Launch Clock                                      ; Latch Clock                                       ; Relationship ; Clock Skew ; Data Delay ;
+-------+-------------------------------------------------------------------------------------------------------------------------------------------+-----------------------------------------------------------------+---------------------------------------------------+---------------------------------------------------+--------------+------------+------------+
; 9.067 ; melodychime:u_chime|count10us[0]                                                                                                          ; video_syncgen:u_vga|cb_rgb_reg[16]                              ; u_pll|altpll_component|auto_generated|pll1|clk[0] ; u_pll|altpll_component|auto_generated|pll1|clk[0] ; 13.461       ; -0.038     ; 4.343      ;
; 9.076 ; melodychime:u_chime|count10us[0]                                                                                                          ; video_syncgen:u_vga|cb_rgb_reg[3]                               ; u_pll|altpll_component|auto_generated|pll1|clk[0] ; u_pll|altpll_component|auto_generated|pll1|clk[0] ; 13.461       ; -0.034     ; 4.338      ;
; 9.122 ; melodychime:u_chime|count10us[0]                                                                                                          ; video_syncgen:u_vga|cb_rgb_reg[6]                               ; u_pll|altpll_component|auto_generated|pll1|clk[0] ; u_pll|altpll_component|auto_generated|pll1|clk[0] ; 13.461       ; -0.039     ; 4.287      ;
; 9.127 ; melodychime:u_chime|count10us[0]                                                                                                          ; video_syncgen:u_vga|cb_rgb_reg[8]                               ; u_pll|altpll_component|auto_generated|pll1|clk[0] ; u_pll|altpll_component|auto_generated|pll1|clk[0] ; 13.461       ; -0.036     ; 4.285      ;
; 9.127 ; melodychime:u_chime|count10us[0]                                                                                                          ; video_syncgen:u_vga|cb_rgb_reg[9]                               ; u_pll|altpll_component|auto_generated|pll1|clk[0] ; u_pll|altpll_component|auto_generated|pll1|clk[0] ; 13.461       ; -0.036     ; 4.285      ;
; 9.134 ; melodychime:u_chime|count10us[0]                                                                                                          ; video_syncgen:u_vga|cb_rgb_reg[20]                              ; u_pll|altpll_component|auto_generated|pll1|clk[0] ; u_pll|altpll_component|auto_generated|pll1|clk[0] ; 13.461       ; -0.039     ; 4.275      ;
; 9.197 ; melodychime:u_chime|count10us[0]                                                                                                          ; video_syncgen:u_vga|cb_rgb_reg[7]                               ; u_pll|altpll_component|auto_generated|pll1|clk[0] ; u_pll|altpll_component|auto_generated|pll1|clk[0] ; 13.461       ; -0.034     ; 4.217      ;
; 9.203 ; hdmi_tx:u_tx|hdmi_tx_tmds_encoder_submodule:\gen_enc:2:u|qm_reg[1]                                                                        ; hdmi_tx:u_tx|hdmi_tx_tmds_encoder_submodule:\gen_enc:2:u|cnt[3] ; u_pll|altpll_component|auto_generated|pll1|clk[0] ; u_pll|altpll_component|auto_generated|pll1|clk[0] ; 13.461       ; -0.035     ; 4.210      ;
; 9.207 ; hdmi_tx:u_tx|hdmi_tx_tmds_encoder_submodule:\gen_enc:2:u|qm_reg[0]                                                                        ; hdmi_tx:u_tx|hdmi_tx_tmds_encoder_submodule:\gen_enc:2:u|cnt[3] ; u_pll|altpll_component|auto_generated|pll1|clk[0] ; u_pll|altpll_component|auto_generated|pll1|clk[0] ; 13.461       ; -0.037     ; 4.204      ;
; 9.215 ; hdmi_tx:u_tx|hdmi_tx_tmds_encoder_submodule:\gen_enc:2:u|qm_reg[4]                                                                        ; hdmi_tx:u_tx|hdmi_tx_tmds_encoder_submodule:\gen_enc:2:u|cnt[3] ; u_pll|altpll_component|auto_generated|pll1|clk[0] ; u_pll|altpll_component|auto_generated|pll1|clk[0] ; 13.461       ; -0.035     ; 4.198      ;
; 9.220 ; logo_overlay:u_logo|logo_pattern_rom:u_rom|altsyncram:altsyncram_component|altsyncram_79c1:auto_generated|ram_block1a5~porta_address_reg0 ; logo_overlay:u_logo|pix_out_reg[4]                              ; u_pll|altpll_component|auto_generated|pll1|clk[0] ; u_pll|altpll_component|auto_generated|pll1|clk[0] ; 13.461       ; -0.230     ; 3.998      ;
; 9.220 ; hdmi_tx:u_tx|hdmi_tx_tmds_encoder_submodule:\gen_enc:2:u|qm_reg[5]                                                                        ; hdmi_tx:u_tx|hdmi_tx_tmds_encoder_submodule:\gen_enc:2:u|cnt[3] ; u_pll|altpll_component|auto_generated|pll1|clk[0] ; u_pll|altpll_component|auto_generated|pll1|clk[0] ; 13.461       ; -0.037     ; 4.191      ;
; 9.241 ; logo_overlay:u_logo|logo_pattern_rom:u_rom|altsyncram:altsyncram_component|altsyncram_79c1:auto_generated|ram_block1a5~porta_address_reg0 ; logo_overlay:u_logo|pix_out_reg[15]                             ; u_pll|altpll_component|auto_generated|pll1|clk[0] ; u_pll|altpll_component|auto_generated|pll1|clk[0] ; 13.461       ; -0.230     ; 3.977      ;
; 9.246 ; video_syncgen:u_vga|hcount[9]                                                                                                             ; video_syncgen:u_vga|cb_rgb_reg[8]                               ; u_pll|altpll_component|auto_generated|pll1|clk[0] ; u_pll|altpll_component|auto_generated|pll1|clk[0] ; 13.461       ; -0.034     ; 4.168      ;
; 9.246 ; video_syncgen:u_vga|hcount[9]                                                                                                             ; video_syncgen:u_vga|cb_rgb_reg[9]                               ; u_pll|altpll_component|auto_generated|pll1|clk[0] ; u_pll|altpll_component|auto_generated|pll1|clk[0] ; 13.461       ; -0.034     ; 4.168      ;
; 9.252 ; hdmi_tx:u_tx|hdmi_tx_tmds_encoder_submodule:\gen_enc:2:u|qm_reg[1]                                                                        ; hdmi_tx:u_tx|hdmi_tx_tmds_encoder_submodule:\gen_enc:2:u|cnt[2] ; u_pll|altpll_component|auto_generated|pll1|clk[0] ; u_pll|altpll_component|auto_generated|pll1|clk[0] ; 13.461       ; -0.035     ; 4.161      ;
; 9.256 ; hdmi_tx:u_tx|hdmi_tx_tmds_encoder_submodule:\gen_enc:2:u|qm_reg[0]                                                                        ; hdmi_tx:u_tx|hdmi_tx_tmds_encoder_submodule:\gen_enc:2:u|cnt[2] ; u_pll|altpll_component|auto_generated|pll1|clk[0] ; u_pll|altpll_component|auto_generated|pll1|clk[0] ; 13.461       ; -0.037     ; 4.155      ;
; 9.264 ; hdmi_tx:u_tx|hdmi_tx_tmds_encoder_submodule:\gen_enc:2:u|qm_reg[4]                                                                        ; hdmi_tx:u_tx|hdmi_tx_tmds_encoder_submodule:\gen_enc:2:u|cnt[2] ; u_pll|altpll_component|auto_generated|pll1|clk[0] ; u_pll|altpll_component|auto_generated|pll1|clk[0] ; 13.461       ; -0.035     ; 4.149      ;
; 9.269 ; hdmi_tx:u_tx|hdmi_tx_tmds_encoder_submodule:\gen_enc:2:u|qm_reg[5]                                                                        ; hdmi_tx:u_tx|hdmi_tx_tmds_encoder_submodule:\gen_enc:2:u|cnt[2] ; u_pll|altpll_component|auto_generated|pll1|clk[0] ; u_pll|altpll_component|auto_generated|pll1|clk[0] ; 13.461       ; -0.037     ; 4.142      ;
; 9.287 ; hdmi_tx:u_tx|hdmi_tx_tmds_encoder_submodule:\gen_enc:2:u|qm_reg[3]                                                                        ; hdmi_tx:u_tx|hdmi_tx_tmds_encoder_submodule:\gen_enc:2:u|cnt[3] ; u_pll|altpll_component|auto_generated|pll1|clk[0] ; u_pll|altpll_component|auto_generated|pll1|clk[0] ; 13.461       ; -0.037     ; 4.124      ;
; 9.288 ; logo_overlay:u_logo|logo_pattern_rom:u_rom|altsyncram:altsyncram_component|altsyncram_79c1:auto_generated|ram_block1a3~porta_address_reg0 ; logo_overlay:u_logo|pix_out_reg[4]                              ; u_pll|altpll_component|auto_generated|pll1|clk[0] ; u_pll|altpll_component|auto_generated|pll1|clk[0] ; 13.461       ; -0.229     ; 3.931      ;
; 9.294 ; melodychime:u_chime|count10us[0]                                                                                                          ; video_syncgen:u_vga|cb_rgb_reg[10]                              ; u_pll|altpll_component|auto_generated|pll1|clk[0] ; u_pll|altpll_component|auto_generated|pll1|clk[0] ; 13.461       ; -0.036     ; 4.118      ;
; 9.297 ; melodychime:u_chime|count10us[0]                                                                                                          ; video_syncgen:u_vga|cb_rgb_reg[19]                              ; u_pll|altpll_component|auto_generated|pll1|clk[0] ; u_pll|altpll_component|auto_generated|pll1|clk[0] ; 13.461       ; -0.036     ; 4.115      ;
; 9.309 ; logo_overlay:u_logo|logo_pattern_rom:u_rom|altsyncram:altsyncram_component|altsyncram_79c1:auto_generated|ram_block1a3~porta_address_reg0 ; logo_overlay:u_logo|pix_out_reg[15]                             ; u_pll|altpll_component|auto_generated|pll1|clk[0] ; u_pll|altpll_component|auto_generated|pll1|clk[0] ; 13.461       ; -0.229     ; 3.910      ;
; 9.320 ; melodychime:u_chime|count10us[0]                                                                                                          ; video_syncgen:u_vga|cb_rgb_reg[14]                              ; u_pll|altpll_component|auto_generated|pll1|clk[0] ; u_pll|altpll_component|auto_generated|pll1|clk[0] ; 13.461       ; -0.043     ; 4.085      ;
; 9.321 ; video_syncgen:u_vga|hcount[6]                                                                                                             ; video_syncgen:u_vga|cb_rgb_reg[8]                               ; u_pll|altpll_component|auto_generated|pll1|clk[0] ; u_pll|altpll_component|auto_generated|pll1|clk[0] ; 13.461       ; -0.033     ; 4.094      ;
; 9.321 ; video_syncgen:u_vga|hcount[6]                                                                                                             ; video_syncgen:u_vga|cb_rgb_reg[9]                               ; u_pll|altpll_component|auto_generated|pll1|clk[0] ; u_pll|altpll_component|auto_generated|pll1|clk[0] ; 13.461       ; -0.033     ; 4.094      ;
; 9.336 ; hdmi_tx:u_tx|hdmi_tx_tmds_encoder_submodule:\gen_enc:2:u|qm_reg[3]                                                                        ; hdmi_tx:u_tx|hdmi_tx_tmds_encoder_submodule:\gen_enc:2:u|cnt[2] ; u_pll|altpll_component|auto_generated|pll1|clk[0] ; u_pll|altpll_component|auto_generated|pll1|clk[0] ; 13.461       ; -0.037     ; 4.075      ;
; 9.349 ; logo_overlay:u_logo|logo_pattern_rom:u_rom|altsyncram:altsyncram_component|altsyncram_79c1:auto_generated|ram_block1a5~porta_address_reg0 ; logo_overlay:u_logo|pix_out_reg[10]                             ; u_pll|altpll_component|auto_generated|pll1|clk[0] ; u_pll|altpll_component|auto_generated|pll1|clk[0] ; 13.461       ; -0.231     ; 3.868      ;
; 9.352 ; melodychime:u_chime|count10us[0]                                                                                                          ; video_syncgen:u_vga|cb_rgb_reg[5]                               ; u_pll|altpll_component|auto_generated|pll1|clk[0] ; u_pll|altpll_component|auto_generated|pll1|clk[0] ; 13.461       ; -0.036     ; 4.060      ;
; 9.356 ; video_syncgen:u_vga|hcount[2]                                                                                                             ; video_syncgen:u_vga|cb_rgb_reg[16]                              ; u_pll|altpll_component|auto_generated|pll1|clk[0] ; u_pll|altpll_component|auto_generated|pll1|clk[0] ; 13.461       ; -0.036     ; 4.056      ;
; 9.357 ; melodychime:u_chime|count10us[0]                                                                                                          ; video_syncgen:u_vga|cb_rgb_reg[17]                              ; u_pll|altpll_component|auto_generated|pll1|clk[0] ; u_pll|altpll_component|auto_generated|pll1|clk[0] ; 13.461       ; -0.038     ; 4.053      ;
; 9.359 ; logo_overlay:u_logo|logo_pattern_rom:u_rom|altsyncram:altsyncram_component|altsyncram_79c1:auto_generated|ram_block1a5~porta_address_reg0 ; logo_overlay:u_logo|pix_out_reg[18]                             ; u_pll|altpll_component|auto_generated|pll1|clk[0] ; u_pll|altpll_component|auto_generated|pll1|clk[0] ; 13.461       ; -0.228     ; 3.861      ;
; 9.365 ; hdmi_tx:u_tx|hdmi_tx_tmds_encoder_submodule:\gen_enc:0:u|qm_reg[5]                                                                        ; hdmi_tx:u_tx|hdmi_tx_tmds_encoder_submodule:\gen_enc:0:u|cnt[3] ; u_pll|altpll_component|auto_generated|pll1|clk[0] ; u_pll|altpll_component|auto_generated|pll1|clk[0] ; 13.461       ; -0.039     ; 4.044      ;
; 9.365 ; video_syncgen:u_vga|hcount[2]                                                                                                             ; video_syncgen:u_vga|cb_rgb_reg[3]                               ; u_pll|altpll_component|auto_generated|pll1|clk[0] ; u_pll|altpll_component|auto_generated|pll1|clk[0] ; 13.461       ; -0.032     ; 4.051      ;
; 9.368 ; melodychime:u_chime|count10us[0]                                                                                                          ; video_syncgen:u_vga|cb_rgb_reg[22]                              ; u_pll|altpll_component|auto_generated|pll1|clk[0] ; u_pll|altpll_component|auto_generated|pll1|clk[0] ; 13.461       ; -0.035     ; 4.045      ;
; 9.368 ; melodychime:u_chime|count10us[0]                                                                                                          ; video_syncgen:u_vga|cb_rgb_reg[21]                              ; u_pll|altpll_component|auto_generated|pll1|clk[0] ; u_pll|altpll_component|auto_generated|pll1|clk[0] ; 13.461       ; -0.035     ; 4.045      ;
; 9.370 ; hdmi_tx:u_tx|hdmi_tx_tmds_encoder_submodule:\gen_enc:0:u|qm_reg[4]                                                                        ; hdmi_tx:u_tx|hdmi_tx_tmds_encoder_submodule:\gen_enc:0:u|cnt[3] ; u_pll|altpll_component|auto_generated|pll1|clk[0] ; u_pll|altpll_component|auto_generated|pll1|clk[0] ; 13.461       ; -0.040     ; 4.038      ;
; 9.371 ; logo_overlay:u_logo|logo_pattern_rom:u_rom|altsyncram:altsyncram_component|altsyncram_79c1:auto_generated|ram_block1a5~porta_address_reg0 ; logo_overlay:u_logo|pix_out_reg[23]                             ; u_pll|altpll_component|auto_generated|pll1|clk[0] ; u_pll|altpll_component|auto_generated|pll1|clk[0] ; 13.461       ; -0.234     ; 3.843      ;
; 9.372 ; hdmi_tx:u_tx|hdmi_tx_tmds_encoder_submodule:\gen_enc:2:u|qm_reg[1]                                                                        ; hdmi_tx:u_tx|hdmi_tx_tmds_encoder_submodule:\gen_enc:2:u|cnt[1] ; u_pll|altpll_component|auto_generated|pll1|clk[0] ; u_pll|altpll_component|auto_generated|pll1|clk[0] ; 13.461       ; -0.035     ; 4.041      ;
; 9.373 ; video_syncgen:u_vga|hcount[10]                                                                                                            ; video_syncgen:u_vga|cb_rgb_reg[16]                              ; u_pll|altpll_component|auto_generated|pll1|clk[0] ; u_pll|altpll_component|auto_generated|pll1|clk[0] ; 13.461       ; -0.036     ; 4.039      ;
; 9.376 ; hdmi_tx:u_tx|hdmi_tx_tmds_encoder_submodule:\gen_enc:2:u|qm_reg[0]                                                                        ; hdmi_tx:u_tx|hdmi_tx_tmds_encoder_submodule:\gen_enc:2:u|cnt[1] ; u_pll|altpll_component|auto_generated|pll1|clk[0] ; u_pll|altpll_component|auto_generated|pll1|clk[0] ; 13.461       ; -0.037     ; 4.035      ;
; 9.380 ; melodychime:u_chime|count10us[0]                                                                                                          ; video_syncgen:u_vga|cb_rgb_reg[1]                               ; u_pll|altpll_component|auto_generated|pll1|clk[0] ; u_pll|altpll_component|auto_generated|pll1|clk[0] ; 13.461       ; -0.039     ; 4.029      ;
; 9.382 ; video_syncgen:u_vga|hcount[10]                                                                                                            ; video_syncgen:u_vga|cb_rgb_reg[3]                               ; u_pll|altpll_component|auto_generated|pll1|clk[0] ; u_pll|altpll_component|auto_generated|pll1|clk[0] ; 13.461       ; -0.032     ; 4.034      ;
; 9.384 ; hdmi_tx:u_tx|hdmi_tx_tmds_encoder_submodule:\gen_enc:0:u|qm_reg[0]                                                                        ; hdmi_tx:u_tx|hdmi_tx_tmds_encoder_submodule:\gen_enc:0:u|cnt[3] ; u_pll|altpll_component|auto_generated|pll1|clk[0] ; u_pll|altpll_component|auto_generated|pll1|clk[0] ; 13.461       ; -0.040     ; 4.024      ;
; 9.384 ; hdmi_tx:u_tx|hdmi_tx_tmds_encoder_submodule:\gen_enc:2:u|qm_reg[4]                                                                        ; hdmi_tx:u_tx|hdmi_tx_tmds_encoder_submodule:\gen_enc:2:u|cnt[1] ; u_pll|altpll_component|auto_generated|pll1|clk[0] ; u_pll|altpll_component|auto_generated|pll1|clk[0] ; 13.461       ; -0.035     ; 4.029      ;
; 9.385 ; melodychime:u_chime|count10us[0]                                                                                                          ; video_syncgen:u_vga|cb_rgb_reg[0]                               ; u_pll|altpll_component|auto_generated|pll1|clk[0] ; u_pll|altpll_component|auto_generated|pll1|clk[0] ; 13.461       ; -0.038     ; 4.025      ;
; 9.389 ; hdmi_tx:u_tx|hdmi_tx_tmds_encoder_submodule:\gen_enc:2:u|qm_reg[5]                                                                        ; hdmi_tx:u_tx|hdmi_tx_tmds_encoder_submodule:\gen_enc:2:u|cnt[1] ; u_pll|altpll_component|auto_generated|pll1|clk[0] ; u_pll|altpll_component|auto_generated|pll1|clk[0] ; 13.461       ; -0.037     ; 4.022      ;
; 9.391 ; logo_overlay:u_logo|logo_pattern_rom:u_rom|altsyncram:altsyncram_component|altsyncram_79c1:auto_generated|ram_block1a6~porta_address_reg0 ; logo_overlay:u_logo|pix_out_reg[4]                              ; u_pll|altpll_component|auto_generated|pll1|clk[0] ; u_pll|altpll_component|auto_generated|pll1|clk[0] ; 13.461       ; -0.229     ; 3.828      ;
; 9.399 ; video_syncgen:u_vga|hcount[9]                                                                                                             ; video_syncgen:u_vga|cb_rgb_reg[22]                              ; u_pll|altpll_component|auto_generated|pll1|clk[0] ; u_pll|altpll_component|auto_generated|pll1|clk[0] ; 13.461       ; -0.033     ; 4.016      ;
; 9.399 ; video_syncgen:u_vga|hcount[9]                                                                                                             ; video_syncgen:u_vga|cb_rgb_reg[21]                              ; u_pll|altpll_component|auto_generated|pll1|clk[0] ; u_pll|altpll_component|auto_generated|pll1|clk[0] ; 13.461       ; -0.033     ; 4.016      ;
; 9.401 ; video_syncgen:u_vga|hcount[2]                                                                                                             ; video_syncgen:u_vga|cb_rgb_reg[8]                               ; u_pll|altpll_component|auto_generated|pll1|clk[0] ; u_pll|altpll_component|auto_generated|pll1|clk[0] ; 13.461       ; -0.034     ; 4.013      ;
; 9.401 ; video_syncgen:u_vga|hcount[2]                                                                                                             ; video_syncgen:u_vga|cb_rgb_reg[9]                               ; u_pll|altpll_component|auto_generated|pll1|clk[0] ; u_pll|altpll_component|auto_generated|pll1|clk[0] ; 13.461       ; -0.034     ; 4.013      ;
; 9.402 ; video_syncgen:u_vga|hcount[9]                                                                                                             ; video_syncgen:u_vga|cb_rgb_reg[13]                              ; u_pll|altpll_component|auto_generated|pll1|clk[0] ; u_pll|altpll_component|auto_generated|pll1|clk[0] ; 13.461       ; -0.033     ; 4.013      ;
; 9.408 ; video_syncgen:u_vga|hcount[5]                                                                                                             ; video_syncgen:u_vga|cb_rgb_reg[8]                               ; u_pll|altpll_component|auto_generated|pll1|clk[0] ; u_pll|altpll_component|auto_generated|pll1|clk[0] ; 13.461       ; -0.034     ; 4.006      ;
; 9.408 ; video_syncgen:u_vga|hcount[5]                                                                                                             ; video_syncgen:u_vga|cb_rgb_reg[9]                               ; u_pll|altpll_component|auto_generated|pll1|clk[0] ; u_pll|altpll_component|auto_generated|pll1|clk[0] ; 13.461       ; -0.034     ; 4.006      ;
; 9.411 ; video_syncgen:u_vga|hcount[2]                                                                                                             ; video_syncgen:u_vga|cb_rgb_reg[6]                               ; u_pll|altpll_component|auto_generated|pll1|clk[0] ; u_pll|altpll_component|auto_generated|pll1|clk[0] ; 13.461       ; -0.037     ; 4.000      ;
; 9.412 ; logo_overlay:u_logo|logo_pattern_rom:u_rom|altsyncram:altsyncram_component|altsyncram_79c1:auto_generated|ram_block1a6~porta_address_reg0 ; logo_overlay:u_logo|pix_out_reg[15]                             ; u_pll|altpll_component|auto_generated|pll1|clk[0] ; u_pll|altpll_component|auto_generated|pll1|clk[0] ; 13.461       ; -0.229     ; 3.807      ;
; 9.417 ; logo_overlay:u_logo|logo_pattern_rom:u_rom|altsyncram:altsyncram_component|altsyncram_79c1:auto_generated|ram_block1a3~porta_address_reg0 ; logo_overlay:u_logo|pix_out_reg[10]                             ; u_pll|altpll_component|auto_generated|pll1|clk[0] ; u_pll|altpll_component|auto_generated|pll1|clk[0] ; 13.461       ; -0.230     ; 3.801      ;
; 9.423 ; video_syncgen:u_vga|hcount[4]                                                                                                             ; video_syncgen:u_vga|cb_rgb_reg[16]                              ; u_pll|altpll_component|auto_generated|pll1|clk[0] ; u_pll|altpll_component|auto_generated|pll1|clk[0] ; 13.461       ; -0.036     ; 3.989      ;
; 9.423 ; video_syncgen:u_vga|hcount[2]                                                                                                             ; video_syncgen:u_vga|cb_rgb_reg[20]                              ; u_pll|altpll_component|auto_generated|pll1|clk[0] ; u_pll|altpll_component|auto_generated|pll1|clk[0] ; 13.461       ; -0.037     ; 3.988      ;
; 9.427 ; logo_overlay:u_logo|logo_pattern_rom:u_rom|altsyncram:altsyncram_component|altsyncram_79c1:auto_generated|ram_block1a3~porta_address_reg0 ; logo_overlay:u_logo|pix_out_reg[18]                             ; u_pll|altpll_component|auto_generated|pll1|clk[0] ; u_pll|altpll_component|auto_generated|pll1|clk[0] ; 13.461       ; -0.227     ; 3.794      ;
; 9.427 ; video_syncgen:u_vga|hcount[10]                                                                                                            ; video_syncgen:u_vga|cb_rgb_reg[8]                               ; u_pll|altpll_component|auto_generated|pll1|clk[0] ; u_pll|altpll_component|auto_generated|pll1|clk[0] ; 13.461       ; -0.034     ; 3.987      ;
; 9.427 ; video_syncgen:u_vga|hcount[10]                                                                                                            ; video_syncgen:u_vga|cb_rgb_reg[9]                               ; u_pll|altpll_component|auto_generated|pll1|clk[0] ; u_pll|altpll_component|auto_generated|pll1|clk[0] ; 13.461       ; -0.034     ; 3.987      ;
; 9.428 ; video_syncgen:u_vga|hcount[10]                                                                                                            ; video_syncgen:u_vga|cb_rgb_reg[6]                               ; u_pll|altpll_component|auto_generated|pll1|clk[0] ; u_pll|altpll_component|auto_generated|pll1|clk[0] ; 13.461       ; -0.037     ; 3.983      ;
; 9.432 ; video_syncgen:u_vga|hcount[4]                                                                                                             ; video_syncgen:u_vga|cb_rgb_reg[3]                               ; u_pll|altpll_component|auto_generated|pll1|clk[0] ; u_pll|altpll_component|auto_generated|pll1|clk[0] ; 13.461       ; -0.032     ; 3.984      ;
; 9.439 ; logo_overlay:u_logo|logo_pattern_rom:u_rom|altsyncram:altsyncram_component|altsyncram_79c1:auto_generated|ram_block1a3~porta_address_reg0 ; logo_overlay:u_logo|pix_out_reg[23]                             ; u_pll|altpll_component|auto_generated|pll1|clk[0] ; u_pll|altpll_component|auto_generated|pll1|clk[0] ; 13.461       ; -0.233     ; 3.776      ;
; 9.439 ; video_syncgen:u_vga|hcount[9]                                                                                                             ; video_syncgen:u_vga|cb_rgb_reg[14]                              ; u_pll|altpll_component|auto_generated|pll1|clk[0] ; u_pll|altpll_component|auto_generated|pll1|clk[0] ; 13.461       ; -0.041     ; 3.968      ;
; 9.440 ; video_syncgen:u_vga|hcount[10]                                                                                                            ; video_syncgen:u_vga|cb_rgb_reg[20]                              ; u_pll|altpll_component|auto_generated|pll1|clk[0] ; u_pll|altpll_component|auto_generated|pll1|clk[0] ; 13.461       ; -0.037     ; 3.971      ;
; 9.442 ; video_syncgen:u_vga|hcount[6]                                                                                                             ; video_syncgen:u_vga|cb_rgb_reg[16]                              ; u_pll|altpll_component|auto_generated|pll1|clk[0] ; u_pll|altpll_component|auto_generated|pll1|clk[0] ; 13.461       ; -0.035     ; 3.971      ;
; 9.443 ; melodychime:u_chime|count10us[0]                                                                                                          ; video_syncgen:u_vga|cb_rgb_reg[12]                              ; u_pll|altpll_component|auto_generated|pll1|clk[0] ; u_pll|altpll_component|auto_generated|pll1|clk[0] ; 13.461       ; -0.037     ; 3.968      ;
; 9.447 ; melodychime:u_chime|count10us[0]                                                                                                          ; video_syncgen:u_vga|cb_rgb_reg[2]                               ; u_pll|altpll_component|auto_generated|pll1|clk[0] ; u_pll|altpll_component|auto_generated|pll1|clk[0] ; 13.461       ; -0.036     ; 3.965      ;
; 9.451 ; melodychime:u_chime|count10us[0]                                                                                                          ; video_syncgen:u_vga|cb_rgb_reg[11]                              ; u_pll|altpll_component|auto_generated|pll1|clk[0] ; u_pll|altpll_component|auto_generated|pll1|clk[0] ; 13.461       ; -0.043     ; 3.954      ;
; 9.451 ; video_syncgen:u_vga|hcount[6]                                                                                                             ; video_syncgen:u_vga|cb_rgb_reg[3]                               ; u_pll|altpll_component|auto_generated|pll1|clk[0] ; u_pll|altpll_component|auto_generated|pll1|clk[0] ; 13.461       ; -0.031     ; 3.966      ;
; 9.456 ; hdmi_tx:u_tx|hdmi_tx_tmds_encoder_submodule:\gen_enc:2:u|qm_reg[3]                                                                        ; hdmi_tx:u_tx|hdmi_tx_tmds_encoder_submodule:\gen_enc:2:u|cnt[1] ; u_pll|altpll_component|auto_generated|pll1|clk[0] ; u_pll|altpll_component|auto_generated|pll1|clk[0] ; 13.461       ; -0.037     ; 3.955      ;
; 9.461 ; hdmi_tx:u_tx|hdmi_tx_tmds_encoder_submodule:\gen_enc:0:u|qm_reg[5]                                                                        ; hdmi_tx:u_tx|hdmi_tx_tmds_encoder_submodule:\gen_enc:0:u|cnt[2] ; u_pll|altpll_component|auto_generated|pll1|clk[0] ; u_pll|altpll_component|auto_generated|pll1|clk[0] ; 13.461       ; -0.039     ; 3.948      ;
; 9.461 ; video_syncgen:u_vga|hcount[6]                                                                                                             ; video_syncgen:u_vga|cb_rgb_reg[20]                              ; u_pll|altpll_component|auto_generated|pll1|clk[0] ; u_pll|altpll_component|auto_generated|pll1|clk[0] ; 13.461       ; -0.036     ; 3.951      ;
; 9.466 ; hdmi_tx:u_tx|hdmi_tx_tmds_encoder_submodule:\gen_enc:0:u|qm_reg[4]                                                                        ; hdmi_tx:u_tx|hdmi_tx_tmds_encoder_submodule:\gen_enc:0:u|cnt[2] ; u_pll|altpll_component|auto_generated|pll1|clk[0] ; u_pll|altpll_component|auto_generated|pll1|clk[0] ; 13.461       ; -0.040     ; 3.942      ;
; 9.471 ; logo_overlay:u_logo|logo_pattern_rom:u_rom|altsyncram:altsyncram_component|altsyncram_79c1:auto_generated|ram_block1a5~porta_address_reg0 ; logo_overlay:u_logo|pix_out_reg[12]                             ; u_pll|altpll_component|auto_generated|pll1|clk[0] ; u_pll|altpll_component|auto_generated|pll1|clk[0] ; 13.461       ; -0.228     ; 3.749      ;
; 9.474 ; video_syncgen:u_vga|hcount[6]                                                                                                             ; video_syncgen:u_vga|cb_rgb_reg[22]                              ; u_pll|altpll_component|auto_generated|pll1|clk[0] ; u_pll|altpll_component|auto_generated|pll1|clk[0] ; 13.461       ; -0.032     ; 3.942      ;
; 9.474 ; video_syncgen:u_vga|hcount[6]                                                                                                             ; video_syncgen:u_vga|cb_rgb_reg[21]                              ; u_pll|altpll_component|auto_generated|pll1|clk[0] ; u_pll|altpll_component|auto_generated|pll1|clk[0] ; 13.461       ; -0.032     ; 3.942      ;
; 9.477 ; video_syncgen:u_vga|hcount[6]                                                                                                             ; video_syncgen:u_vga|cb_rgb_reg[13]                              ; u_pll|altpll_component|auto_generated|pll1|clk[0] ; u_pll|altpll_component|auto_generated|pll1|clk[0] ; 13.461       ; -0.032     ; 3.939      ;
; 9.478 ; video_syncgen:u_vga|hcount[4]                                                                                                             ; video_syncgen:u_vga|cb_rgb_reg[6]                               ; u_pll|altpll_component|auto_generated|pll1|clk[0] ; u_pll|altpll_component|auto_generated|pll1|clk[0] ; 13.461       ; -0.037     ; 3.933      ;
; 9.480 ; video_syncgen:u_vga|hcount[3]                                                                                                             ; video_syncgen:u_vga|cb_rgb_reg[16]                              ; u_pll|altpll_component|auto_generated|pll1|clk[0] ; u_pll|altpll_component|auto_generated|pll1|clk[0] ; 13.461       ; -0.036     ; 3.932      ;
; 9.480 ; hdmi_tx:u_tx|hdmi_tx_tmds_encoder_submodule:\gen_enc:0:u|qm_reg[0]                                                                        ; hdmi_tx:u_tx|hdmi_tx_tmds_encoder_submodule:\gen_enc:0:u|cnt[2] ; u_pll|altpll_component|auto_generated|pll1|clk[0] ; u_pll|altpll_component|auto_generated|pll1|clk[0] ; 13.461       ; -0.040     ; 3.928      ;
; 9.483 ; video_syncgen:u_vga|hcount[4]                                                                                                             ; video_syncgen:u_vga|cb_rgb_reg[8]                               ; u_pll|altpll_component|auto_generated|pll1|clk[0] ; u_pll|altpll_component|auto_generated|pll1|clk[0] ; 13.461       ; -0.034     ; 3.931      ;
; 9.483 ; video_syncgen:u_vga|hcount[4]                                                                                                             ; video_syncgen:u_vga|cb_rgb_reg[9]                               ; u_pll|altpll_component|auto_generated|pll1|clk[0] ; u_pll|altpll_component|auto_generated|pll1|clk[0] ; 13.461       ; -0.034     ; 3.931      ;
; 9.486 ; melodychime:u_chime|count10us[0]                                                                                                          ; video_syncgen:u_vga|cb_rgb_reg[13]                              ; u_pll|altpll_component|auto_generated|pll1|clk[0] ; u_pll|altpll_component|auto_generated|pll1|clk[0] ; 13.461       ; -0.035     ; 3.927      ;
; 9.487 ; hdmi_tx:u_tx|hdmi_tx_tmds_encoder_submodule:\gen_enc:0:u|qm_reg[2]                                                                        ; hdmi_tx:u_tx|hdmi_tx_tmds_encoder_submodule:\gen_enc:0:u|cnt[3] ; u_pll|altpll_component|auto_generated|pll1|clk[0] ; u_pll|altpll_component|auto_generated|pll1|clk[0] ; 13.461       ; -0.040     ; 3.921      ;
; 9.489 ; video_syncgen:u_vga|hcount[3]                                                                                                             ; video_syncgen:u_vga|cb_rgb_reg[3]                               ; u_pll|altpll_component|auto_generated|pll1|clk[0] ; u_pll|altpll_component|auto_generated|pll1|clk[0] ; 13.461       ; -0.032     ; 3.927      ;
; 9.490 ; video_syncgen:u_vga|hcount[4]                                                                                                             ; video_syncgen:u_vga|cb_rgb_reg[20]                              ; u_pll|altpll_component|auto_generated|pll1|clk[0] ; u_pll|altpll_component|auto_generated|pll1|clk[0] ; 13.461       ; -0.037     ; 3.921      ;
; 9.497 ; video_syncgen:u_vga|hcount[6]                                                                                                             ; video_syncgen:u_vga|cb_rgb_reg[6]                               ; u_pll|altpll_component|auto_generated|pll1|clk[0] ; u_pll|altpll_component|auto_generated|pll1|clk[0] ; 13.461       ; -0.036     ; 3.915      ;
; 9.505 ; logo_overlay:u_logo|logo_pattern_rom:u_rom|altsyncram:altsyncram_component|altsyncram_79c1:auto_generated|ram_block1a5~porta_address_reg0 ; logo_overlay:u_logo|pix_out_reg[7]                              ; u_pll|altpll_component|auto_generated|pll1|clk[0] ; u_pll|altpll_component|auto_generated|pll1|clk[0] ; 13.461       ; -0.231     ; 3.712      ;
; 9.509 ; video_syncgen:u_vga|hcount[8]                                                                                                             ; video_syncgen:u_vga|cb_rgb_reg[20]                              ; u_pll|altpll_component|auto_generated|pll1|clk[0] ; u_pll|altpll_component|auto_generated|pll1|clk[0] ; 13.461       ; -0.037     ; 3.902      ;
; 9.514 ; video_syncgen:u_vga|hcount[6]                                                                                                             ; video_syncgen:u_vga|cb_rgb_reg[14]                              ; u_pll|altpll_component|auto_generated|pll1|clk[0] ; u_pll|altpll_component|auto_generated|pll1|clk[0] ; 13.461       ; -0.040     ; 3.894      ;
; 9.516 ; video_syncgen:u_vga|hcount[6]                                                                                                             ; video_syncgen:u_vga|cb_rgb_reg[7]                               ; u_pll|altpll_component|auto_generated|pll1|clk[0] ; u_pll|altpll_component|auto_generated|pll1|clk[0] ; 13.461       ; -0.031     ; 3.901      ;
; 9.520 ; logo_overlay:u_logo|logo_pattern_rom:u_rom|altsyncram:altsyncram_component|altsyncram_79c1:auto_generated|ram_block1a6~porta_address_reg0 ; logo_overlay:u_logo|pix_out_reg[10]                             ; u_pll|altpll_component|auto_generated|pll1|clk[0] ; u_pll|altpll_component|auto_generated|pll1|clk[0] ; 13.461       ; -0.230     ; 3.698      ;
; 9.521 ; melodychime:u_chime|count10us[0]                                                                                                          ; video_syncgen:u_vga|cb_rgb_reg[4]                               ; u_pll|altpll_component|auto_generated|pll1|clk[0] ; u_pll|altpll_component|auto_generated|pll1|clk[0] ; 13.461       ; -0.039     ; 3.888      ;
; 9.522 ; video_syncgen:u_vga|hcount[9]                                                                                                             ; video_syncgen:u_vga|cb_rgb_reg[16]                              ; u_pll|altpll_component|auto_generated|pll1|clk[0] ; u_pll|altpll_component|auto_generated|pll1|clk[0] ; 13.461       ; -0.036     ; 3.890      ;
; 9.525 ; logo_overlay:u_logo|logo_pattern_rom:u_rom|altsyncram:altsyncram_component|altsyncram_79c1:auto_generated|ram_block1a5~porta_address_reg0 ; logo_overlay:u_logo|pix_out_reg[11]                             ; u_pll|altpll_component|auto_generated|pll1|clk[0] ; u_pll|altpll_component|auto_generated|pll1|clk[0] ; 13.461       ; -0.234     ; 3.689      ;
+-------+-------------------------------------------------------------------------------------------------------------------------------------------+-----------------------------------------------------------------+---------------------------------------------------+---------------------------------------------------+--------------+------------+------------+


+---------------------------------------------------------------------------------------------------------------------------------------------------------------------------------------------------------------------------------------------------------------------------------------------------------------------------------------------------------------------------------------------------------------------------------------------------------------------------+
; Fast 1200mV 0C Model Hold: 'u_pll|altpll_component|auto_generated|pll1|clk[0]'                                                                                                                                                                                                                                                                                                                                                                                            ;
+-------+----------------------------------------------------------------------------------------------------------------------------------------+-------------------------------------------------------------------------------------------------------------------------------------------------------------------------+---------------------------------------------------+---------------------------------------------------+--------------+------------+------------+
; Slack ; From Node                                                                                                                              ; To Node                                                                                                                                                                 ; Launch Clock                                      ; Latch Clock                                       ; Relationship ; Clock Skew ; Data Delay ;
+-------+----------------------------------------------------------------------------------------------------------------------------------------+-------------------------------------------------------------------------------------------------------------------------------------------------------------------------+---------------------------------------------------+---------------------------------------------------+--------------+------------+------------+
; 0.139 ; logo_overlay:u_logo|pix_out_reg[0]                                                                                                     ; hdmi_tx:u_tx|hdmi_tx_delay:\gen_intgen:u_delay|altshift_taps:ram_rtl_0|shift_taps_08m:auto_generated|altsyncram_0i81:altsyncram2|ram_block3a0~porta_datain_reg0         ; u_pll|altpll_component|auto_generated|pll1|clk[0] ; u_pll|altpll_component|auto_generated|pll1|clk[0] ; 0.000        ; 0.225      ; 0.468      ;
; 0.146 ; hdmi_tx:u_tx|hdmi_tx_audiopacket_submodule:\gen_audio:u_audio|hdmi_tx_scfifo:u_fifo|waddr_reg[6]                                       ; hdmi_tx:u_tx|hdmi_tx_audiopacket_submodule:\gen_audio:u_audio|hdmi_tx_scfifo:u_fifo|altsyncram:ram_rtl_0|altsyncram_ctg1:auto_generated|ram_block1a0~porta_address_reg0 ; u_pll|altpll_component|auto_generated|pll1|clk[0] ; u_pll|altpll_component|auto_generated|pll1|clk[0] ; 0.000        ; 0.225      ; 0.475      ;
; 0.149 ; logo_overlay:u_logo|pix_out_reg[15]                                                                                                    ; hdmi_tx:u_tx|hdmi_tx_delay:\gen_intgen:u_delay|altshift_taps:ram_rtl_0|shift_taps_08m:auto_generated|altsyncram_0i81:altsyncram2|ram_block3a0~porta_datain_reg0         ; u_pll|altpll_component|auto_generated|pll1|clk[0] ; u_pll|altpll_component|auto_generated|pll1|clk[0] ; 0.000        ; 0.226      ; 0.479      ;
; 0.154 ; logo_overlay:u_logo|pix_out_reg[4]                                                                                                     ; hdmi_tx:u_tx|hdmi_tx_delay:\gen_intgen:u_delay|altshift_taps:ram_rtl_0|shift_taps_08m:auto_generated|altsyncram_0i81:altsyncram2|ram_block3a0~porta_datain_reg0         ; u_pll|altpll_component|auto_generated|pll1|clk[0] ; u_pll|altpll_component|auto_generated|pll1|clk[0] ; 0.000        ; 0.226      ; 0.484      ;
; 0.157 ; hdmi_tx:u_tx|hdmi_tx_audiopacket_submodule:\gen_audio:u_audio|hdmi_tx_scfifo:u_fifo|waddr_reg[7]                                       ; hdmi_tx:u_tx|hdmi_tx_audiopacket_submodule:\gen_audio:u_audio|hdmi_tx_scfifo:u_fifo|altsyncram:ram_rtl_0|altsyncram_ctg1:auto_generated|ram_block1a0~porta_address_reg0 ; u_pll|altpll_component|auto_generated|pll1|clk[0] ; u_pll|altpll_component|auto_generated|pll1|clk[0] ; 0.000        ; 0.225      ; 0.486      ;
; 0.158 ; hdmi_tx:u_tx|hdmi_tx_audiopacket_submodule:\gen_audio:u_audio|hdmi_tx_scfifo:u_fifo|waddr_reg[0]                                       ; hdmi_tx:u_tx|hdmi_tx_audiopacket_submodule:\gen_audio:u_audio|hdmi_tx_scfifo:u_fifo|altsyncram:ram_rtl_0|altsyncram_ctg1:auto_generated|ram_block1a0~porta_address_reg0 ; u_pll|altpll_component|auto_generated|pll1|clk[0] ; u_pll|altpll_component|auto_generated|pll1|clk[0] ; 0.000        ; 0.225      ; 0.487      ;
; 0.158 ; hdmi_tx:u_tx|hdmi_tx_audiopacket_submodule:\gen_audio:u_audio|hdmi_tx_scfifo:u_fifo|waddr_reg[3]                                       ; hdmi_tx:u_tx|hdmi_tx_audiopacket_submodule:\gen_audio:u_audio|hdmi_tx_scfifo:u_fifo|altsyncram:ram_rtl_0|altsyncram_ctg1:auto_generated|ram_block1a0~porta_address_reg0 ; u_pll|altpll_component|auto_generated|pll1|clk[0] ; u_pll|altpll_component|auto_generated|pll1|clk[0] ; 0.000        ; 0.225      ; 0.487      ;
; 0.158 ; logo_overlay:u_logo|pix_out_reg[16]                                                                                                    ; hdmi_tx:u_tx|hdmi_tx_delay:\gen_intgen:u_delay|altshift_taps:ram_rtl_0|shift_taps_08m:auto_generated|altsyncram_0i81:altsyncram2|ram_block3a0~porta_datain_reg0         ; u_pll|altpll_component|auto_generated|pll1|clk[0] ; u_pll|altpll_component|auto_generated|pll1|clk[0] ; 0.000        ; 0.225      ; 0.487      ;
; 0.161 ; hdmi_tx:u_tx|hdmi_tx_delay:\gen_intgen:u_delay|altshift_taps:ram_rtl_0|shift_taps_08m:auto_generated|cntr_4rf:cntr1|counter_reg_bit[4] ; hdmi_tx:u_tx|hdmi_tx_delay:\gen_intgen:u_delay|altshift_taps:ram_rtl_0|shift_taps_08m:auto_generated|altsyncram_0i81:altsyncram2|ram_block3a0~portb_address_reg0        ; u_pll|altpll_component|auto_generated|pll1|clk[0] ; u_pll|altpll_component|auto_generated|pll1|clk[0] ; 0.000        ; 0.225      ; 0.490      ;
; 0.162 ; hdmi_tx:u_tx|hdmi_tx_delay:\gen_intgen:u_delay|altshift_taps:ram_rtl_0|shift_taps_08m:auto_generated|cntr_4rf:cntr1|counter_reg_bit[4] ; hdmi_tx:u_tx|hdmi_tx_delay:\gen_intgen:u_delay|altshift_taps:ram_rtl_0|shift_taps_08m:auto_generated|altsyncram_0i81:altsyncram2|ram_block3a0~porta_address_reg0        ; u_pll|altpll_component|auto_generated|pll1|clk[0] ; u_pll|altpll_component|auto_generated|pll1|clk[0] ; 0.000        ; 0.223      ; 0.489      ;
; 0.163 ; hdmi_tx:u_tx|hdmi_tx_delay:\gen_intgen:u_delay|altshift_taps:ram_rtl_0|shift_taps_08m:auto_generated|cntr_4rf:cntr1|counter_reg_bit[1] ; hdmi_tx:u_tx|hdmi_tx_delay:\gen_intgen:u_delay|altshift_taps:ram_rtl_0|shift_taps_08m:auto_generated|altsyncram_0i81:altsyncram2|ram_block3a0~portb_address_reg0        ; u_pll|altpll_component|auto_generated|pll1|clk[0] ; u_pll|altpll_component|auto_generated|pll1|clk[0] ; 0.000        ; 0.225      ; 0.492      ;
; 0.164 ; hdmi_tx:u_tx|hdmi_tx_delay:\gen_intgen:u_delay|altshift_taps:ram_rtl_0|shift_taps_08m:auto_generated|cntr_4rf:cntr1|counter_reg_bit[1] ; hdmi_tx:u_tx|hdmi_tx_delay:\gen_intgen:u_delay|altshift_taps:ram_rtl_0|shift_taps_08m:auto_generated|altsyncram_0i81:altsyncram2|ram_block3a0~porta_address_reg0        ; u_pll|altpll_component|auto_generated|pll1|clk[0] ; u_pll|altpll_component|auto_generated|pll1|clk[0] ; 0.000        ; 0.223      ; 0.491      ;
; 0.164 ; hdmi_tx:u_tx|hdmi_tx_delay:\gen_intgen:u_delay|altshift_taps:ram_rtl_0|shift_taps_08m:auto_generated|cntr_4rf:cntr1|counter_reg_bit[2] ; hdmi_tx:u_tx|hdmi_tx_delay:\gen_intgen:u_delay|altshift_taps:ram_rtl_0|shift_taps_08m:auto_generated|altsyncram_0i81:altsyncram2|ram_block3a0~portb_address_reg0        ; u_pll|altpll_component|auto_generated|pll1|clk[0] ; u_pll|altpll_component|auto_generated|pll1|clk[0] ; 0.000        ; 0.225      ; 0.493      ;
; 0.165 ; hdmi_tx:u_tx|hdmi_tx_delay:\gen_intgen:u_delay|altshift_taps:ram_rtl_0|shift_taps_08m:auto_generated|cntr_4rf:cntr1|counter_reg_bit[2] ; hdmi_tx:u_tx|hdmi_tx_delay:\gen_intgen:u_delay|altshift_taps:ram_rtl_0|shift_taps_08m:auto_generated|altsyncram_0i81:altsyncram2|ram_block3a0~porta_address_reg0        ; u_pll|altpll_component|auto_generated|pll1|clk[0] ; u_pll|altpll_component|auto_generated|pll1|clk[0] ; 0.000        ; 0.223      ; 0.492      ;
; 0.167 ; hdmi_tx:u_tx|hdmi_tx_delay:\gen_intgen:u_delay|altshift_taps:ram_rtl_0|shift_taps_08m:auto_generated|cntr_4rf:cntr1|counter_reg_bit[5] ; hdmi_tx:u_tx|hdmi_tx_delay:\gen_intgen:u_delay|altshift_taps:ram_rtl_0|shift_taps_08m:auto_generated|altsyncram_0i81:altsyncram2|ram_block3a0~portb_address_reg0        ; u_pll|altpll_component|auto_generated|pll1|clk[0] ; u_pll|altpll_component|auto_generated|pll1|clk[0] ; 0.000        ; 0.225      ; 0.496      ;
; 0.168 ; hdmi_tx:u_tx|hdmi_tx_delay:\gen_intgen:u_delay|altshift_taps:ram_rtl_0|shift_taps_08m:auto_generated|cntr_4rf:cntr1|counter_reg_bit[5] ; hdmi_tx:u_tx|hdmi_tx_delay:\gen_intgen:u_delay|altshift_taps:ram_rtl_0|shift_taps_08m:auto_generated|altsyncram_0i81:altsyncram2|ram_block3a0~porta_address_reg0        ; u_pll|altpll_component|auto_generated|pll1|clk[0] ; u_pll|altpll_component|auto_generated|pll1|clk[0] ; 0.000        ; 0.223      ; 0.495      ;
; 0.168 ; hdmi_tx:u_tx|hdmi_tx_delay:\gen_intgen:u_delay|altshift_taps:ram_rtl_0|shift_taps_08m:auto_generated|cntr_4rf:cntr1|counter_reg_bit[0] ; hdmi_tx:u_tx|hdmi_tx_delay:\gen_intgen:u_delay|altshift_taps:ram_rtl_0|shift_taps_08m:auto_generated|altsyncram_0i81:altsyncram2|ram_block3a0~portb_address_reg0        ; u_pll|altpll_component|auto_generated|pll1|clk[0] ; u_pll|altpll_component|auto_generated|pll1|clk[0] ; 0.000        ; 0.225      ; 0.497      ;
; 0.169 ; hdmi_tx:u_tx|hdmi_tx_delay:\gen_intgen:u_delay|altshift_taps:ram_rtl_0|shift_taps_08m:auto_generated|cntr_4rf:cntr1|counter_reg_bit[0] ; hdmi_tx:u_tx|hdmi_tx_delay:\gen_intgen:u_delay|altshift_taps:ram_rtl_0|shift_taps_08m:auto_generated|altsyncram_0i81:altsyncram2|ram_block3a0~porta_address_reg0        ; u_pll|altpll_component|auto_generated|pll1|clk[0] ; u_pll|altpll_component|auto_generated|pll1|clk[0] ; 0.000        ; 0.223      ; 0.496      ;
; 0.170 ; hdmi_tx:u_tx|hdmi_tx_delay:\gen_intgen:u_delay|altshift_taps:ram_rtl_0|shift_taps_08m:auto_generated|cntr_4rf:cntr1|counter_reg_bit[3] ; hdmi_tx:u_tx|hdmi_tx_delay:\gen_intgen:u_delay|altshift_taps:ram_rtl_0|shift_taps_08m:auto_generated|altsyncram_0i81:altsyncram2|ram_block3a0~portb_address_reg0        ; u_pll|altpll_component|auto_generated|pll1|clk[0] ; u_pll|altpll_component|auto_generated|pll1|clk[0] ; 0.000        ; 0.225      ; 0.499      ;
; 0.171 ; hdmi_tx:u_tx|hdmi_tx_delay:\gen_intgen:u_delay|altshift_taps:ram_rtl_0|shift_taps_08m:auto_generated|cntr_4rf:cntr1|counter_reg_bit[3] ; hdmi_tx:u_tx|hdmi_tx_delay:\gen_intgen:u_delay|altshift_taps:ram_rtl_0|shift_taps_08m:auto_generated|altsyncram_0i81:altsyncram2|ram_block3a0~porta_address_reg0        ; u_pll|altpll_component|auto_generated|pll1|clk[0] ; u_pll|altpll_component|auto_generated|pll1|clk[0] ; 0.000        ; 0.223      ; 0.498      ;
; 0.186 ; hdmi_tx:u_tx|request_reg                                                                                                               ; hdmi_tx:u_tx|request_reg                                                                                                                                                ; u_pll|altpll_component|auto_generated|pll1|clk[0] ; u_pll|altpll_component|auto_generated|pll1|clk[0] ; 0.000        ; 0.037      ; 0.307      ;
; 0.186 ; hdmi_tx:u_tx|hdmi_tx_dataisland_submodule:\gen_data:u_data|bch_hb_reg[0]                                                               ; hdmi_tx:u_tx|hdmi_tx_dataisland_submodule:\gen_data:u_data|bch_hb_reg[0]                                                                                                ; u_pll|altpll_component|auto_generated|pll1|clk[0] ; u_pll|altpll_component|auto_generated|pll1|clk[0] ; 0.000        ; 0.037      ; 0.307      ;
; 0.186 ; hdmi_tx:u_tx|hdmi_tx_dataisland_submodule:\gen_data:u_data|hb_reg[23]                                                                  ; hdmi_tx:u_tx|hdmi_tx_dataisland_submodule:\gen_data:u_data|hb_reg[23]                                                                                                   ; u_pll|altpll_component|auto_generated|pll1|clk[0] ; u_pll|altpll_component|auto_generated|pll1|clk[0] ; 0.000        ; 0.037      ; 0.307      ;
; 0.186 ; hdmi_tx:u_tx|hdmi_tx_audiopacket_submodule:\gen_audio:u_audio|marker_reg[2]                                                            ; hdmi_tx:u_tx|hdmi_tx_audiopacket_submodule:\gen_audio:u_audio|marker_reg[2]                                                                                             ; u_pll|altpll_component|auto_generated|pll1|clk[0] ; u_pll|altpll_component|auto_generated|pll1|clk[0] ; 0.000        ; 0.037      ; 0.307      ;
; 0.186 ; hdmi_tx:u_tx|hdmi_tx_audiopacket_submodule:\gen_audio:u_audio|marker_reg[3]                                                            ; hdmi_tx:u_tx|hdmi_tx_audiopacket_submodule:\gen_audio:u_audio|marker_reg[3]                                                                                             ; u_pll|altpll_component|auto_generated|pll1|clk[0] ; u_pll|altpll_component|auto_generated|pll1|clk[0] ; 0.000        ; 0.037      ; 0.307      ;
; 0.186 ; hdmi_tx:u_tx|hdmi_tx_audiopacket_submodule:\gen_audio:u_audio|marker_reg[1]                                                            ; hdmi_tx:u_tx|hdmi_tx_audiopacket_submodule:\gen_audio:u_audio|marker_reg[1]                                                                                             ; u_pll|altpll_component|auto_generated|pll1|clk[0] ; u_pll|altpll_component|auto_generated|pll1|clk[0] ; 0.000        ; 0.037      ; 0.307      ;
; 0.186 ; hdmi_tx:u_tx|hdmi_tx_audiopacket_submodule:\gen_audio:u_audio|marker_reg[0]                                                            ; hdmi_tx:u_tx|hdmi_tx_audiopacket_submodule:\gen_audio:u_audio|marker_reg[0]                                                                                             ; u_pll|altpll_component|auto_generated|pll1|clk[0] ; u_pll|altpll_component|auto_generated|pll1|clk[0] ; 0.000        ; 0.037      ; 0.307      ;
; 0.186 ; hdmi_tx:u_tx|hdmi_tx_audiopacket_submodule:\gen_audio:u_audio|hdmi_tx_scfifo:u_fifo|waddr_reg[0]                                       ; hdmi_tx:u_tx|hdmi_tx_audiopacket_submodule:\gen_audio:u_audio|hdmi_tx_scfifo:u_fifo|waddr_reg[0]                                                                        ; u_pll|altpll_component|auto_generated|pll1|clk[0] ; u_pll|altpll_component|auto_generated|pll1|clk[0] ; 0.000        ; 0.037      ; 0.307      ;
; 0.186 ; hdmi_tx:u_tx|hdmi_tx_audiopacket_submodule:\gen_audio:u_audio|pl_bit_reg                                                               ; hdmi_tx:u_tx|hdmi_tx_audiopacket_submodule:\gen_audio:u_audio|pl_bit_reg                                                                                                ; u_pll|altpll_component|auto_generated|pll1|clk[0] ; u_pll|altpll_component|auto_generated|pll1|clk[0] ; 0.000        ; 0.037      ; 0.307      ;
; 0.186 ; hdmi_tx:u_tx|hdmi_tx_audiopacket_submodule:\gen_audio:u_audio|cl_bit_reg                                                               ; hdmi_tx:u_tx|hdmi_tx_audiopacket_submodule:\gen_audio:u_audio|cl_bit_reg                                                                                                ; u_pll|altpll_component|auto_generated|pll1|clk[0] ; u_pll|altpll_component|auto_generated|pll1|clk[0] ; 0.000        ; 0.037      ; 0.307      ;
; 0.186 ; hdmi_tx:u_tx|hdmi_tx_audiopacket_submodule:\gen_audio:u_audio|pr_bit_reg                                                               ; hdmi_tx:u_tx|hdmi_tx_audiopacket_submodule:\gen_audio:u_audio|pr_bit_reg                                                                                                ; u_pll|altpll_component|auto_generated|pll1|clk[0] ; u_pll|altpll_component|auto_generated|pll1|clk[0] ; 0.000        ; 0.037      ; 0.307      ;
; 0.186 ; hdmi_tx:u_tx|hdmi_tx_audiopacket_submodule:\gen_audio:u_audio|cr_bit_reg                                                               ; hdmi_tx:u_tx|hdmi_tx_audiopacket_submodule:\gen_audio:u_audio|cr_bit_reg                                                                                                ; u_pll|altpll_component|auto_generated|pll1|clk[0] ; u_pll|altpll_component|auto_generated|pll1|clk[0] ; 0.000        ; 0.037      ; 0.307      ;
; 0.186 ; melodychime:u_chime|melodychime_sg:u_sg1|note_reg                                                                                      ; melodychime:u_chime|melodychime_sg:u_sg1|note_reg                                                                                                                       ; u_pll|altpll_component|auto_generated|pll1|clk[0] ; u_pll|altpll_component|auto_generated|pll1|clk[0] ; 0.000        ; 0.037      ; 0.307      ;
; 0.186 ; melodychime:u_chime|melodychime_sg:u_sg1|sqwave_reg                                                                                    ; melodychime:u_chime|melodychime_sg:u_sg1|sqwave_reg                                                                                                                     ; u_pll|altpll_component|auto_generated|pll1|clk[0] ; u_pll|altpll_component|auto_generated|pll1|clk[0] ; 0.000        ; 0.037      ; 0.307      ;
; 0.186 ; melodychime:u_chime|melodychime_sg:u_sg0|sqwave_reg                                                                                    ; melodychime:u_chime|melodychime_sg:u_sg0|sqwave_reg                                                                                                                     ; u_pll|altpll_component|auto_generated|pll1|clk[0] ; u_pll|altpll_component|auto_generated|pll1|clk[0] ; 0.000        ; 0.037      ; 0.307      ;
; 0.186 ; melodychime:u_chime|melodychime_seq:u_seq|tempocount[0]                                                                                ; melodychime:u_chime|melodychime_seq:u_seq|tempocount[0]                                                                                                                 ; u_pll|altpll_component|auto_generated|pll1|clk[0] ; u_pll|altpll_component|auto_generated|pll1|clk[0] ; 0.000        ; 0.037      ; 0.307      ;
; 0.186 ; hdmi_tx:u_tx|hdmi_tx_audiopacket_submodule:\gen_audio:u_audio|datacounter_reg[0]                                                       ; hdmi_tx:u_tx|hdmi_tx_audiopacket_submodule:\gen_audio:u_audio|datacounter_reg[0]                                                                                        ; u_pll|altpll_component|auto_generated|pll1|clk[0] ; u_pll|altpll_component|auto_generated|pll1|clk[0] ; 0.000        ; 0.037      ; 0.307      ;
; 0.186 ; hdmi_tx:u_tx|hdmi_tx_infopacket_submodule:\gen_info:u_info|counter_reg[5]                                                              ; hdmi_tx:u_tx|hdmi_tx_infopacket_submodule:\gen_info:u_info|counter_reg[5]                                                                                               ; u_pll|altpll_component|auto_generated|pll1|clk[0] ; u_pll|altpll_component|auto_generated|pll1|clk[0] ; 0.000        ; 0.037      ; 0.307      ;
; 0.186 ; hdmi_tx:u_tx|hdmi_tx_infopacket_submodule:\gen_info:u_info|counter_reg[6]                                                              ; hdmi_tx:u_tx|hdmi_tx_infopacket_submodule:\gen_info:u_info|counter_reg[6]                                                                                               ; u_pll|altpll_component|auto_generated|pll1|clk[0] ; u_pll|altpll_component|auto_generated|pll1|clk[0] ; 0.000        ; 0.037      ; 0.307      ;
; 0.186 ; hdmi_tx:u_tx|hdmi_tx_infopacket_submodule:\gen_info:u_info|pcmena_reg                                                                  ; hdmi_tx:u_tx|hdmi_tx_infopacket_submodule:\gen_info:u_info|pcmena_reg                                                                                                   ; u_pll|altpll_component|auto_generated|pll1|clk[0] ; u_pll|altpll_component|auto_generated|pll1|clk[0] ; 0.000        ; 0.037      ; 0.307      ;
; 0.186 ; hdmi_tx:u_tx|hdmi_tx_infopacket_submodule:\gen_info:u_info|valid_reg                                                                   ; hdmi_tx:u_tx|hdmi_tx_infopacket_submodule:\gen_info:u_info|valid_reg                                                                                                    ; u_pll|altpll_component|auto_generated|pll1|clk[0] ; u_pll|altpll_component|auto_generated|pll1|clk[0] ; 0.000        ; 0.037      ; 0.307      ;
; 0.186 ; hdmi_tx:u_tx|hdmi_tx_audiopacket_submodule:\gen_audio:u_audio|readack_reg                                                              ; hdmi_tx:u_tx|hdmi_tx_audiopacket_submodule:\gen_audio:u_audio|readack_reg                                                                                               ; u_pll|altpll_component|auto_generated|pll1|clk[0] ; u_pll|altpll_component|auto_generated|pll1|clk[0] ; 0.000        ; 0.037      ; 0.307      ;
; 0.186 ; hdmi_tx:u_tx|hdmi_tx_audiopacket_submodule:\gen_audio:u_audio|bytecounter_reg[2]                                                       ; hdmi_tx:u_tx|hdmi_tx_audiopacket_submodule:\gen_audio:u_audio|bytecounter_reg[2]                                                                                        ; u_pll|altpll_component|auto_generated|pll1|clk[0] ; u_pll|altpll_component|auto_generated|pll1|clk[0] ; 0.000        ; 0.037      ; 0.307      ;
; 0.186 ; hdmi_tx:u_tx|hdmi_tx_audiopacket_submodule:\gen_audio:u_audio|bytecounter_reg[1]                                                       ; hdmi_tx:u_tx|hdmi_tx_audiopacket_submodule:\gen_audio:u_audio|bytecounter_reg[1]                                                                                        ; u_pll|altpll_component|auto_generated|pll1|clk[0] ; u_pll|altpll_component|auto_generated|pll1|clk[0] ; 0.000        ; 0.037      ; 0.307      ;
; 0.186 ; fs_timing_reg                                                                                                                          ; fs_timing_reg                                                                                                                                                           ; u_pll|altpll_component|auto_generated|pll1|clk[0] ; u_pll|altpll_component|auto_generated|pll1|clk[0] ; 0.000        ; 0.037      ; 0.307      ;
; 0.186 ; video_syncgen:u_vga|cb_rgb_reg[5]                                                                                                      ; video_syncgen:u_vga|cb_rgb_reg[5]                                                                                                                                       ; u_pll|altpll_component|auto_generated|pll1|clk[0] ; u_pll|altpll_component|auto_generated|pll1|clk[0] ; 0.000        ; 0.037      ; 0.307      ;
; 0.186 ; video_syncgen:u_vga|cb_rgb_reg[4]                                                                                                      ; video_syncgen:u_vga|cb_rgb_reg[4]                                                                                                                                       ; u_pll|altpll_component|auto_generated|pll1|clk[0] ; u_pll|altpll_component|auto_generated|pll1|clk[0] ; 0.000        ; 0.037      ; 0.307      ;
; 0.186 ; video_syncgen:u_vga|cb_rgb_reg[2]                                                                                                      ; video_syncgen:u_vga|cb_rgb_reg[2]                                                                                                                                       ; u_pll|altpll_component|auto_generated|pll1|clk[0] ; u_pll|altpll_component|auto_generated|pll1|clk[0] ; 0.000        ; 0.037      ; 0.307      ;
; 0.186 ; video_syncgen:u_vga|cb_rgb_reg[7]                                                                                                      ; video_syncgen:u_vga|cb_rgb_reg[7]                                                                                                                                       ; u_pll|altpll_component|auto_generated|pll1|clk[0] ; u_pll|altpll_component|auto_generated|pll1|clk[0] ; 0.000        ; 0.037      ; 0.307      ;
; 0.186 ; video_syncgen:u_vga|cb_rgb_reg[15]                                                                                                     ; video_syncgen:u_vga|cb_rgb_reg[15]                                                                                                                                      ; u_pll|altpll_component|auto_generated|pll1|clk[0] ; u_pll|altpll_component|auto_generated|pll1|clk[0] ; 0.000        ; 0.037      ; 0.307      ;
; 0.186 ; video_syncgen:u_vga|cb_rgb_reg[16]                                                                                                     ; video_syncgen:u_vga|cb_rgb_reg[16]                                                                                                                                      ; u_pll|altpll_component|auto_generated|pll1|clk[0] ; u_pll|altpll_component|auto_generated|pll1|clk[0] ; 0.000        ; 0.037      ; 0.307      ;
; 0.186 ; video_syncgen:u_vga|cb_rgb_reg[17]                                                                                                     ; video_syncgen:u_vga|cb_rgb_reg[17]                                                                                                                                      ; u_pll|altpll_component|auto_generated|pll1|clk[0] ; u_pll|altpll_component|auto_generated|pll1|clk[0] ; 0.000        ; 0.037      ; 0.307      ;
; 0.186 ; logo_overlay:u_logo|x_enable_reg                                                                                                       ; logo_overlay:u_logo|x_enable_reg                                                                                                                                        ; u_pll|altpll_component|auto_generated|pll1|clk[0] ; u_pll|altpll_component|auto_generated|pll1|clk[0] ; 0.000        ; 0.037      ; 0.307      ;
; 0.186 ; video_syncgen:u_vga|areastate.REDLAMP                                                                                                  ; video_syncgen:u_vga|areastate.REDLAMP                                                                                                                                   ; u_pll|altpll_component|auto_generated|pll1|clk[0] ; u_pll|altpll_component|auto_generated|pll1|clk[0] ; 0.000        ; 0.037      ; 0.307      ;
; 0.186 ; video_syncgen:u_vga|areastate.LEFTBAND3                                                                                                ; video_syncgen:u_vga|areastate.LEFTBAND3                                                                                                                                 ; u_pll|altpll_component|auto_generated|pll1|clk[0] ; u_pll|altpll_component|auto_generated|pll1|clk[0] ; 0.000        ; 0.037      ; 0.307      ;
; 0.186 ; video_syncgen:u_vga|areastate.WHITELAMP                                                                                                ; video_syncgen:u_vga|areastate.WHITELAMP                                                                                                                                 ; u_pll|altpll_component|auto_generated|pll1|clk[0] ; u_pll|altpll_component|auto_generated|pll1|clk[0] ; 0.000        ; 0.037      ; 0.307      ;
; 0.186 ; video_syncgen:u_vga|areastate.LEFTBAND2                                                                                                ; video_syncgen:u_vga|areastate.LEFTBAND2                                                                                                                                 ; u_pll|altpll_component|auto_generated|pll1|clk[0] ; u_pll|altpll_component|auto_generated|pll1|clk[0] ; 0.000        ; 0.037      ; 0.307      ;
; 0.186 ; video_syncgen:u_vga|areastate.GRAY                                                                                                     ; video_syncgen:u_vga|areastate.GRAY                                                                                                                                      ; u_pll|altpll_component|auto_generated|pll1|clk[0] ; u_pll|altpll_component|auto_generated|pll1|clk[0] ; 0.000        ; 0.037      ; 0.307      ;
; 0.186 ; video_syncgen:u_vga|areastate.BLUE                                                                                                     ; video_syncgen:u_vga|areastate.BLUE                                                                                                                                      ; u_pll|altpll_component|auto_generated|pll1|clk[0] ; u_pll|altpll_component|auto_generated|pll1|clk[0] ; 0.000        ; 0.037      ; 0.307      ;
; 0.187 ; melodychime:u_chime|melodychime_sg:u_sg0|note_reg                                                                                      ; melodychime:u_chime|melodychime_sg:u_sg0|note_reg                                                                                                                       ; u_pll|altpll_component|auto_generated|pll1|clk[0] ; u_pll|altpll_component|auto_generated|pll1|clk[0] ; 0.000        ; 0.036      ; 0.307      ;
; 0.187 ; melodychime:u_chime|melodychime_seq:u_seq|slot_reg                                                                                     ; melodychime:u_chime|melodychime_seq:u_seq|slot_reg                                                                                                                      ; u_pll|altpll_component|auto_generated|pll1|clk[0] ; u_pll|altpll_component|auto_generated|pll1|clk[0] ; 0.000        ; 0.036      ; 0.307      ;
; 0.187 ; melodychime:u_chime|melodychime_seq:u_seq|play_reg                                                                                     ; melodychime:u_chime|melodychime_seq:u_seq|play_reg                                                                                                                      ; u_pll|altpll_component|auto_generated|pll1|clk[0] ; u_pll|altpll_component|auto_generated|pll1|clk[0] ; 0.000        ; 0.036      ; 0.307      ;
; 0.187 ; melodychime:u_chime|melodychime_seq:u_seq|start_reg                                                                                    ; melodychime:u_chime|melodychime_seq:u_seq|start_reg                                                                                                                     ; u_pll|altpll_component|auto_generated|pll1|clk[0] ; u_pll|altpll_component|auto_generated|pll1|clk[0] ; 0.000        ; 0.036      ; 0.307      ;
; 0.187 ; hdmi_tx:u_tx|hdmi_tx_dataisland_submodule:\gen_data:u_data|counter_reg[2]                                                              ; hdmi_tx:u_tx|hdmi_tx_dataisland_submodule:\gen_data:u_data|counter_reg[2]                                                                                               ; u_pll|altpll_component|auto_generated|pll1|clk[0] ; u_pll|altpll_component|auto_generated|pll1|clk[0] ; 0.000        ; 0.036      ; 0.307      ;
; 0.187 ; hdmi_tx:u_tx|hdmi_tx_dataisland_submodule:\gen_data:u_data|counter_reg[0]                                                              ; hdmi_tx:u_tx|hdmi_tx_dataisland_submodule:\gen_data:u_data|counter_reg[0]                                                                                               ; u_pll|altpll_component|auto_generated|pll1|clk[0] ; u_pll|altpll_component|auto_generated|pll1|clk[0] ; 0.000        ; 0.036      ; 0.307      ;
; 0.187 ; hdmi_tx:u_tx|hdmi_tx_dataisland_submodule:\gen_data:u_data|counter_reg[4]                                                              ; hdmi_tx:u_tx|hdmi_tx_dataisland_submodule:\gen_data:u_data|counter_reg[4]                                                                                               ; u_pll|altpll_component|auto_generated|pll1|clk[0] ; u_pll|altpll_component|auto_generated|pll1|clk[0] ; 0.000        ; 0.036      ; 0.307      ;
; 0.187 ; hdmi_tx:u_tx|hdmi_tx_dataisland_submodule:\gen_data:u_data|counter_reg[1]                                                              ; hdmi_tx:u_tx|hdmi_tx_dataisland_submodule:\gen_data:u_data|counter_reg[1]                                                                                               ; u_pll|altpll_component|auto_generated|pll1|clk[0] ; u_pll|altpll_component|auto_generated|pll1|clk[0] ; 0.000        ; 0.036      ; 0.307      ;
; 0.187 ; video_syncgen:u_vga|cb_rgb_reg[8]                                                                                                      ; video_syncgen:u_vga|cb_rgb_reg[8]                                                                                                                                       ; u_pll|altpll_component|auto_generated|pll1|clk[0] ; u_pll|altpll_component|auto_generated|pll1|clk[0] ; 0.000        ; 0.036      ; 0.307      ;
; 0.187 ; video_syncgen:u_vga|cb_rgb_reg[9]                                                                                                      ; video_syncgen:u_vga|cb_rgb_reg[9]                                                                                                                                       ; u_pll|altpll_component|auto_generated|pll1|clk[0] ; u_pll|altpll_component|auto_generated|pll1|clk[0] ; 0.000        ; 0.036      ; 0.307      ;
; 0.187 ; video_syncgen:u_vga|cb_rgb_reg[18]                                                                                                     ; video_syncgen:u_vga|cb_rgb_reg[18]                                                                                                                                      ; u_pll|altpll_component|auto_generated|pll1|clk[0] ; u_pll|altpll_component|auto_generated|pll1|clk[0] ; 0.000        ; 0.036      ; 0.307      ;
; 0.187 ; logo_overlay:u_logo|y_enable_reg                                                                                                       ; logo_overlay:u_logo|y_enable_reg                                                                                                                                        ; u_pll|altpll_component|auto_generated|pll1|clk[0] ; u_pll|altpll_component|auto_generated|pll1|clk[0] ; 0.000        ; 0.036      ; 0.307      ;
; 0.187 ; logo_overlay:u_logo|vec_y_reg                                                                                                          ; logo_overlay:u_logo|vec_y_reg                                                                                                                                           ; u_pll|altpll_component|auto_generated|pll1|clk[0] ; u_pll|altpll_component|auto_generated|pll1|clk[0] ; 0.000        ; 0.036      ; 0.307      ;
; 0.187 ; video_syncgen:u_vga|hsync_reg                                                                                                          ; video_syncgen:u_vga|hsync_reg                                                                                                                                           ; u_pll|altpll_component|auto_generated|pll1|clk[0] ; u_pll|altpll_component|auto_generated|pll1|clk[0] ; 0.000        ; 0.036      ; 0.307      ;
; 0.187 ; video_syncgen:u_vga|vsync_reg                                                                                                          ; video_syncgen:u_vga|vsync_reg                                                                                                                                           ; u_pll|altpll_component|auto_generated|pll1|clk[0] ; u_pll|altpll_component|auto_generated|pll1|clk[0] ; 0.000        ; 0.036      ; 0.307      ;
; 0.187 ; video_syncgen:u_vga|cb_rgb_reg[23]                                                                                                     ; video_syncgen:u_vga|cb_rgb_reg[23]                                                                                                                                      ; u_pll|altpll_component|auto_generated|pll1|clk[0] ; u_pll|altpll_component|auto_generated|pll1|clk[0] ; 0.000        ; 0.036      ; 0.307      ;
; 0.187 ; video_syncgen:u_vga|areastate.RIGHTBAND4                                                                                               ; video_syncgen:u_vga|areastate.RIGHTBAND4                                                                                                                                ; u_pll|altpll_component|auto_generated|pll1|clk[0] ; u_pll|altpll_component|auto_generated|pll1|clk[0] ; 0.000        ; 0.036      ; 0.307      ;
; 0.187 ; video_syncgen:u_vga|areastate.LEFTBAND5                                                                                                ; video_syncgen:u_vga|areastate.LEFTBAND5                                                                                                                                 ; u_pll|altpll_component|auto_generated|pll1|clk[0] ; u_pll|altpll_component|auto_generated|pll1|clk[0] ; 0.000        ; 0.036      ; 0.307      ;
; 0.187 ; video_syncgen:u_vga|areastate.LEFTBAND4                                                                                                ; video_syncgen:u_vga|areastate.LEFTBAND4                                                                                                                                 ; u_pll|altpll_component|auto_generated|pll1|clk[0] ; u_pll|altpll_component|auto_generated|pll1|clk[0] ; 0.000        ; 0.036      ; 0.307      ;
; 0.187 ; video_syncgen:u_vga|areastate.MAGENTA                                                                                                  ; video_syncgen:u_vga|areastate.MAGENTA                                                                                                                                   ; u_pll|altpll_component|auto_generated|pll1|clk[0] ; u_pll|altpll_component|auto_generated|pll1|clk[0] ; 0.000        ; 0.036      ; 0.307      ;
; 0.187 ; video_syncgen:u_vga|areastate.GREEN                                                                                                    ; video_syncgen:u_vga|areastate.GREEN                                                                                                                                     ; u_pll|altpll_component|auto_generated|pll1|clk[0] ; u_pll|altpll_component|auto_generated|pll1|clk[0] ; 0.000        ; 0.036      ; 0.307      ;
; 0.187 ; video_syncgen:u_vga|areastate.CYAN                                                                                                     ; video_syncgen:u_vga|areastate.CYAN                                                                                                                                      ; u_pll|altpll_component|auto_generated|pll1|clk[0] ; u_pll|altpll_component|auto_generated|pll1|clk[0] ; 0.000        ; 0.036      ; 0.307      ;
; 0.187 ; video_syncgen:u_vga|areastate.RED                                                                                                      ; video_syncgen:u_vga|areastate.RED                                                                                                                                       ; u_pll|altpll_component|auto_generated|pll1|clk[0] ; u_pll|altpll_component|auto_generated|pll1|clk[0] ; 0.000        ; 0.036      ; 0.307      ;
; 0.187 ; video_syncgen:u_vga|areastate.RIGHTBAND2                                                                                               ; video_syncgen:u_vga|areastate.RIGHTBAND2                                                                                                                                ; u_pll|altpll_component|auto_generated|pll1|clk[0] ; u_pll|altpll_component|auto_generated|pll1|clk[0] ; 0.000        ; 0.036      ; 0.307      ;
; 0.187 ; video_syncgen:u_vga|areastate.RIGHTBAND1                                                                                               ; video_syncgen:u_vga|areastate.RIGHTBAND1                                                                                                                                ; u_pll|altpll_component|auto_generated|pll1|clk[0] ; u_pll|altpll_component|auto_generated|pll1|clk[0] ; 0.000        ; 0.036      ; 0.307      ;
; 0.187 ; video_syncgen:u_vga|areastate.LEFTBAND1                                                                                                ; video_syncgen:u_vga|areastate.LEFTBAND1                                                                                                                                 ; u_pll|altpll_component|auto_generated|pll1|clk[0] ; u_pll|altpll_component|auto_generated|pll1|clk[0] ; 0.000        ; 0.036      ; 0.307      ;
; 0.187 ; video_syncgen:u_vga|areastate.RIGHTBAND6                                                                                               ; video_syncgen:u_vga|areastate.RIGHTBAND6                                                                                                                                ; u_pll|altpll_component|auto_generated|pll1|clk[0] ; u_pll|altpll_component|auto_generated|pll1|clk[0] ; 0.000        ; 0.036      ; 0.307      ;
; 0.187 ; video_syncgen:u_vga|areastate.LEFTBAND6                                                                                                ; video_syncgen:u_vga|areastate.LEFTBAND6                                                                                                                                 ; u_pll|altpll_component|auto_generated|pll1|clk[0] ; u_pll|altpll_component|auto_generated|pll1|clk[0] ; 0.000        ; 0.036      ; 0.307      ;
; 0.187 ; video_syncgen:u_vga|areastate.BLUELAMP                                                                                                 ; video_syncgen:u_vga|areastate.BLUELAMP                                                                                                                                  ; u_pll|altpll_component|auto_generated|pll1|clk[0] ; u_pll|altpll_component|auto_generated|pll1|clk[0] ; 0.000        ; 0.036      ; 0.307      ;
; 0.187 ; video_syncgen:u_vga|areastate.RIGHTBAND5                                                                                               ; video_syncgen:u_vga|areastate.RIGHTBAND5                                                                                                                                ; u_pll|altpll_component|auto_generated|pll1|clk[0] ; u_pll|altpll_component|auto_generated|pll1|clk[0] ; 0.000        ; 0.036      ; 0.307      ;
; 0.187 ; video_syncgen:u_vga|areastate.GREENLAMP                                                                                                ; video_syncgen:u_vga|areastate.GREENLAMP                                                                                                                                 ; u_pll|altpll_component|auto_generated|pll1|clk[0] ; u_pll|altpll_component|auto_generated|pll1|clk[0] ; 0.000        ; 0.036      ; 0.307      ;
; 0.187 ; video_syncgen:u_vga|request_reg                                                                                                        ; video_syncgen:u_vga|request_reg                                                                                                                                         ; u_pll|altpll_component|auto_generated|pll1|clk[0] ; u_pll|altpll_component|auto_generated|pll1|clk[0] ; 0.000        ; 0.036      ; 0.307      ;
; 0.187 ; video_syncgen:u_vga|hblank_reg                                                                                                         ; video_syncgen:u_vga|hblank_reg                                                                                                                                          ; u_pll|altpll_component|auto_generated|pll1|clk[0] ; u_pll|altpll_component|auto_generated|pll1|clk[0] ; 0.000        ; 0.036      ; 0.307      ;
; 0.187 ; video_syncgen:u_vga|vblank_reg                                                                                                         ; video_syncgen:u_vga|vblank_reg                                                                                                                                          ; u_pll|altpll_component|auto_generated|pll1|clk[0] ; u_pll|altpll_component|auto_generated|pll1|clk[0] ; 0.000        ; 0.036      ; 0.307      ;
; 0.192 ; hdmi_tx:u_tx|hdmi_tx_dataisland_submodule:\gen_data:u_data|sb_reg[154]                                                                 ; hdmi_tx:u_tx|hdmi_tx_dataisland_submodule:\gen_data:u_data|sb_reg[152]                                                                                                  ; u_pll|altpll_component|auto_generated|pll1|clk[0] ; u_pll|altpll_component|auto_generated|pll1|clk[0] ; 0.000        ; 0.037      ; 0.313      ;
; 0.192 ; hdmi_tx:u_tx|hdmi_tx_dataisland_submodule:\gen_data:u_data|hb_reg[2]                                                                   ; hdmi_tx:u_tx|hdmi_tx_dataisland_submodule:\gen_data:u_data|hb_reg[1]                                                                                                    ; u_pll|altpll_component|auto_generated|pll1|clk[0] ; u_pll|altpll_component|auto_generated|pll1|clk[0] ; 0.000        ; 0.037      ; 0.313      ;
; 0.192 ; logo_overlay:u_logo|delay_pix0_reg[19]                                                                                                 ; logo_overlay:u_logo|pix_out_reg[19]                                                                                                                                     ; u_pll|altpll_component|auto_generated|pll1|clk[0] ; u_pll|altpll_component|auto_generated|pll1|clk[0] ; 0.000        ; 0.037      ; 0.313      ;
; 0.193 ; hdmi_tx:u_tx|hdmi_tx_infopacket_submodule:\gen_info:u_info|infosel_reg                                                                 ; hdmi_tx:u_tx|hdmi_tx_infopacket_submodule:\gen_info:u_info|infosel_reg                                                                                                  ; u_pll|altpll_component|auto_generated|pll1|clk[0] ; u_pll|altpll_component|auto_generated|pll1|clk[0] ; 0.000        ; 0.037      ; 0.314      ;
; 0.193 ; hdmi_tx:u_tx|hdmi_tx_dataisland_submodule:\gen_data:u_data|sb_reg[2]                                                                   ; hdmi_tx:u_tx|hdmi_tx_dataisland_submodule:\gen_data:u_data|sb_reg[0]                                                                                                    ; u_pll|altpll_component|auto_generated|pll1|clk[0] ; u_pll|altpll_component|auto_generated|pll1|clk[0] ; 0.000        ; 0.037      ; 0.314      ;
; 0.193 ; hdmi_tx:u_tx|hdmi_tx_dataisland_submodule:\gen_data:u_data|sb_reg[22]                                                                  ; hdmi_tx:u_tx|hdmi_tx_dataisland_submodule:\gen_data:u_data|sb_reg[20]                                                                                                   ; u_pll|altpll_component|auto_generated|pll1|clk[0] ; u_pll|altpll_component|auto_generated|pll1|clk[0] ; 0.000        ; 0.037      ; 0.314      ;
; 0.193 ; hdmi_tx:u_tx|hdmi_tx_dataisland_submodule:\gen_data:u_data|sb_reg[125]                                                                 ; hdmi_tx:u_tx|hdmi_tx_dataisland_submodule:\gen_data:u_data|sb_reg[123]                                                                                                  ; u_pll|altpll_component|auto_generated|pll1|clk[0] ; u_pll|altpll_component|auto_generated|pll1|clk[0] ; 0.000        ; 0.037      ; 0.314      ;
+-------+----------------------------------------------------------------------------------------------------------------------------------------+-------------------------------------------------------------------------------------------------------------------------------------------------------------------------+---------------------------------------------------+---------------------------------------------------+--------------+------------+------------+


+-------------------------------------------------------------------------------------------------------------------------------------------------------------------------------------------------------------------------------------------------------------------------------------------------------------------------------------+
; Fast 1200mV 0C Model Hold: 'u_pll|altpll_component|auto_generated|pll1|clk[1]'                                                                                                                                                                                                                                                      ;
+-------+------------------------------------------------------------+---------------------------------------------------------------------------------------------------------------+---------------------------------------------------+---------------------------------------------------+--------------+------------+------------+
; Slack ; From Node                                                  ; To Node                                                                                                       ; Launch Clock                                      ; Latch Clock                                       ; Relationship ; Clock Skew ; Data Delay ;
+-------+------------------------------------------------------------+---------------------------------------------------------------------------------------------------------------+---------------------------------------------------+---------------------------------------------------+--------------+------------+------------+
; 0.184 ; hdmi_tx:u_tx|hdmi_tx_pdiff_submodule:u_ser|data_in_reg[9]  ; hdmi_tx:u_tx|hdmi_tx_pdiff_submodule:u_ser|ser_reg[9]                                                         ; u_pll|altpll_component|auto_generated|pll1|clk[0] ; u_pll|altpll_component|auto_generated|pll1|clk[1] ; -0.001       ; 0.092      ; 0.379      ;
; 0.192 ; hdmi_tx:u_tx|hdmi_tx_pdiff_submodule:u_ser|ser_reg[22]     ; hdmi_tx:u_tx|hdmi_tx_pdiff_submodule:u_ser|ser_reg[20]                                                        ; u_pll|altpll_component|auto_generated|pll1|clk[1] ; u_pll|altpll_component|auto_generated|pll1|clk[1] ; 0.000        ; 0.037      ; 0.313      ;
; 0.193 ; hdmi_tx:u_tx|hdmi_tx_pdiff_submodule:u_ser|ser_reg[35]     ; hdmi_tx:u_tx|hdmi_tx_pdiff_submodule:u_ser|ser_reg[33]                                                        ; u_pll|altpll_component|auto_generated|pll1|clk[1] ; u_pll|altpll_component|auto_generated|pll1|clk[1] ; 0.000        ; 0.036      ; 0.313      ;
; 0.193 ; hdmi_tx:u_tx|hdmi_tx_pdiff_submodule:u_ser|ser_reg[32]     ; hdmi_tx:u_tx|hdmi_tx_pdiff_submodule:u_ser|ser_reg[30]                                                        ; u_pll|altpll_component|auto_generated|pll1|clk[1] ; u_pll|altpll_component|auto_generated|pll1|clk[1] ; 0.000        ; 0.037      ; 0.314      ;
; 0.193 ; hdmi_tx:u_tx|hdmi_tx_pdiff_submodule:u_ser|ser_reg[36]     ; hdmi_tx:u_tx|hdmi_tx_pdiff_submodule:u_ser|ser_reg[34]                                                        ; u_pll|altpll_component|auto_generated|pll1|clk[1] ; u_pll|altpll_component|auto_generated|pll1|clk[1] ; 0.000        ; 0.037      ; 0.314      ;
; 0.193 ; hdmi_tx:u_tx|hdmi_tx_pdiff_submodule:u_ser|ser_reg[38]     ; hdmi_tx:u_tx|hdmi_tx_pdiff_submodule:u_ser|ser_reg[36]                                                        ; u_pll|altpll_component|auto_generated|pll1|clk[1] ; u_pll|altpll_component|auto_generated|pll1|clk[1] ; 0.000        ; 0.037      ; 0.314      ;
; 0.193 ; hdmi_tx:u_tx|hdmi_tx_pdiff_submodule:u_ser|ser_reg[23]     ; hdmi_tx:u_tx|hdmi_tx_pdiff_submodule:u_ser|ser_reg[21]                                                        ; u_pll|altpll_component|auto_generated|pll1|clk[1] ; u_pll|altpll_component|auto_generated|pll1|clk[1] ; 0.000        ; 0.037      ; 0.314      ;
; 0.193 ; hdmi_tx:u_tx|hdmi_tx_pdiff_submodule:u_ser|ser_reg[29]     ; hdmi_tx:u_tx|hdmi_tx_pdiff_submodule:u_ser|ser_reg[27]                                                        ; u_pll|altpll_component|auto_generated|pll1|clk[1] ; u_pll|altpll_component|auto_generated|pll1|clk[1] ; 0.000        ; 0.037      ; 0.314      ;
; 0.193 ; hdmi_tx:u_tx|hdmi_tx_pdiff_submodule:u_ser|ser_reg[5]      ; hdmi_tx:u_tx|hdmi_tx_pdiff_submodule:u_ser|ser_reg[3]                                                         ; u_pll|altpll_component|auto_generated|pll1|clk[1] ; u_pll|altpll_component|auto_generated|pll1|clk[1] ; 0.000        ; 0.037      ; 0.314      ;
; 0.193 ; hdmi_tx:u_tx|hdmi_tx_pdiff_submodule:u_ser|ser_reg[8]      ; hdmi_tx:u_tx|hdmi_tx_pdiff_submodule:u_ser|ser_reg[6]                                                         ; u_pll|altpll_component|auto_generated|pll1|clk[1] ; u_pll|altpll_component|auto_generated|pll1|clk[1] ; 0.000        ; 0.036      ; 0.313      ;
; 0.194 ; hdmi_tx:u_tx|hdmi_tx_pdiff_submodule:u_ser|ser_reg[37]     ; hdmi_tx:u_tx|hdmi_tx_pdiff_submodule:u_ser|ser_reg[35]                                                        ; u_pll|altpll_component|auto_generated|pll1|clk[1] ; u_pll|altpll_component|auto_generated|pll1|clk[1] ; 0.000        ; 0.036      ; 0.314      ;
; 0.194 ; hdmi_tx:u_tx|hdmi_tx_pdiff_submodule:u_ser|ser_reg[39]     ; hdmi_tx:u_tx|hdmi_tx_pdiff_submodule:u_ser|ser_reg[37]                                                        ; u_pll|altpll_component|auto_generated|pll1|clk[1] ; u_pll|altpll_component|auto_generated|pll1|clk[1] ; 0.000        ; 0.036      ; 0.314      ;
; 0.194 ; hdmi_tx:u_tx|hdmi_tx_pdiff_submodule:u_ser|ser_reg[34]     ; hdmi_tx:u_tx|hdmi_tx_pdiff_submodule:u_ser|ser_reg[32]                                                        ; u_pll|altpll_component|auto_generated|pll1|clk[1] ; u_pll|altpll_component|auto_generated|pll1|clk[1] ; 0.000        ; 0.037      ; 0.315      ;
; 0.194 ; hdmi_tx:u_tx|hdmi_tx_pdiff_submodule:u_ser|ser_reg[27]     ; hdmi_tx:u_tx|hdmi_tx_pdiff_submodule:u_ser|ser_reg[25]                                                        ; u_pll|altpll_component|auto_generated|pll1|clk[1] ; u_pll|altpll_component|auto_generated|pll1|clk[1] ; 0.000        ; 0.037      ; 0.315      ;
; 0.194 ; hdmi_tx:u_tx|hdmi_tx_pdiff_submodule:u_ser|start_reg[0]    ; hdmi_tx:u_tx|hdmi_tx_pdiff_submodule:u_ser|start_reg[0]                                                       ; u_pll|altpll_component|auto_generated|pll1|clk[1] ; u_pll|altpll_component|auto_generated|pll1|clk[1] ; 0.000        ; 0.036      ; 0.314      ;
; 0.196 ; hdmi_tx:u_tx|hdmi_tx_pdiff_submodule:u_ser|ser_reg[33]     ; hdmi_tx:u_tx|hdmi_tx_pdiff_submodule:u_ser|ser_reg[31]                                                        ; u_pll|altpll_component|auto_generated|pll1|clk[1] ; u_pll|altpll_component|auto_generated|pll1|clk[1] ; 0.000        ; 0.036      ; 0.316      ;
; 0.196 ; hdmi_tx:u_tx|hdmi_tx_pdiff_submodule:u_ser|ser_reg[1]      ; hdmi_tx:u_tx|hdmi_tx_pdiff_submodule:u_ser|data_n_reg[0]                                                      ; u_pll|altpll_component|auto_generated|pll1|clk[1] ; u_pll|altpll_component|auto_generated|pll1|clk[1] ; 0.000        ; 0.037      ; 0.317      ;
; 0.197 ; hdmi_tx:u_tx|hdmi_tx_pdiff_submodule:u_ser|ser_reg[31]     ; hdmi_tx:u_tx|hdmi_tx_pdiff_submodule:u_ser|data_n_reg[3]                                                      ; u_pll|altpll_component|auto_generated|pll1|clk[1] ; u_pll|altpll_component|auto_generated|pll1|clk[1] ; 0.000        ; 0.036      ; 0.317      ;
; 0.197 ; hdmi_tx:u_tx|hdmi_tx_pdiff_submodule:u_ser|ser_reg[31]     ; hdmi_tx:u_tx|hdmi_tx_pdiff_submodule:u_ser|data_p_reg[3]                                                      ; u_pll|altpll_component|auto_generated|pll1|clk[1] ; u_pll|altpll_component|auto_generated|pll1|clk[1] ; 0.000        ; 0.036      ; 0.317      ;
; 0.197 ; hdmi_tx:u_tx|hdmi_tx_pdiff_submodule:u_ser|ser_reg[1]      ; hdmi_tx:u_tx|hdmi_tx_pdiff_submodule:u_ser|data_p_reg[0]                                                      ; u_pll|altpll_component|auto_generated|pll1|clk[1] ; u_pll|altpll_component|auto_generated|pll1|clk[1] ; 0.000        ; 0.037      ; 0.318      ;
; 0.204 ; hdmi_tx:u_tx|hdmi_tx_pdiff_submodule:u_ser|ser_reg[0]      ; hdmi_tx:u_tx|hdmi_tx_pdiff_submodule:u_ser|data_n_reg[4]                                                      ; u_pll|altpll_component|auto_generated|pll1|clk[1] ; u_pll|altpll_component|auto_generated|pll1|clk[1] ; 0.000        ; 0.037      ; 0.325      ;
; 0.206 ; hdmi_tx:u_tx|hdmi_tx_pdiff_submodule:u_ser|ser_reg[20]     ; hdmi_tx:u_tx|hdmi_tx_pdiff_submodule:u_ser|data_n_reg[6]                                                      ; u_pll|altpll_component|auto_generated|pll1|clk[1] ; u_pll|altpll_component|auto_generated|pll1|clk[1] ; 0.000        ; 0.037      ; 0.327      ;
; 0.219 ; hdmi_tx:u_tx|hdmi_tx_pdiff_submodule:u_ser|data_in_reg[8]  ; hdmi_tx:u_tx|hdmi_tx_pdiff_submodule:u_ser|ser_reg[8]                                                         ; u_pll|altpll_component|auto_generated|pll1|clk[0] ; u_pll|altpll_component|auto_generated|pll1|clk[1] ; -0.001       ; 0.092      ; 0.414      ;
; 0.220 ; hdmi_tx:u_tx|hdmi_tx_pdiff_submodule:u_ser|data_in_reg[29] ; hdmi_tx:u_tx|hdmi_tx_pdiff_submodule:u_ser|ser_reg[29]                                                        ; u_pll|altpll_component|auto_generated|pll1|clk[0] ; u_pll|altpll_component|auto_generated|pll1|clk[1] ; -0.001       ; 0.093      ; 0.416      ;
; 0.221 ; hdmi_tx:u_tx|hdmi_tx_pdiff_submodule:u_ser|data_in_reg[28] ; hdmi_tx:u_tx|hdmi_tx_pdiff_submodule:u_ser|ser_reg[28]                                                        ; u_pll|altpll_component|auto_generated|pll1|clk[0] ; u_pll|altpll_component|auto_generated|pll1|clk[1] ; -0.001       ; 0.093      ; 0.417      ;
; 0.227 ; hdmi_tx:u_tx|hdmi_tx_pdiff_submodule:u_ser|data_in_reg[19] ; hdmi_tx:u_tx|hdmi_tx_pdiff_submodule:u_ser|ser_reg[19]                                                        ; u_pll|altpll_component|auto_generated|pll1|clk[0] ; u_pll|altpll_component|auto_generated|pll1|clk[1] ; -0.001       ; 0.086      ; 0.416      ;
; 0.228 ; hdmi_tx:u_tx|hdmi_tx_pdiff_submodule:u_ser|data_in_reg[18] ; hdmi_tx:u_tx|hdmi_tx_pdiff_submodule:u_ser|ser_reg[18]                                                        ; u_pll|altpll_component|auto_generated|pll1|clk[0] ; u_pll|altpll_component|auto_generated|pll1|clk[1] ; -0.001       ; 0.086      ; 0.417      ;
; 0.244 ; hdmi_tx:u_tx|hdmi_tx_pdiff_submodule:u_ser|data_in_reg[25] ; hdmi_tx:u_tx|hdmi_tx_pdiff_submodule:u_ser|ser_reg[25]                                                        ; u_pll|altpll_component|auto_generated|pll1|clk[0] ; u_pll|altpll_component|auto_generated|pll1|clk[1] ; -0.001       ; 0.093      ; 0.440      ;
; 0.245 ; hdmi_tx:u_tx|hdmi_tx_pdiff_submodule:u_ser|data_in_reg[21] ; hdmi_tx:u_tx|hdmi_tx_pdiff_submodule:u_ser|ser_reg[21]                                                        ; u_pll|altpll_component|auto_generated|pll1|clk[0] ; u_pll|altpll_component|auto_generated|pll1|clk[1] ; -0.001       ; 0.093      ; 0.441      ;
; 0.245 ; hdmi_tx:u_tx|hdmi_tx_pdiff_submodule:u_ser|data_in_reg[20] ; hdmi_tx:u_tx|hdmi_tx_pdiff_submodule:u_ser|ser_reg[20]                                                        ; u_pll|altpll_component|auto_generated|pll1|clk[0] ; u_pll|altpll_component|auto_generated|pll1|clk[1] ; -0.001       ; 0.093      ; 0.441      ;
; 0.245 ; hdmi_tx:u_tx|hdmi_tx_pdiff_submodule:u_ser|data_in_reg[5]  ; hdmi_tx:u_tx|hdmi_tx_pdiff_submodule:u_ser|ser_reg[5]                                                         ; u_pll|altpll_component|auto_generated|pll1|clk[0] ; u_pll|altpll_component|auto_generated|pll1|clk[1] ; -0.001       ; 0.093      ; 0.441      ;
; 0.245 ; hdmi_tx:u_tx|hdmi_tx_pdiff_submodule:u_ser|data_in_reg[2]  ; hdmi_tx:u_tx|hdmi_tx_pdiff_submodule:u_ser|ser_reg[2]                                                         ; u_pll|altpll_component|auto_generated|pll1|clk[0] ; u_pll|altpll_component|auto_generated|pll1|clk[1] ; -0.001       ; 0.092      ; 0.440      ;
; 0.246 ; hdmi_tx:u_tx|hdmi_tx_pdiff_submodule:u_ser|data_in_reg[6]  ; hdmi_tx:u_tx|hdmi_tx_pdiff_submodule:u_ser|ser_reg[6]                                                         ; u_pll|altpll_component|auto_generated|pll1|clk[0] ; u_pll|altpll_component|auto_generated|pll1|clk[1] ; -0.001       ; 0.092      ; 0.441      ;
; 0.251 ; hdmi_tx:u_tx|hdmi_tx_pdiff_submodule:u_ser|data_in_reg[15] ; hdmi_tx:u_tx|hdmi_tx_pdiff_submodule:u_ser|ser_reg[15]                                                        ; u_pll|altpll_component|auto_generated|pll1|clk[0] ; u_pll|altpll_component|auto_generated|pll1|clk[1] ; -0.001       ; 0.086      ; 0.440      ;
; 0.251 ; hdmi_tx:u_tx|hdmi_tx_pdiff_submodule:u_ser|data_in_reg[10] ; hdmi_tx:u_tx|hdmi_tx_pdiff_submodule:u_ser|ser_reg[10]                                                        ; u_pll|altpll_component|auto_generated|pll1|clk[0] ; u_pll|altpll_component|auto_generated|pll1|clk[1] ; -0.001       ; 0.087      ; 0.441      ;
; 0.252 ; hdmi_tx:u_tx|hdmi_tx_pdiff_submodule:u_ser|ser_reg[26]     ; hdmi_tx:u_tx|hdmi_tx_pdiff_submodule:u_ser|ser_reg[24]                                                        ; u_pll|altpll_component|auto_generated|pll1|clk[1] ; u_pll|altpll_component|auto_generated|pll1|clk[1] ; 0.000        ; 0.037      ; 0.373      ;
; 0.253 ; hdmi_tx:u_tx|hdmi_tx_pdiff_submodule:u_ser|data_in_reg[11] ; hdmi_tx:u_tx|hdmi_tx_pdiff_submodule:u_ser|ser_reg[11]                                                        ; u_pll|altpll_component|auto_generated|pll1|clk[0] ; u_pll|altpll_component|auto_generated|pll1|clk[1] ; -0.001       ; 0.086      ; 0.442      ;
; 0.254 ; hdmi_tx:u_tx|hdmi_tx_pdiff_submodule:u_ser|ser_reg[16]     ; hdmi_tx:u_tx|hdmi_tx_pdiff_submodule:u_ser|ser_reg[14]                                                        ; u_pll|altpll_component|auto_generated|pll1|clk[1] ; u_pll|altpll_component|auto_generated|pll1|clk[1] ; 0.000        ; 0.036      ; 0.374      ;
; 0.255 ; hdmi_tx:u_tx|hdmi_tx_pdiff_submodule:u_ser|data_in_reg[22] ; hdmi_tx:u_tx|hdmi_tx_pdiff_submodule:u_ser|ser_reg[22]                                                        ; u_pll|altpll_component|auto_generated|pll1|clk[0] ; u_pll|altpll_component|auto_generated|pll1|clk[1] ; -0.001       ; 0.093      ; 0.451      ;
; 0.256 ; hdmi_tx:u_tx|hdmi_tx_pdiff_submodule:u_ser|ser_reg[9]      ; hdmi_tx:u_tx|hdmi_tx_pdiff_submodule:u_ser|ser_reg[7]                                                         ; u_pll|altpll_component|auto_generated|pll1|clk[1] ; u_pll|altpll_component|auto_generated|pll1|clk[1] ; 0.000        ; 0.036      ; 0.376      ;
; 0.259 ; hdmi_tx:u_tx|hdmi_tx_pdiff_submodule:u_ser|data_in_reg[27] ; hdmi_tx:u_tx|hdmi_tx_pdiff_submodule:u_ser|ser_reg[27]                                                        ; u_pll|altpll_component|auto_generated|pll1|clk[0] ; u_pll|altpll_component|auto_generated|pll1|clk[1] ; -0.001       ; 0.093      ; 0.455      ;
; 0.261 ; hdmi_tx:u_tx|hdmi_tx_pdiff_submodule:u_ser|start_reg[1]    ; hdmi_tx:u_tx|hdmi_tx_pdiff_submodule:u_ser|start_reg[0]                                                       ; u_pll|altpll_component|auto_generated|pll1|clk[1] ; u_pll|altpll_component|auto_generated|pll1|clk[1] ; 0.000        ; 0.037      ; 0.382      ;
; 0.262 ; hdmi_tx:u_tx|hdmi_tx_pdiff_submodule:u_ser|data_in_reg[12] ; hdmi_tx:u_tx|hdmi_tx_pdiff_submodule:u_ser|ser_reg[12]                                                        ; u_pll|altpll_component|auto_generated|pll1|clk[0] ; u_pll|altpll_component|auto_generated|pll1|clk[1] ; -0.001       ; 0.087      ; 0.452      ;
; 0.267 ; hdmi_tx:u_tx|hdmi_tx_pdiff_submodule:u_ser|data_in_reg[13] ; hdmi_tx:u_tx|hdmi_tx_pdiff_submodule:u_ser|ser_reg[13]                                                        ; u_pll|altpll_component|auto_generated|pll1|clk[0] ; u_pll|altpll_component|auto_generated|pll1|clk[1] ; -0.001       ; 0.086      ; 0.456      ;
; 0.268 ; hdmi_tx:u_tx|hdmi_tx_pdiff_submodule:u_ser|ser_reg[3]      ; hdmi_tx:u_tx|hdmi_tx_pdiff_submodule:u_ser|ser_reg[1]                                                         ; u_pll|altpll_component|auto_generated|pll1|clk[1] ; u_pll|altpll_component|auto_generated|pll1|clk[1] ; 0.000        ; 0.036      ; 0.388      ;
; 0.270 ; hdmi_tx:u_tx|hdmi_tx_pdiff_submodule:u_ser|ser_reg[30]     ; hdmi_tx:u_tx|hdmi_tx_pdiff_submodule:u_ser|data_n_reg[7]                                                      ; u_pll|altpll_component|auto_generated|pll1|clk[1] ; u_pll|altpll_component|auto_generated|pll1|clk[1] ; 0.000        ; 0.037      ; 0.391      ;
; 0.270 ; hdmi_tx:u_tx|hdmi_tx_pdiff_submodule:u_ser|ser_reg[30]     ; hdmi_tx:u_tx|hdmi_tx_pdiff_submodule:u_ser|data_p_reg[7]                                                      ; u_pll|altpll_component|auto_generated|pll1|clk[1] ; u_pll|altpll_component|auto_generated|pll1|clk[1] ; 0.000        ; 0.037      ; 0.391      ;
; 0.270 ; hdmi_tx:u_tx|hdmi_tx_pdiff_submodule:u_ser|ser_reg[7]      ; hdmi_tx:u_tx|hdmi_tx_pdiff_submodule:u_ser|ser_reg[5]                                                         ; u_pll|altpll_component|auto_generated|pll1|clk[1] ; u_pll|altpll_component|auto_generated|pll1|clk[1] ; 0.000        ; 0.038      ; 0.392      ;
; 0.271 ; hdmi_tx:u_tx|hdmi_tx_pdiff_submodule:u_ser|ser_reg[4]      ; hdmi_tx:u_tx|hdmi_tx_pdiff_submodule:u_ser|ser_reg[2]                                                         ; u_pll|altpll_component|auto_generated|pll1|clk[1] ; u_pll|altpll_component|auto_generated|pll1|clk[1] ; 0.000        ; 0.037      ; 0.392      ;
; 0.273 ; hdmi_tx:u_tx|hdmi_tx_pdiff_submodule:u_ser|ser_reg[24]     ; hdmi_tx:u_tx|hdmi_tx_pdiff_submodule:u_ser|ser_reg[22]                                                        ; u_pll|altpll_component|auto_generated|pll1|clk[1] ; u_pll|altpll_component|auto_generated|pll1|clk[1] ; 0.000        ; 0.037      ; 0.394      ;
; 0.279 ; hdmi_tx:u_tx|hdmi_tx_pdiff_submodule:u_ser|data_in_reg[24] ; hdmi_tx:u_tx|hdmi_tx_pdiff_submodule:u_ser|ser_reg[24]                                                        ; u_pll|altpll_component|auto_generated|pll1|clk[0] ; u_pll|altpll_component|auto_generated|pll1|clk[1] ; -0.001       ; 0.093      ; 0.475      ;
; 0.284 ; hdmi_tx:u_tx|hdmi_tx_pdiff_submodule:u_ser|data_in_reg[3]  ; hdmi_tx:u_tx|hdmi_tx_pdiff_submodule:u_ser|ser_reg[3]                                                         ; u_pll|altpll_component|auto_generated|pll1|clk[0] ; u_pll|altpll_component|auto_generated|pll1|clk[1] ; -0.001       ; 0.092      ; 0.479      ;
; 0.287 ; hdmi_tx:u_tx|hdmi_tx_pdiff_submodule:u_ser|data_in_reg[26] ; hdmi_tx:u_tx|hdmi_tx_pdiff_submodule:u_ser|ser_reg[26]                                                        ; u_pll|altpll_component|auto_generated|pll1|clk[0] ; u_pll|altpll_component|auto_generated|pll1|clk[1] ; -0.001       ; 0.093      ; 0.483      ;
; 0.287 ; hdmi_tx:u_tx|hdmi_tx_pdiff_submodule:u_ser|data_in_reg[1]  ; hdmi_tx:u_tx|hdmi_tx_pdiff_submodule:u_ser|ser_reg[1]                                                         ; u_pll|altpll_component|auto_generated|pll1|clk[0] ; u_pll|altpll_component|auto_generated|pll1|clk[1] ; -0.001       ; 0.092      ; 0.482      ;
; 0.292 ; hdmi_tx:u_tx|hdmi_tx_pdiff_submodule:u_ser|ser_reg[28]     ; hdmi_tx:u_tx|hdmi_tx_pdiff_submodule:u_ser|ser_reg[26]                                                        ; u_pll|altpll_component|auto_generated|pll1|clk[1] ; u_pll|altpll_component|auto_generated|pll1|clk[1] ; 0.000        ; 0.037      ; 0.413      ;
; 0.293 ; hdmi_tx:u_tx|hdmi_tx_pdiff_submodule:u_ser|ser_reg[25]     ; hdmi_tx:u_tx|hdmi_tx_pdiff_submodule:u_ser|ser_reg[23]                                                        ; u_pll|altpll_component|auto_generated|pll1|clk[1] ; u_pll|altpll_component|auto_generated|pll1|clk[1] ; 0.000        ; 0.037      ; 0.414      ;
; 0.294 ; hdmi_tx:u_tx|hdmi_tx_pdiff_submodule:u_ser|data_in_reg[14] ; hdmi_tx:u_tx|hdmi_tx_pdiff_submodule:u_ser|ser_reg[14]                                                        ; u_pll|altpll_component|auto_generated|pll1|clk[0] ; u_pll|altpll_component|auto_generated|pll1|clk[1] ; -0.001       ; 0.086      ; 0.483      ;
; 0.294 ; hdmi_tx:u_tx|hdmi_tx_pdiff_submodule:u_ser|ser_reg[15]     ; hdmi_tx:u_tx|hdmi_tx_pdiff_submodule:u_ser|ser_reg[13]                                                        ; u_pll|altpll_component|auto_generated|pll1|clk[1] ; u_pll|altpll_component|auto_generated|pll1|clk[1] ; 0.000        ; 0.036      ; 0.414      ;
; 0.295 ; hdmi_tx:u_tx|hdmi_tx_pdiff_submodule:u_ser|ser_reg[19]     ; hdmi_tx:u_tx|hdmi_tx_pdiff_submodule:u_ser|ser_reg[17]                                                        ; u_pll|altpll_component|auto_generated|pll1|clk[1] ; u_pll|altpll_component|auto_generated|pll1|clk[1] ; 0.000        ; 0.036      ; 0.415      ;
; 0.295 ; hdmi_tx:u_tx|hdmi_tx_pdiff_submodule:u_ser|ser_reg[12]     ; hdmi_tx:u_tx|hdmi_tx_pdiff_submodule:u_ser|ser_reg[10]                                                        ; u_pll|altpll_component|auto_generated|pll1|clk[1] ; u_pll|altpll_component|auto_generated|pll1|clk[1] ; 0.000        ; 0.036      ; 0.415      ;
; 0.296 ; hdmi_tx:u_tx|hdmi_tx_pdiff_submodule:u_ser|ser_reg[17]     ; hdmi_tx:u_tx|hdmi_tx_pdiff_submodule:u_ser|ser_reg[15]                                                        ; u_pll|altpll_component|auto_generated|pll1|clk[1] ; u_pll|altpll_component|auto_generated|pll1|clk[1] ; 0.000        ; 0.036      ; 0.416      ;
; 0.296 ; hdmi_tx:u_tx|hdmi_tx_pdiff_submodule:u_ser|ser_reg[18]     ; hdmi_tx:u_tx|hdmi_tx_pdiff_submodule:u_ser|ser_reg[16]                                                        ; u_pll|altpll_component|auto_generated|pll1|clk[1] ; u_pll|altpll_component|auto_generated|pll1|clk[1] ; 0.000        ; 0.036      ; 0.416      ;
; 0.297 ; hdmi_tx:u_tx|hdmi_tx_pdiff_submodule:u_ser|ser_reg[13]     ; hdmi_tx:u_tx|hdmi_tx_pdiff_submodule:u_ser|ser_reg[11]                                                        ; u_pll|altpll_component|auto_generated|pll1|clk[1] ; u_pll|altpll_component|auto_generated|pll1|clk[1] ; 0.000        ; 0.036      ; 0.417      ;
; 0.297 ; hdmi_tx:u_tx|hdmi_tx_pdiff_submodule:u_ser|start_reg[3]    ; hdmi_tx:u_tx|hdmi_tx_pdiff_submodule:u_ser|start_reg[2]                                                       ; u_pll|altpll_component|auto_generated|pll1|clk[1] ; u_pll|altpll_component|auto_generated|pll1|clk[1] ; 0.000        ; 0.036      ; 0.417      ;
; 0.299 ; hdmi_tx:u_tx|hdmi_tx_pdiff_submodule:u_ser|data_in_reg[4]  ; hdmi_tx:u_tx|hdmi_tx_pdiff_submodule:u_ser|ser_reg[4]                                                         ; u_pll|altpll_component|auto_generated|pll1|clk[0] ; u_pll|altpll_component|auto_generated|pll1|clk[1] ; -0.001       ; 0.092      ; 0.494      ;
; 0.300 ; hdmi_tx:u_tx|hdmi_tx_pdiff_submodule:u_ser|data_in_reg[0]  ; hdmi_tx:u_tx|hdmi_tx_pdiff_submodule:u_ser|ser_reg[0]                                                         ; u_pll|altpll_component|auto_generated|pll1|clk[0] ; u_pll|altpll_component|auto_generated|pll1|clk[1] ; -0.001       ; 0.092      ; 0.495      ;
; 0.316 ; hdmi_tx:u_tx|hdmi_tx_pdiff_submodule:u_ser|data_in_reg[17] ; hdmi_tx:u_tx|hdmi_tx_pdiff_submodule:u_ser|ser_reg[17]                                                        ; u_pll|altpll_component|auto_generated|pll1|clk[0] ; u_pll|altpll_component|auto_generated|pll1|clk[1] ; -0.001       ; 0.086      ; 0.505      ;
; 0.317 ; hdmi_tx:u_tx|hdmi_tx_pdiff_submodule:u_ser|data_in_reg[16] ; hdmi_tx:u_tx|hdmi_tx_pdiff_submodule:u_ser|ser_reg[16]                                                        ; u_pll|altpll_component|auto_generated|pll1|clk[0] ; u_pll|altpll_component|auto_generated|pll1|clk[1] ; -0.001       ; 0.086      ; 0.506      ;
; 0.323 ; hdmi_tx:u_tx|hdmi_tx_pdiff_submodule:u_ser|start_reg[0]    ; hdmi_tx:u_tx|hdmi_tx_pdiff_submodule:u_ser|ser_reg[6]                                                         ; u_pll|altpll_component|auto_generated|pll1|clk[1] ; u_pll|altpll_component|auto_generated|pll1|clk[1] ; 0.000        ; 0.036      ; 0.443      ;
; 0.324 ; hdmi_tx:u_tx|hdmi_tx_pdiff_submodule:u_ser|start_reg[0]    ; hdmi_tx:u_tx|hdmi_tx_pdiff_submodule:u_ser|ser_reg[2]                                                         ; u_pll|altpll_component|auto_generated|pll1|clk[1] ; u_pll|altpll_component|auto_generated|pll1|clk[1] ; 0.000        ; 0.036      ; 0.444      ;
; 0.350 ; hdmi_tx:u_tx|hdmi_tx_pdiff_submodule:u_ser|data_in_reg[23] ; hdmi_tx:u_tx|hdmi_tx_pdiff_submodule:u_ser|ser_reg[23]                                                        ; u_pll|altpll_component|auto_generated|pll1|clk[0] ; u_pll|altpll_component|auto_generated|pll1|clk[1] ; -0.001       ; 0.093      ; 0.546      ;
; 0.378 ; hdmi_tx:u_tx|hdmi_tx_pdiff_submodule:u_ser|ser_reg[2]      ; hdmi_tx:u_tx|hdmi_tx_pdiff_submodule:u_ser|ser_reg[0]                                                         ; u_pll|altpll_component|auto_generated|pll1|clk[1] ; u_pll|altpll_component|auto_generated|pll1|clk[1] ; 0.000        ; 0.036      ; 0.498      ;
; 0.379 ; hdmi_tx:u_tx|hdmi_tx_pdiff_submodule:u_ser|start_reg[0]    ; hdmi_tx:u_tx|hdmi_tx_pdiff_submodule:u_ser|start_reg[1]                                                       ; u_pll|altpll_component|auto_generated|pll1|clk[1] ; u_pll|altpll_component|auto_generated|pll1|clk[1] ; 0.000        ; 0.036      ; 0.499      ;
; 0.385 ; hdmi_tx:u_tx|hdmi_tx_pdiff_submodule:u_ser|start_reg[0]    ; hdmi_tx:u_tx|hdmi_tx_pdiff_submodule:u_ser|ser_reg[4]                                                         ; u_pll|altpll_component|auto_generated|pll1|clk[1] ; u_pll|altpll_component|auto_generated|pll1|clk[1] ; 0.000        ; 0.036      ; 0.505      ;
; 0.386 ; hdmi_tx:u_tx|hdmi_tx_pdiff_submodule:u_ser|start_reg[0]    ; hdmi_tx:u_tx|hdmi_tx_pdiff_submodule:u_ser|ser_reg[3]                                                         ; u_pll|altpll_component|auto_generated|pll1|clk[1] ; u_pll|altpll_component|auto_generated|pll1|clk[1] ; 0.000        ; 0.036      ; 0.506      ;
; 0.388 ; hdmi_tx:u_tx|hdmi_tx_pdiff_submodule:u_ser|start_reg[0]    ; hdmi_tx:u_tx|hdmi_tx_pdiff_submodule:u_ser|ser_reg[0]                                                         ; u_pll|altpll_component|auto_generated|pll1|clk[1] ; u_pll|altpll_component|auto_generated|pll1|clk[1] ; 0.000        ; 0.036      ; 0.508      ;
; 0.393 ; hdmi_tx:u_tx|hdmi_tx_pdiff_submodule:u_ser|data_in_reg[7]  ; hdmi_tx:u_tx|hdmi_tx_pdiff_submodule:u_ser|ser_reg[7]                                                         ; u_pll|altpll_component|auto_generated|pll1|clk[0] ; u_pll|altpll_component|auto_generated|pll1|clk[1] ; -0.001       ; 0.091      ; 0.587      ;
; 0.409 ; hdmi_tx:u_tx|hdmi_tx_pdiff_submodule:u_ser|start_reg[2]    ; hdmi_tx:u_tx|hdmi_tx_pdiff_submodule:u_ser|start_reg[1]                                                       ; u_pll|altpll_component|auto_generated|pll1|clk[1] ; u_pll|altpll_component|auto_generated|pll1|clk[1] ; 0.000        ; 0.041      ; 0.534      ;
; 0.420 ; hdmi_tx:u_tx|hdmi_tx_pdiff_submodule:u_ser|ser_reg[10]     ; hdmi_tx:u_tx|hdmi_tx_pdiff_submodule:u_ser|data_n_reg[5]                                                      ; u_pll|altpll_component|auto_generated|pll1|clk[1] ; u_pll|altpll_component|auto_generated|pll1|clk[1] ; 0.000        ; 0.039      ; 0.543      ;
; 0.420 ; hdmi_tx:u_tx|hdmi_tx_pdiff_submodule:u_ser|ser_reg[10]     ; hdmi_tx:u_tx|hdmi_tx_pdiff_submodule:u_ser|data_p_reg[5]                                                      ; u_pll|altpll_component|auto_generated|pll1|clk[1] ; u_pll|altpll_component|auto_generated|pll1|clk[1] ; 0.000        ; 0.039      ; 0.543      ;
; 0.426 ; hdmi_tx:u_tx|hdmi_tx_pdiff_submodule:u_ser|ser_reg[0]      ; hdmi_tx:u_tx|hdmi_tx_pdiff_submodule:u_ser|data_p_reg[4]                                                      ; u_pll|altpll_component|auto_generated|pll1|clk[1] ; u_pll|altpll_component|auto_generated|pll1|clk[1] ; 0.000        ; 0.033      ; 0.543      ;
; 0.435 ; hdmi_tx:u_tx|hdmi_tx_pdiff_submodule:u_ser|start_reg[0]    ; hdmi_tx:u_tx|hdmi_tx_pdiff_submodule:u_ser|ser_reg[5]                                                         ; u_pll|altpll_component|auto_generated|pll1|clk[1] ; u_pll|altpll_component|auto_generated|pll1|clk[1] ; 0.000        ; 0.036      ; 0.555      ;
; 0.437 ; hdmi_tx:u_tx|hdmi_tx_pdiff_submodule:u_ser|ser_reg[11]     ; hdmi_tx:u_tx|hdmi_tx_pdiff_submodule:u_ser|data_p_reg[1]                                                      ; u_pll|altpll_component|auto_generated|pll1|clk[1] ; u_pll|altpll_component|auto_generated|pll1|clk[1] ; 0.000        ; 0.040      ; 0.561      ;
; 0.438 ; hdmi_tx:u_tx|hdmi_tx_pdiff_submodule:u_ser|ser_reg[11]     ; hdmi_tx:u_tx|hdmi_tx_pdiff_submodule:u_ser|data_n_reg[1]                                                      ; u_pll|altpll_component|auto_generated|pll1|clk[1] ; u_pll|altpll_component|auto_generated|pll1|clk[1] ; 0.000        ; 0.040      ; 0.562      ;
; 0.460 ; hdmi_tx:u_tx|hdmi_tx_pdiff_submodule:u_ser|start_reg[0]    ; hdmi_tx:u_tx|hdmi_tx_pdiff_submodule:u_ser|ser_reg[17]                                                        ; u_pll|altpll_component|auto_generated|pll1|clk[1] ; u_pll|altpll_component|auto_generated|pll1|clk[1] ; 0.000        ; 0.029      ; 0.573      ;
; 0.460 ; hdmi_tx:u_tx|hdmi_tx_pdiff_submodule:u_ser|start_reg[0]    ; hdmi_tx:u_tx|hdmi_tx_pdiff_submodule:u_ser|ser_reg[10]                                                        ; u_pll|altpll_component|auto_generated|pll1|clk[1] ; u_pll|altpll_component|auto_generated|pll1|clk[1] ; 0.000        ; 0.033      ; 0.577      ;
; 0.460 ; hdmi_tx:u_tx|hdmi_tx_pdiff_submodule:u_ser|start_reg[0]    ; hdmi_tx:u_tx|hdmi_tx_pdiff_submodule:u_ser|ser_reg[16]                                                        ; u_pll|altpll_component|auto_generated|pll1|clk[1] ; u_pll|altpll_component|auto_generated|pll1|clk[1] ; 0.000        ; 0.029      ; 0.573      ;
; 0.462 ; hdmi_tx:u_tx|hdmi_tx_pdiff_submodule:u_ser|start_reg[0]    ; hdmi_tx:u_tx|hdmi_tx_pdiff_submodule:u_ser|ser_reg[12]                                                        ; u_pll|altpll_component|auto_generated|pll1|clk[1] ; u_pll|altpll_component|auto_generated|pll1|clk[1] ; 0.000        ; 0.033      ; 0.579      ;
; 0.462 ; hdmi_tx:u_tx|hdmi_tx_pdiff_submodule:u_ser|start_reg[0]    ; hdmi_tx:u_tx|hdmi_tx_pdiff_submodule:u_ser|ser_reg[13]                                                        ; u_pll|altpll_component|auto_generated|pll1|clk[1] ; u_pll|altpll_component|auto_generated|pll1|clk[1] ; 0.000        ; 0.029      ; 0.575      ;
; 0.464 ; hdmi_tx:u_tx|hdmi_tx_pdiff_submodule:u_ser|start_reg[0]    ; hdmi_tx:u_tx|hdmi_tx_pdiff_submodule:u_ser|ser_reg[15]                                                        ; u_pll|altpll_component|auto_generated|pll1|clk[1] ; u_pll|altpll_component|auto_generated|pll1|clk[1] ; 0.000        ; 0.029      ; 0.577      ;
; 0.467 ; hdmi_tx:u_tx|hdmi_tx_pdiff_submodule:u_ser|data_p_reg[4]   ; hdmi_tx:u_tx|hdmi_tx_pdiff_submodule:u_ser|altddio_out:u_ddo_p|ddio_out_s9j:auto_generated|ddio_outa[0]~DFFHI ; u_pll|altpll_component|auto_generated|pll1|clk[1] ; u_pll|altpll_component|auto_generated|pll1|clk[1] ; 0.000        ; 0.017      ; 0.541      ;
; 0.467 ; hdmi_tx:u_tx|hdmi_tx_pdiff_submodule:u_ser|start_reg[0]    ; hdmi_tx:u_tx|hdmi_tx_pdiff_submodule:u_ser|ser_reg[11]                                                        ; u_pll|altpll_component|auto_generated|pll1|clk[1] ; u_pll|altpll_component|auto_generated|pll1|clk[1] ; 0.000        ; 0.029      ; 0.580      ;
; 0.480 ; hdmi_tx:u_tx|hdmi_tx_pdiff_submodule:u_ser|start_reg[0]    ; hdmi_tx:u_tx|hdmi_tx_pdiff_submodule:u_ser|ser_reg[34]                                                        ; u_pll|altpll_component|auto_generated|pll1|clk[1] ; u_pll|altpll_component|auto_generated|pll1|clk[1] ; 0.000        ; 0.035      ; 0.599      ;
; 0.482 ; hdmi_tx:u_tx|hdmi_tx_pdiff_submodule:u_ser|start_reg[0]    ; hdmi_tx:u_tx|hdmi_tx_pdiff_submodule:u_ser|ser_reg[36]                                                        ; u_pll|altpll_component|auto_generated|pll1|clk[1] ; u_pll|altpll_component|auto_generated|pll1|clk[1] ; 0.000        ; 0.035      ; 0.601      ;
; 0.484 ; hdmi_tx:u_tx|hdmi_tx_pdiff_submodule:u_ser|start_reg[0]    ; hdmi_tx:u_tx|hdmi_tx_pdiff_submodule:u_ser|ser_reg[1]                                                         ; u_pll|altpll_component|auto_generated|pll1|clk[1] ; u_pll|altpll_component|auto_generated|pll1|clk[1] ; 0.000        ; 0.035      ; 0.603      ;
; 0.485 ; hdmi_tx:u_tx|hdmi_tx_pdiff_submodule:u_ser|start_reg[0]    ; hdmi_tx:u_tx|hdmi_tx_pdiff_submodule:u_ser|ser_reg[32]                                                        ; u_pll|altpll_component|auto_generated|pll1|clk[1] ; u_pll|altpll_component|auto_generated|pll1|clk[1] ; 0.000        ; 0.035      ; 0.604      ;
; 0.486 ; hdmi_tx:u_tx|hdmi_tx_pdiff_submodule:u_ser|start_reg[0]    ; hdmi_tx:u_tx|hdmi_tx_pdiff_submodule:u_ser|ser_reg[7]                                                         ; u_pll|altpll_component|auto_generated|pll1|clk[1] ; u_pll|altpll_component|auto_generated|pll1|clk[1] ; 0.000        ; 0.035      ; 0.605      ;
; 0.487 ; hdmi_tx:u_tx|hdmi_tx_pdiff_submodule:u_ser|start_reg[0]    ; hdmi_tx:u_tx|hdmi_tx_pdiff_submodule:u_ser|ser_reg[30]                                                        ; u_pll|altpll_component|auto_generated|pll1|clk[1] ; u_pll|altpll_component|auto_generated|pll1|clk[1] ; 0.000        ; 0.035      ; 0.606      ;
; 0.490 ; hdmi_tx:u_tx|hdmi_tx_pdiff_submodule:u_ser|ser_reg[6]      ; hdmi_tx:u_tx|hdmi_tx_pdiff_submodule:u_ser|ser_reg[4]                                                         ; u_pll|altpll_component|auto_generated|pll1|clk[1] ; u_pll|altpll_component|auto_generated|pll1|clk[1] ; 0.000        ; 0.036      ; 0.610      ;
; 0.497 ; hdmi_tx:u_tx|hdmi_tx_pdiff_submodule:u_ser|data_p_reg[1]   ; hdmi_tx:u_tx|hdmi_tx_pdiff_submodule:u_ser|altddio_out:u_ddo_p|ddio_out_s9j:auto_generated|ddio_outa[1]~DFFLO ; u_pll|altpll_component|auto_generated|pll1|clk[1] ; u_pll|altpll_component|auto_generated|pll1|clk[1] ; 0.000        ; 0.015      ; 0.568      ;
+-------+------------------------------------------------------------+---------------------------------------------------------------------------------------------------------------+---------------------------------------------------+---------------------------------------------------+--------------+------------+------------+


----------------------------------------------
; Fast 1200mV 0C Model Metastability Summary ;
----------------------------------------------
The design MTBF is not calculated because there are no specified synchronizers in the design.
Number of Synchronizer Chains Found: 1
Shortest Synchronizer Chain: 2 Registers
Fraction of Chains for which MTBFs Could Not be Calculated: 1.000
Worst Case Available Settling Time: 24.587 ns




+---------------------------------------------------------------------------------------------------------------+
; Multicorner Timing Analysis Summary                                                                           ;
+----------------------------------------------------+-------+-------+----------+---------+---------------------+
; Clock                                              ; Setup ; Hold  ; Recovery ; Removal ; Minimum Pulse Width ;
+----------------------------------------------------+-------+-------+----------+---------+---------------------+
; Worst-case Slack                                   ; 0.798 ; 0.139 ; N/A      ; N/A     ; 0.692               ;
;  CLOCK_50                                          ; N/A   ; N/A   ; N/A      ; N/A     ; 9.416               ;
;  EXTCLK_48                                         ; N/A   ; N/A   ; N/A      ; N/A     ; 16.833              ;
;  u_pll|altpll_component|auto_generated|pll1|clk[0] ; 5.790 ; 0.139 ; N/A      ; N/A     ; 6.468               ;
;  u_pll|altpll_component|auto_generated|pll1|clk[1] ; 0.798 ; 0.184 ; N/A      ; N/A     ; 0.692               ;
; Design-wide TNS                                    ; 0.0   ; 0.0   ; 0.0      ; 0.0     ; 0.0                 ;
;  CLOCK_50                                          ; N/A   ; N/A   ; N/A      ; N/A     ; 0.000               ;
;  EXTCLK_48                                         ; N/A   ; N/A   ; N/A      ; N/A     ; 0.000               ;
;  u_pll|altpll_component|auto_generated|pll1|clk[0] ; 0.000 ; 0.000 ; N/A      ; N/A     ; 0.000               ;
;  u_pll|altpll_component|auto_generated|pll1|clk[1] ; 0.000 ; 0.000 ; N/A      ; N/A     ; 0.000               ;
+----------------------------------------------------+-------+-------+----------+---------+---------------------+


+-------------------------------------------------------------------------------------------------------------------------------------------------------------------------------------------------------------------------------------------------------------------------------------------------------------------------------------------------------------------------------------------------------------------+
; Board Trace Model Assignments                                                                                                                                                                                                                                                                                                                                                                                     ;
+----------------+--------------+-------------------+-------------------------+-------------------------+---------------+---------------------+----------------+------------------+--------+------------------+------------------------+------------------------+--------------+---------------+-----------------+-------+---------------------+--------------------+---------------+-----------------+-------------+
; Pin            ; I/O Standard ; Near Tline Length ; Near Tline L per Length ; Near Tline C per Length ; Near Series R ; Near Differential R ; Near Pull-up R ; Near Pull-down R ; Near C ; Far Tline Length ; Far Tline L per Length ; Far Tline C per Length ; Far Series R ; Far Pull-up R ; Far Pull-down R ; Far C ; Termination Voltage ; Far Differential R ; EBD File Name ; EBD Signal Name ; EBD Far-end ;
+----------------+--------------+-------------------+-------------------------+-------------------------+---------------+---------------------+----------------+------------------+--------+------------------+------------------------+------------------------+--------------+---------------+-----------------+-------+---------------------+--------------------+---------------+-----------------+-------------+
; LED[0]         ; 3.3-V LVTTL  ; 0 in              ; 0 H/in                  ; 0 F/in                  ; short         ; -                   ; open           ; open             ; open   ; 0 in             ; 0 H/in                 ; 0 F/in                 ; short        ; open          ; open            ; open  ; 0 V                 ; -                  ; n/a           ; n/a             ; n/a         ;
; LED[1]         ; 3.3-V LVTTL  ; 0 in              ; 0 H/in                  ; 0 F/in                  ; short         ; -                   ; open           ; open             ; open   ; 0 in             ; 0 H/in                 ; 0 F/in                 ; short        ; open          ; open            ; open  ; 0 V                 ; -                  ; n/a           ; n/a             ; n/a         ;
; LED[2]         ; 3.3-V LVTTL  ; 0 in              ; 0 H/in                  ; 0 F/in                  ; short         ; -                   ; open           ; open             ; open   ; 0 in             ; 0 H/in                 ; 0 F/in                 ; short        ; open          ; open            ; open  ; 0 V                 ; -                  ; n/a           ; n/a             ; n/a         ;
; LED[3]         ; 3.3-V LVTTL  ; 0 in              ; 0 H/in                  ; 0 F/in                  ; short         ; -                   ; open           ; open             ; open   ; 0 in             ; 0 H/in                 ; 0 F/in                 ; short        ; open          ; open            ; open  ; 0 V                 ; -                  ; n/a           ; n/a             ; n/a         ;
; LED[4]         ; 3.3-V LVTTL  ; 0 in              ; 0 H/in                  ; 0 F/in                  ; short         ; -                   ; open           ; open             ; open   ; 0 in             ; 0 H/in                 ; 0 F/in                 ; short        ; open          ; open            ; open  ; 0 V                 ; -                  ; n/a           ; n/a             ; n/a         ;
; LED[5]         ; 3.3-V LVTTL  ; 0 in              ; 0 H/in                  ; 0 F/in                  ; short         ; -                   ; open           ; open             ; open   ; 0 in             ; 0 H/in                 ; 0 F/in                 ; short        ; open          ; open            ; open  ; 0 V                 ; -                  ; n/a           ; n/a             ; n/a         ;
; LED[6]         ; 3.3-V LVTTL  ; 0 in              ; 0 H/in                  ; 0 F/in                  ; short         ; -                   ; open           ; open             ; open   ; 0 in             ; 0 H/in                 ; 0 F/in                 ; short        ; open          ; open            ; open  ; 0 V                 ; -                  ; n/a           ; n/a             ; n/a         ;
; LED[7]         ; 3.3-V LVTTL  ; 0 in              ; 0 H/in                  ; 0 F/in                  ; short         ; -                   ; open           ; open             ; open   ; 0 in             ; 0 H/in                 ; 0 F/in                 ; short        ; open          ; open            ; open  ; 0 V                 ; -                  ; n/a           ; n/a             ; n/a         ;
; EPCS_NCSO      ; 3.3-V LVTTL  ; 0 in              ; 0 H/in                  ; 0 F/in                  ; short         ; -                   ; open           ; open             ; open   ; 0 in             ; 0 H/in                 ; 0 F/in                 ; short        ; open          ; open            ; open  ; 0 V                 ; -                  ; n/a           ; n/a             ; n/a         ;
; EPCS_DCLK      ; 3.3-V LVTTL  ; 0 in              ; 0 H/in                  ; 0 F/in                  ; short         ; -                   ; open           ; open             ; open   ; 0 in             ; 0 H/in                 ; 0 F/in                 ; short        ; open          ; open            ; open  ; 0 V                 ; -                  ; n/a           ; n/a             ; n/a         ;
; EPCS_ASDO      ; 3.3-V LVTTL  ; 0 in              ; 0 H/in                  ; 0 F/in                  ; short         ; -                   ; open           ; open             ; open   ; 0 in             ; 0 H/in                 ; 0 F/in                 ; short        ; open          ; open            ; open  ; 0 V                 ; -                  ; n/a           ; n/a             ; n/a         ;
; DRAMCLK_OUT    ; 3.3-V LVTTL  ; 0 in              ; 0 H/in                  ; 0 F/in                  ; short         ; -                   ; open           ; open             ; open   ; 0 in             ; 0 H/in                 ; 0 F/in                 ; short        ; open          ; open            ; open  ; 0 V                 ; -                  ; n/a           ; n/a             ; n/a         ;
; DRAM_CKE       ; 3.3-V LVTTL  ; 0 in              ; 0 H/in                  ; 0 F/in                  ; short         ; -                   ; open           ; open             ; open   ; 0 in             ; 0 H/in                 ; 0 F/in                 ; short        ; open          ; open            ; open  ; 0 V                 ; -                  ; n/a           ; n/a             ; n/a         ;
; DRAM_CS_N      ; 3.3-V LVTTL  ; 0 in              ; 0 H/in                  ; 0 F/in                  ; short         ; -                   ; open           ; open             ; open   ; 0 in             ; 0 H/in                 ; 0 F/in                 ; short        ; open          ; open            ; open  ; 0 V                 ; -                  ; n/a           ; n/a             ; n/a         ;
; DRAM_RAS_N     ; 3.3-V LVTTL  ; 0 in              ; 0 H/in                  ; 0 F/in                  ; short         ; -                   ; open           ; open             ; open   ; 0 in             ; 0 H/in                 ; 0 F/in                 ; short        ; open          ; open            ; open  ; 0 V                 ; -                  ; n/a           ; n/a             ; n/a         ;
; DRAM_CAS_N     ; 3.3-V LVTTL  ; 0 in              ; 0 H/in                  ; 0 F/in                  ; short         ; -                   ; open           ; open             ; open   ; 0 in             ; 0 H/in                 ; 0 F/in                 ; short        ; open          ; open            ; open  ; 0 V                 ; -                  ; n/a           ; n/a             ; n/a         ;
; DRAM_WE_N      ; 3.3-V LVTTL  ; 0 in              ; 0 H/in                  ; 0 F/in                  ; short         ; -                   ; open           ; open             ; open   ; 0 in             ; 0 H/in                 ; 0 F/in                 ; short        ; open          ; open            ; open  ; 0 V                 ; -                  ; n/a           ; n/a             ; n/a         ;
; DRAM_ADDR[0]   ; 3.3-V LVTTL  ; 0 in              ; 0 H/in                  ; 0 F/in                  ; short         ; -                   ; open           ; open             ; open   ; 0 in             ; 0 H/in                 ; 0 F/in                 ; short        ; open          ; open            ; open  ; 0 V                 ; -                  ; n/a           ; n/a             ; n/a         ;
; DRAM_ADDR[1]   ; 3.3-V LVTTL  ; 0 in              ; 0 H/in                  ; 0 F/in                  ; short         ; -                   ; open           ; open             ; open   ; 0 in             ; 0 H/in                 ; 0 F/in                 ; short        ; open          ; open            ; open  ; 0 V                 ; -                  ; n/a           ; n/a             ; n/a         ;
; DRAM_ADDR[2]   ; 3.3-V LVTTL  ; 0 in              ; 0 H/in                  ; 0 F/in                  ; short         ; -                   ; open           ; open             ; open   ; 0 in             ; 0 H/in                 ; 0 F/in                 ; short        ; open          ; open            ; open  ; 0 V                 ; -                  ; n/a           ; n/a             ; n/a         ;
; DRAM_ADDR[3]   ; 3.3-V LVTTL  ; 0 in              ; 0 H/in                  ; 0 F/in                  ; short         ; -                   ; open           ; open             ; open   ; 0 in             ; 0 H/in                 ; 0 F/in                 ; short        ; open          ; open            ; open  ; 0 V                 ; -                  ; n/a           ; n/a             ; n/a         ;
; DRAM_ADDR[4]   ; 3.3-V LVTTL  ; 0 in              ; 0 H/in                  ; 0 F/in                  ; short         ; -                   ; open           ; open             ; open   ; 0 in             ; 0 H/in                 ; 0 F/in                 ; short        ; open          ; open            ; open  ; 0 V                 ; -                  ; n/a           ; n/a             ; n/a         ;
; DRAM_ADDR[5]   ; 3.3-V LVTTL  ; 0 in              ; 0 H/in                  ; 0 F/in                  ; short         ; -                   ; open           ; open             ; open   ; 0 in             ; 0 H/in                 ; 0 F/in                 ; short        ; open          ; open            ; open  ; 0 V                 ; -                  ; n/a           ; n/a             ; n/a         ;
; DRAM_ADDR[6]   ; 3.3-V LVTTL  ; 0 in              ; 0 H/in                  ; 0 F/in                  ; short         ; -                   ; open           ; open             ; open   ; 0 in             ; 0 H/in                 ; 0 F/in                 ; short        ; open          ; open            ; open  ; 0 V                 ; -                  ; n/a           ; n/a             ; n/a         ;
; DRAM_ADDR[7]   ; 3.3-V LVTTL  ; 0 in              ; 0 H/in                  ; 0 F/in                  ; short         ; -                   ; open           ; open             ; open   ; 0 in             ; 0 H/in                 ; 0 F/in                 ; short        ; open          ; open            ; open  ; 0 V                 ; -                  ; n/a           ; n/a             ; n/a         ;
; DRAM_ADDR[8]   ; 3.3-V LVTTL  ; 0 in              ; 0 H/in                  ; 0 F/in                  ; short         ; -                   ; open           ; open             ; open   ; 0 in             ; 0 H/in                 ; 0 F/in                 ; short        ; open          ; open            ; open  ; 0 V                 ; -                  ; n/a           ; n/a             ; n/a         ;
; DRAM_ADDR[9]   ; 3.3-V LVTTL  ; 0 in              ; 0 H/in                  ; 0 F/in                  ; short         ; -                   ; open           ; open             ; open   ; 0 in             ; 0 H/in                 ; 0 F/in                 ; short        ; open          ; open            ; open  ; 0 V                 ; -                  ; n/a           ; n/a             ; n/a         ;
; DRAM_ADDR[10]  ; 3.3-V LVTTL  ; 0 in              ; 0 H/in                  ; 0 F/in                  ; short         ; -                   ; open           ; open             ; open   ; 0 in             ; 0 H/in                 ; 0 F/in                 ; short        ; open          ; open            ; open  ; 0 V                 ; -                  ; n/a           ; n/a             ; n/a         ;
; DRAM_ADDR[11]  ; 3.3-V LVTTL  ; 0 in              ; 0 H/in                  ; 0 F/in                  ; short         ; -                   ; open           ; open             ; open   ; 0 in             ; 0 H/in                 ; 0 F/in                 ; short        ; open          ; open            ; open  ; 0 V                 ; -                  ; n/a           ; n/a             ; n/a         ;
; DRAM_ADDR[12]  ; 3.3-V LVTTL  ; 0 in              ; 0 H/in                  ; 0 F/in                  ; short         ; -                   ; open           ; open             ; open   ; 0 in             ; 0 H/in                 ; 0 F/in                 ; short        ; open          ; open            ; open  ; 0 V                 ; -                  ; n/a           ; n/a             ; n/a         ;
; DRAM_BA[0]     ; 3.3-V LVTTL  ; 0 in              ; 0 H/in                  ; 0 F/in                  ; short         ; -                   ; open           ; open             ; open   ; 0 in             ; 0 H/in                 ; 0 F/in                 ; short        ; open          ; open            ; open  ; 0 V                 ; -                  ; n/a           ; n/a             ; n/a         ;
; DRAM_BA[1]     ; 3.3-V LVTTL  ; 0 in              ; 0 H/in                  ; 0 F/in                  ; short         ; -                   ; open           ; open             ; open   ; 0 in             ; 0 H/in                 ; 0 F/in                 ; short        ; open          ; open            ; open  ; 0 V                 ; -                  ; n/a           ; n/a             ; n/a         ;
; DRAM_DQM[0]    ; 3.3-V LVTTL  ; 0 in              ; 0 H/in                  ; 0 F/in                  ; short         ; -                   ; open           ; open             ; open   ; 0 in             ; 0 H/in                 ; 0 F/in                 ; short        ; open          ; open            ; open  ; 0 V                 ; -                  ; n/a           ; n/a             ; n/a         ;
; DRAM_DQM[1]    ; 3.3-V LVTTL  ; 0 in              ; 0 H/in                  ; 0 F/in                  ; short         ; -                   ; open           ; open             ; open   ; 0 in             ; 0 H/in                 ; 0 F/in                 ; short        ; open          ; open            ; open  ; 0 V                 ; -                  ; n/a           ; n/a             ; n/a         ;
; TMDS_DATA[0]   ; 3.3-V LVTTL  ; 0 in              ; 0 H/in                  ; 0 F/in                  ; short         ; -                   ; open           ; open             ; open   ; 0 in             ; 0 H/in                 ; 0 F/in                 ; short        ; open          ; open            ; open  ; 0 V                 ; -                  ; n/a           ; n/a             ; n/a         ;
; TMDS_DATA[1]   ; 3.3-V LVTTL  ; 0 in              ; 0 H/in                  ; 0 F/in                  ; short         ; -                   ; open           ; open             ; open   ; 0 in             ; 0 H/in                 ; 0 F/in                 ; short        ; open          ; open            ; open  ; 0 V                 ; -                  ; n/a           ; n/a             ; n/a         ;
; TMDS_DATA[2]   ; 3.3-V LVTTL  ; 0 in              ; 0 H/in                  ; 0 F/in                  ; short         ; -                   ; open           ; open             ; open   ; 0 in             ; 0 H/in                 ; 0 F/in                 ; short        ; open          ; open            ; open  ; 0 V                 ; -                  ; n/a           ; n/a             ; n/a         ;
; TMDS_DATA_N[0] ; 3.3-V LVTTL  ; 0 in              ; 0 H/in                  ; 0 F/in                  ; short         ; -                   ; open           ; open             ; open   ; 0 in             ; 0 H/in                 ; 0 F/in                 ; short        ; open          ; open            ; open  ; 0 V                 ; -                  ; n/a           ; n/a             ; n/a         ;
; TMDS_DATA_N[1] ; 3.3-V LVTTL  ; 0 in              ; 0 H/in                  ; 0 F/in                  ; short         ; -                   ; open           ; open             ; open   ; 0 in             ; 0 H/in                 ; 0 F/in                 ; short        ; open          ; open            ; open  ; 0 V                 ; -                  ; n/a           ; n/a             ; n/a         ;
; TMDS_DATA_N[2] ; 3.3-V LVTTL  ; 0 in              ; 0 H/in                  ; 0 F/in                  ; short         ; -                   ; open           ; open             ; open   ; 0 in             ; 0 H/in                 ; 0 F/in                 ; short        ; open          ; open            ; open  ; 0 V                 ; -                  ; n/a           ; n/a             ; n/a         ;
; TMDS_CLOCK     ; 3.3-V LVTTL  ; 0 in              ; 0 H/in                  ; 0 F/in                  ; short         ; -                   ; open           ; open             ; open   ; 0 in             ; 0 H/in                 ; 0 F/in                 ; short        ; open          ; open            ; open  ; 0 V                 ; -                  ; n/a           ; n/a             ; n/a         ;
; TMDS_CLOCK_N   ; 3.3-V LVTTL  ; 0 in              ; 0 H/in                  ; 0 F/in                  ; short         ; -                   ; open           ; open             ; open   ; 0 in             ; 0 H/in                 ; 0 F/in                 ; short        ; open          ; open            ; open  ; 0 V                 ; -                  ; n/a           ; n/a             ; n/a         ;
; SD_CLK         ; 3.3-V LVTTL  ; 0 in              ; 0 H/in                  ; 0 F/in                  ; short         ; -                   ; open           ; open             ; open   ; 0 in             ; 0 H/in                 ; 0 F/in                 ; short        ; open          ; open            ; open  ; 0 V                 ; -                  ; n/a           ; n/a             ; n/a         ;
; SD_CMD         ; 3.3-V LVTTL  ; 0 in              ; 0 H/in                  ; 0 F/in                  ; short         ; -                   ; open           ; open             ; open   ; 0 in             ; 0 H/in                 ; 0 F/in                 ; short        ; open          ; open            ; open  ; 0 V                 ; -                  ; n/a           ; n/a             ; n/a         ;
; SD_PWREN_N     ; 3.3-V LVTTL  ; 0 in              ; 0 H/in                  ; 0 F/in                  ; short         ; -                   ; open           ; open             ; open   ; 0 in             ; 0 H/in                 ; 0 F/in                 ; short        ; open          ; open            ; open  ; 0 V                 ; -                  ; n/a           ; n/a             ; n/a         ;
; USB_PWREN_N    ; 3.3-V LVTTL  ; 0 in              ; 0 H/in                  ; 0 F/in                  ; short         ; -                   ; open           ; open             ; open   ; 0 in             ; 0 H/in                 ; 0 F/in                 ; short        ; open          ; open            ; open  ; 0 V                 ; -                  ; n/a           ; n/a             ; n/a         ;
; AUD_L          ; 3.3-V LVTTL  ; 0 in              ; 0 H/in                  ; 0 F/in                  ; short         ; -                   ; open           ; open             ; open   ; 0 in             ; 0 H/in                 ; 0 F/in                 ; short        ; open          ; open            ; open  ; 0 V                 ; -                  ; n/a           ; n/a             ; n/a         ;
; AUD_R          ; 3.3-V LVTTL  ; 0 in              ; 0 H/in                  ; 0 F/in                  ; short         ; -                   ; open           ; open             ; open   ; 0 in             ; 0 H/in                 ; 0 F/in                 ; short        ; open          ; open            ; open  ; 0 V                 ; -                  ; n/a           ; n/a             ; n/a         ;
; ETH_SS_N       ; 3.3-V LVTTL  ; 0 in              ; 0 H/in                  ; 0 F/in                  ; short         ; -                   ; open           ; open             ; open   ; 0 in             ; 0 H/in                 ; 0 F/in                 ; short        ; open          ; open            ; open  ; 0 V                 ; -                  ; n/a           ; n/a             ; n/a         ;
; ETH_SCLK       ; 3.3-V LVTTL  ; 0 in              ; 0 H/in                  ; 0 F/in                  ; short         ; -                   ; open           ; open             ; open   ; 0 in             ; 0 H/in                 ; 0 F/in                 ; short        ; open          ; open            ; open  ; 0 V                 ; -                  ; n/a           ; n/a             ; n/a         ;
; ETH_MOSI       ; 3.3-V LVTTL  ; 0 in              ; 0 H/in                  ; 0 F/in                  ; short         ; -                   ; open           ; open             ; open   ; 0 in             ; 0 H/in                 ; 0 F/in                 ; short        ; open          ; open            ; open  ; 0 V                 ; -                  ; n/a           ; n/a             ; n/a         ;
; ETH_RST_N      ; 3.3-V LVTTL  ; 0 in              ; 0 H/in                  ; 0 F/in                  ; short         ; -                   ; open           ; open             ; open   ; 0 in             ; 0 H/in                 ; 0 F/in                 ; short        ; open          ; open            ; open  ; 0 V                 ; -                  ; n/a           ; n/a             ; n/a         ;
; LED_ACCESS     ; 3.3-V LVTTL  ; 0 in              ; 0 H/in                  ; 0 F/in                  ; short         ; -                   ; open           ; open             ; open   ; 0 in             ; 0 H/in                 ; 0 F/in                 ; short        ; open          ; open            ; open  ; 0 V                 ; -                  ; n/a           ; n/a             ; n/a         ;
; DRAM_DQ[0]     ; 3.3-V LVTTL  ; 0 in              ; 0 H/in                  ; 0 F/in                  ; short         ; -                   ; open           ; open             ; open   ; 0 in             ; 0 H/in                 ; 0 F/in                 ; short        ; open          ; open            ; open  ; 0 V                 ; -                  ; n/a           ; n/a             ; n/a         ;
; DRAM_DQ[1]     ; 3.3-V LVTTL  ; 0 in              ; 0 H/in                  ; 0 F/in                  ; short         ; -                   ; open           ; open             ; open   ; 0 in             ; 0 H/in                 ; 0 F/in                 ; short        ; open          ; open            ; open  ; 0 V                 ; -                  ; n/a           ; n/a             ; n/a         ;
; DRAM_DQ[2]     ; 3.3-V LVTTL  ; 0 in              ; 0 H/in                  ; 0 F/in                  ; short         ; -                   ; open           ; open             ; open   ; 0 in             ; 0 H/in                 ; 0 F/in                 ; short        ; open          ; open            ; open  ; 0 V                 ; -                  ; n/a           ; n/a             ; n/a         ;
; DRAM_DQ[3]     ; 3.3-V LVTTL  ; 0 in              ; 0 H/in                  ; 0 F/in                  ; short         ; -                   ; open           ; open             ; open   ; 0 in             ; 0 H/in                 ; 0 F/in                 ; short        ; open          ; open            ; open  ; 0 V                 ; -                  ; n/a           ; n/a             ; n/a         ;
; DRAM_DQ[4]     ; 3.3-V LVTTL  ; 0 in              ; 0 H/in                  ; 0 F/in                  ; short         ; -                   ; open           ; open             ; open   ; 0 in             ; 0 H/in                 ; 0 F/in                 ; short        ; open          ; open            ; open  ; 0 V                 ; -                  ; n/a           ; n/a             ; n/a         ;
; DRAM_DQ[5]     ; 3.3-V LVTTL  ; 0 in              ; 0 H/in                  ; 0 F/in                  ; short         ; -                   ; open           ; open             ; open   ; 0 in             ; 0 H/in                 ; 0 F/in                 ; short        ; open          ; open            ; open  ; 0 V                 ; -                  ; n/a           ; n/a             ; n/a         ;
; DRAM_DQ[6]     ; 3.3-V LVTTL  ; 0 in              ; 0 H/in                  ; 0 F/in                  ; short         ; -                   ; open           ; open             ; open   ; 0 in             ; 0 H/in                 ; 0 F/in                 ; short        ; open          ; open            ; open  ; 0 V                 ; -                  ; n/a           ; n/a             ; n/a         ;
; DRAM_DQ[7]     ; 3.3-V LVTTL  ; 0 in              ; 0 H/in                  ; 0 F/in                  ; short         ; -                   ; open           ; open             ; open   ; 0 in             ; 0 H/in                 ; 0 F/in                 ; short        ; open          ; open            ; open  ; 0 V                 ; -                  ; n/a           ; n/a             ; n/a         ;
; DRAM_DQ[8]     ; 3.3-V LVTTL  ; 0 in              ; 0 H/in                  ; 0 F/in                  ; short         ; -                   ; open           ; open             ; open   ; 0 in             ; 0 H/in                 ; 0 F/in                 ; short        ; open          ; open            ; open  ; 0 V                 ; -                  ; n/a           ; n/a             ; n/a         ;
; DRAM_DQ[9]     ; 3.3-V LVTTL  ; 0 in              ; 0 H/in                  ; 0 F/in                  ; short         ; -                   ; open           ; open             ; open   ; 0 in             ; 0 H/in                 ; 0 F/in                 ; short        ; open          ; open            ; open  ; 0 V                 ; -                  ; n/a           ; n/a             ; n/a         ;
; DRAM_DQ[10]    ; 3.3-V LVTTL  ; 0 in              ; 0 H/in                  ; 0 F/in                  ; short         ; -                   ; open           ; open             ; open   ; 0 in             ; 0 H/in                 ; 0 F/in                 ; short        ; open          ; open            ; open  ; 0 V                 ; -                  ; n/a           ; n/a             ; n/a         ;
; DRAM_DQ[11]    ; 3.3-V LVTTL  ; 0 in              ; 0 H/in                  ; 0 F/in                  ; short         ; -                   ; open           ; open             ; open   ; 0 in             ; 0 H/in                 ; 0 F/in                 ; short        ; open          ; open            ; open  ; 0 V                 ; -                  ; n/a           ; n/a             ; n/a         ;
; DRAM_DQ[12]    ; 3.3-V LVTTL  ; 0 in              ; 0 H/in                  ; 0 F/in                  ; short         ; -                   ; open           ; open             ; open   ; 0 in             ; 0 H/in                 ; 0 F/in                 ; short        ; open          ; open            ; open  ; 0 V                 ; -                  ; n/a           ; n/a             ; n/a         ;
; DRAM_DQ[13]    ; 3.3-V LVTTL  ; 0 in              ; 0 H/in                  ; 0 F/in                  ; short         ; -                   ; open           ; open             ; open   ; 0 in             ; 0 H/in                 ; 0 F/in                 ; short        ; open          ; open            ; open  ; 0 V                 ; -                  ; n/a           ; n/a             ; n/a         ;
; DRAM_DQ[14]    ; 3.3-V LVTTL  ; 0 in              ; 0 H/in                  ; 0 F/in                  ; short         ; -                   ; open           ; open             ; open   ; 0 in             ; 0 H/in                 ; 0 F/in                 ; short        ; open          ; open            ; open  ; 0 V                 ; -                  ; n/a           ; n/a             ; n/a         ;
; DRAM_DQ[15]    ; 3.3-V LVTTL  ; 0 in              ; 0 H/in                  ; 0 F/in                  ; short         ; -                   ; open           ; open             ; open   ; 0 in             ; 0 H/in                 ; 0 F/in                 ; short        ; open          ; open            ; open  ; 0 V                 ; -                  ; n/a           ; n/a             ; n/a         ;
; GPIO_0[0]      ; 3.3-V LVTTL  ; 0 in              ; 0 H/in                  ; 0 F/in                  ; short         ; -                   ; open           ; open             ; open   ; 0 in             ; 0 H/in                 ; 0 F/in                 ; short        ; open          ; open            ; open  ; 0 V                 ; -                  ; n/a           ; n/a             ; n/a         ;
; GPIO_0[1]      ; 3.3-V LVTTL  ; 0 in              ; 0 H/in                  ; 0 F/in                  ; short         ; -                   ; open           ; open             ; open   ; 0 in             ; 0 H/in                 ; 0 F/in                 ; short        ; open          ; open            ; open  ; 0 V                 ; -                  ; n/a           ; n/a             ; n/a         ;
; GPIO_0[2]      ; 3.3-V LVTTL  ; 0 in              ; 0 H/in                  ; 0 F/in                  ; short         ; -                   ; open           ; open             ; open   ; 0 in             ; 0 H/in                 ; 0 F/in                 ; short        ; open          ; open            ; open  ; 0 V                 ; -                  ; n/a           ; n/a             ; n/a         ;
; GPIO_0[3]      ; 3.3-V LVTTL  ; 0 in              ; 0 H/in                  ; 0 F/in                  ; short         ; -                   ; open           ; open             ; open   ; 0 in             ; 0 H/in                 ; 0 F/in                 ; short        ; open          ; open            ; open  ; 0 V                 ; -                  ; n/a           ; n/a             ; n/a         ;
; GPIO_0[4]      ; 3.3-V LVTTL  ; 0 in              ; 0 H/in                  ; 0 F/in                  ; short         ; -                   ; open           ; open             ; open   ; 0 in             ; 0 H/in                 ; 0 F/in                 ; short        ; open          ; open            ; open  ; 0 V                 ; -                  ; n/a           ; n/a             ; n/a         ;
; GPIO_0[5]      ; 3.3-V LVTTL  ; 0 in              ; 0 H/in                  ; 0 F/in                  ; short         ; -                   ; open           ; open             ; open   ; 0 in             ; 0 H/in                 ; 0 F/in                 ; short        ; open          ; open            ; open  ; 0 V                 ; -                  ; n/a           ; n/a             ; n/a         ;
; GPIO_0[6]      ; 3.3-V LVTTL  ; 0 in              ; 0 H/in                  ; 0 F/in                  ; short         ; -                   ; open           ; open             ; open   ; 0 in             ; 0 H/in                 ; 0 F/in                 ; short        ; open          ; open            ; open  ; 0 V                 ; -                  ; n/a           ; n/a             ; n/a         ;
; GPIO_0[7]      ; 3.3-V LVTTL  ; 0 in              ; 0 H/in                  ; 0 F/in                  ; short         ; -                   ; open           ; open             ; open   ; 0 in             ; 0 H/in                 ; 0 F/in                 ; short        ; open          ; open            ; open  ; 0 V                 ; -                  ; n/a           ; n/a             ; n/a         ;
; GPIO_0[8]      ; 3.3-V LVTTL  ; 0 in              ; 0 H/in                  ; 0 F/in                  ; short         ; -                   ; open           ; open             ; open   ; 0 in             ; 0 H/in                 ; 0 F/in                 ; short        ; open          ; open            ; open  ; 0 V                 ; -                  ; n/a           ; n/a             ; n/a         ;
; GPIO_0[9]      ; 3.3-V LVTTL  ; 0 in              ; 0 H/in                  ; 0 F/in                  ; short         ; -                   ; open           ; open             ; open   ; 0 in             ; 0 H/in                 ; 0 F/in                 ; short        ; open          ; open            ; open  ; 0 V                 ; -                  ; n/a           ; n/a             ; n/a         ;
; GPIO_0[10]     ; 3.3-V LVTTL  ; 0 in              ; 0 H/in                  ; 0 F/in                  ; short         ; -                   ; open           ; open             ; open   ; 0 in             ; 0 H/in                 ; 0 F/in                 ; short        ; open          ; open            ; open  ; 0 V                 ; -                  ; n/a           ; n/a             ; n/a         ;
; GPIO_0[11]     ; 3.3-V LVTTL  ; 0 in              ; 0 H/in                  ; 0 F/in                  ; short         ; -                   ; open           ; open             ; open   ; 0 in             ; 0 H/in                 ; 0 F/in                 ; short        ; open          ; open            ; open  ; 0 V                 ; -                  ; n/a           ; n/a             ; n/a         ;
; GPIO_0[12]     ; 3.3-V LVTTL  ; 0 in              ; 0 H/in                  ; 0 F/in                  ; short         ; -                   ; open           ; open             ; open   ; 0 in             ; 0 H/in                 ; 0 F/in                 ; short        ; open          ; open            ; open  ; 0 V                 ; -                  ; n/a           ; n/a             ; n/a         ;
; GPIO_0[13]     ; 3.3-V LVTTL  ; 0 in              ; 0 H/in                  ; 0 F/in                  ; short         ; -                   ; open           ; open             ; open   ; 0 in             ; 0 H/in                 ; 0 F/in                 ; short        ; open          ; open            ; open  ; 0 V                 ; -                  ; n/a           ; n/a             ; n/a         ;
; GPIO_0[14]     ; 3.3-V LVTTL  ; 0 in              ; 0 H/in                  ; 0 F/in                  ; short         ; -                   ; open           ; open             ; open   ; 0 in             ; 0 H/in                 ; 0 F/in                 ; short        ; open          ; open            ; open  ; 0 V                 ; -                  ; n/a           ; n/a             ; n/a         ;
; GPIO_0[15]     ; 3.3-V LVTTL  ; 0 in              ; 0 H/in                  ; 0 F/in                  ; short         ; -                   ; open           ; open             ; open   ; 0 in             ; 0 H/in                 ; 0 F/in                 ; short        ; open          ; open            ; open  ; 0 V                 ; -                  ; n/a           ; n/a             ; n/a         ;
; GPIO_0[16]     ; 3.3-V LVTTL  ; 0 in              ; 0 H/in                  ; 0 F/in                  ; short         ; -                   ; open           ; open             ; open   ; 0 in             ; 0 H/in                 ; 0 F/in                 ; short        ; open          ; open            ; open  ; 0 V                 ; -                  ; n/a           ; n/a             ; n/a         ;
; GPIO_0[17]     ; 3.3-V LVTTL  ; 0 in              ; 0 H/in                  ; 0 F/in                  ; short         ; -                   ; open           ; open             ; open   ; 0 in             ; 0 H/in                 ; 0 F/in                 ; short        ; open          ; open            ; open  ; 0 V                 ; -                  ; n/a           ; n/a             ; n/a         ;
; GPIO_0[18]     ; 3.3-V LVTTL  ; 0 in              ; 0 H/in                  ; 0 F/in                  ; short         ; -                   ; open           ; open             ; open   ; 0 in             ; 0 H/in                 ; 0 F/in                 ; short        ; open          ; open            ; open  ; 0 V                 ; -                  ; n/a           ; n/a             ; n/a         ;
; GPIO_0[19]     ; 3.3-V LVTTL  ; 0 in              ; 0 H/in                  ; 0 F/in                  ; short         ; -                   ; open           ; open             ; open   ; 0 in             ; 0 H/in                 ; 0 F/in                 ; short        ; open          ; open            ; open  ; 0 V                 ; -                  ; n/a           ; n/a             ; n/a         ;
; GPIO_0[20]     ; 3.3-V LVTTL  ; 0 in              ; 0 H/in                  ; 0 F/in                  ; short         ; -                   ; open           ; open             ; open   ; 0 in             ; 0 H/in                 ; 0 F/in                 ; short        ; open          ; open            ; open  ; 0 V                 ; -                  ; n/a           ; n/a             ; n/a         ;
; GPIO_0[21]     ; 3.3-V LVTTL  ; 0 in              ; 0 H/in                  ; 0 F/in                  ; short         ; -                   ; open           ; open             ; open   ; 0 in             ; 0 H/in                 ; 0 F/in                 ; short        ; open          ; open            ; open  ; 0 V                 ; -                  ; n/a           ; n/a             ; n/a         ;
; GPIO_0[22]     ; 3.3-V LVTTL  ; 0 in              ; 0 H/in                  ; 0 F/in                  ; short         ; -                   ; open           ; open             ; open   ; 0 in             ; 0 H/in                 ; 0 F/in                 ; short        ; open          ; open            ; open  ; 0 V                 ; -                  ; n/a           ; n/a             ; n/a         ;
; GPIO_0[23]     ; 3.3-V LVTTL  ; 0 in              ; 0 H/in                  ; 0 F/in                  ; short         ; -                   ; open           ; open             ; open   ; 0 in             ; 0 H/in                 ; 0 F/in                 ; short        ; open          ; open            ; open  ; 0 V                 ; -                  ; n/a           ; n/a             ; n/a         ;
; GPIO_0[24]     ; 3.3-V LVTTL  ; 0 in              ; 0 H/in                  ; 0 F/in                  ; short         ; -                   ; open           ; open             ; open   ; 0 in             ; 0 H/in                 ; 0 F/in                 ; short        ; open          ; open            ; open  ; 0 V                 ; -                  ; n/a           ; n/a             ; n/a         ;
; GPIO_0[25]     ; 3.3-V LVTTL  ; 0 in              ; 0 H/in                  ; 0 F/in                  ; short         ; -                   ; open           ; open             ; open   ; 0 in             ; 0 H/in                 ; 0 F/in                 ; short        ; open          ; open            ; open  ; 0 V                 ; -                  ; n/a           ; n/a             ; n/a         ;
; GPIO_0[26]     ; 3.3-V LVTTL  ; 0 in              ; 0 H/in                  ; 0 F/in                  ; short         ; -                   ; open           ; open             ; open   ; 0 in             ; 0 H/in                 ; 0 F/in                 ; short        ; open          ; open            ; open  ; 0 V                 ; -                  ; n/a           ; n/a             ; n/a         ;
; GPIO_0[27]     ; 3.3-V LVTTL  ; 0 in              ; 0 H/in                  ; 0 F/in                  ; short         ; -                   ; open           ; open             ; open   ; 0 in             ; 0 H/in                 ; 0 F/in                 ; short        ; open          ; open            ; open  ; 0 V                 ; -                  ; n/a           ; n/a             ; n/a         ;
; GPIO_0[28]     ; 3.3-V LVTTL  ; 0 in              ; 0 H/in                  ; 0 F/in                  ; short         ; -                   ; open           ; open             ; open   ; 0 in             ; 0 H/in                 ; 0 F/in                 ; short        ; open          ; open            ; open  ; 0 V                 ; -                  ; n/a           ; n/a             ; n/a         ;
; GPIO_0[29]     ; 3.3-V LVTTL  ; 0 in              ; 0 H/in                  ; 0 F/in                  ; short         ; -                   ; open           ; open             ; open   ; 0 in             ; 0 H/in                 ; 0 F/in                 ; short        ; open          ; open            ; open  ; 0 V                 ; -                  ; n/a           ; n/a             ; n/a         ;
; GPIO_0[30]     ; 3.3-V LVTTL  ; 0 in              ; 0 H/in                  ; 0 F/in                  ; short         ; -                   ; open           ; open             ; open   ; 0 in             ; 0 H/in                 ; 0 F/in                 ; short        ; open          ; open            ; open  ; 0 V                 ; -                  ; n/a           ; n/a             ; n/a         ;
; GPIO_0[31]     ; 3.3-V LVTTL  ; 0 in              ; 0 H/in                  ; 0 F/in                  ; short         ; -                   ; open           ; open             ; open   ; 0 in             ; 0 H/in                 ; 0 F/in                 ; short        ; open          ; open            ; open  ; 0 V                 ; -                  ; n/a           ; n/a             ; n/a         ;
; GPIO_0[32]     ; 3.3-V LVTTL  ; 0 in              ; 0 H/in                  ; 0 F/in                  ; short         ; -                   ; open           ; open             ; open   ; 0 in             ; 0 H/in                 ; 0 F/in                 ; short        ; open          ; open            ; open  ; 0 V                 ; -                  ; n/a           ; n/a             ; n/a         ;
; GPIO_0[33]     ; 3.3-V LVTTL  ; 0 in              ; 0 H/in                  ; 0 F/in                  ; short         ; -                   ; open           ; open             ; open   ; 0 in             ; 0 H/in                 ; 0 F/in                 ; short        ; open          ; open            ; open  ; 0 V                 ; -                  ; n/a           ; n/a             ; n/a         ;
; SD_DAT[0]      ; 3.3-V LVTTL  ; 0 in              ; 0 H/in                  ; 0 F/in                  ; short         ; -                   ; open           ; open             ; open   ; 0 in             ; 0 H/in                 ; 0 F/in                 ; short        ; open          ; open            ; open  ; 0 V                 ; -                  ; n/a           ; n/a             ; n/a         ;
; SD_DAT[1]      ; 3.3-V LVTTL  ; 0 in              ; 0 H/in                  ; 0 F/in                  ; short         ; -                   ; open           ; open             ; open   ; 0 in             ; 0 H/in                 ; 0 F/in                 ; short        ; open          ; open            ; open  ; 0 V                 ; -                  ; n/a           ; n/a             ; n/a         ;
; SD_DAT[2]      ; 3.3-V LVTTL  ; 0 in              ; 0 H/in                  ; 0 F/in                  ; short         ; -                   ; open           ; open             ; open   ; 0 in             ; 0 H/in                 ; 0 F/in                 ; short        ; open          ; open            ; open  ; 0 V                 ; -                  ; n/a           ; n/a             ; n/a         ;
; USB_DP         ; 3.3-V LVTTL  ; 0 in              ; 0 H/in                  ; 0 F/in                  ; short         ; -                   ; open           ; open             ; open   ; 0 in             ; 0 H/in                 ; 0 F/in                 ; short        ; open          ; open            ; open  ; 0 V                 ; -                  ; n/a           ; n/a             ; n/a         ;
; USB_DM         ; 3.3-V LVTTL  ; 0 in              ; 0 H/in                  ; 0 F/in                  ; short         ; -                   ; open           ; open             ; open   ; 0 in             ; 0 H/in                 ; 0 F/in                 ; short        ; open          ; open            ; open  ; 0 V                 ; -                  ; n/a           ; n/a             ; n/a         ;
; EDID_SCL       ; 3.3-V LVTTL  ; 0 in              ; 0 H/in                  ; 0 F/in                  ; short         ; -                   ; open           ; open             ; open   ; 0 in             ; 0 H/in                 ; 0 F/in                 ; short        ; open          ; open            ; open  ; 0 V                 ; -                  ; n/a           ; n/a             ; n/a         ;
; EDID_SDA       ; 3.3-V LVTTL  ; 0 in              ; 0 H/in                  ; 0 F/in                  ; short         ; -                   ; open           ; open             ; open   ; 0 in             ; 0 H/in                 ; 0 F/in                 ; short        ; open          ; open            ; open  ; 0 V                 ; -                  ; n/a           ; n/a             ; n/a         ;
; SD_DAT[3]      ; 3.3-V LVTTL  ; 0 in              ; 0 H/in                  ; 0 F/in                  ; short         ; -                   ; open           ; open             ; open   ; 0 in             ; 0 H/in                 ; 0 F/in                 ; short        ; open          ; open            ; open  ; 0 V                 ; -                  ; n/a           ; n/a             ; n/a         ;
; RESERVED_GND1  ; 3.3-V LVTTL  ; 0 in              ; 0 H/in                  ; 0 F/in                  ; short         ; -                   ; open           ; open             ; open   ; 0 in             ; 0 H/in                 ; 0 F/in                 ; short        ; open          ; open            ; open  ; 0 V                 ; -                  ; n/a           ; n/a             ; n/a         ;
; RESERVED_GND2  ; 3.3-V LVTTL  ; 0 in              ; 0 H/in                  ; 0 F/in                  ; short         ; -                   ; open           ; open             ; open   ; 0 in             ; 0 H/in                 ; 0 F/in                 ; short        ; open          ; open            ; open  ; 0 V                 ; -                  ; n/a           ; n/a             ; n/a         ;
; RESERVED_GND3  ; 3.3-V LVTTL  ; 0 in              ; 0 H/in                  ; 0 F/in                  ; short         ; -                   ; open           ; open             ; open   ; 0 in             ; 0 H/in                 ; 0 F/in                 ; short        ; open          ; open            ; open  ; 0 V                 ; -                  ; n/a           ; n/a             ; n/a         ;
; RESERVED_GND4  ; 3.3-V LVTTL  ; 0 in              ; 0 H/in                  ; 0 F/in                  ; short         ; -                   ; open           ; open             ; open   ; 0 in             ; 0 H/in                 ; 0 F/in                 ; short        ; open          ; open            ; open  ; 0 V                 ; -                  ; n/a           ; n/a             ; n/a         ;
+----------------+--------------+-------------------+-------------------------+-------------------------+---------------+---------------------+----------------+------------------+--------+------------------+------------------------+------------------------+--------------+---------------+-----------------+-------+---------------------+--------------------+---------------+-----------------+-------------+


+-----------------------------------------------------------------+
; Input Transition Times                                          ;
+--------------+--------------+-----------------+-----------------+
; Pin          ; I/O Standard ; 10-90 Rise Time ; 90-10 Fall Time ;
+--------------+--------------+-----------------+-----------------+
; EXTCLK_48    ; 3.3-V LVTTL  ; 2640 ps         ; 2640 ps         ;
; KEY[0]       ; 3.3-V LVTTL  ; 2640 ps         ; 2640 ps         ;
; KEY[1]       ; 3.3-V LVTTL  ; 2640 ps         ; 2640 ps         ;
; SW[0]        ; 3.3-V LVTTL  ; 2640 ps         ; 2640 ps         ;
; SW[1]        ; 3.3-V LVTTL  ; 2640 ps         ; 2640 ps         ;
; SW[2]        ; 3.3-V LVTTL  ; 2640 ps         ; 2640 ps         ;
; SW[3]        ; 3.3-V LVTTL  ; 2640 ps         ; 2640 ps         ;
; EPCS_DATA0   ; 3.3-V LVTTL  ; 2640 ps         ; 2640 ps         ;
; GPIO_0_IN[0] ; 3.3-V LVTTL  ; 2640 ps         ; 2640 ps         ;
; GPIO_0_IN[1] ; 3.3-V LVTTL  ; 2640 ps         ; 2640 ps         ;
; SD_CD_N      ; 3.3-V LVTTL  ; 2640 ps         ; 2640 ps         ;
; ETH_MISO     ; 3.3-V LVTTL  ; 2640 ps         ; 2640 ps         ;
; ETH_INT_N    ; 3.3-V LVTTL  ; 2640 ps         ; 2640 ps         ;
; DRAM_DQ[0]   ; 3.3-V LVTTL  ; 2640 ps         ; 2640 ps         ;
; DRAM_DQ[1]   ; 3.3-V LVTTL  ; 2640 ps         ; 2640 ps         ;
; DRAM_DQ[2]   ; 3.3-V LVTTL  ; 2640 ps         ; 2640 ps         ;
; DRAM_DQ[3]   ; 3.3-V LVTTL  ; 2640 ps         ; 2640 ps         ;
; DRAM_DQ[4]   ; 3.3-V LVTTL  ; 2640 ps         ; 2640 ps         ;
; DRAM_DQ[5]   ; 3.3-V LVTTL  ; 2640 ps         ; 2640 ps         ;
; DRAM_DQ[6]   ; 3.3-V LVTTL  ; 2640 ps         ; 2640 ps         ;
; DRAM_DQ[7]   ; 3.3-V LVTTL  ; 2640 ps         ; 2640 ps         ;
; DRAM_DQ[8]   ; 3.3-V LVTTL  ; 2640 ps         ; 2640 ps         ;
; DRAM_DQ[9]   ; 3.3-V LVTTL  ; 2640 ps         ; 2640 ps         ;
; DRAM_DQ[10]  ; 3.3-V LVTTL  ; 2640 ps         ; 2640 ps         ;
; DRAM_DQ[11]  ; 3.3-V LVTTL  ; 2640 ps         ; 2640 ps         ;
; DRAM_DQ[12]  ; 3.3-V LVTTL  ; 2640 ps         ; 2640 ps         ;
; DRAM_DQ[13]  ; 3.3-V LVTTL  ; 2640 ps         ; 2640 ps         ;
; DRAM_DQ[14]  ; 3.3-V LVTTL  ; 2640 ps         ; 2640 ps         ;
; DRAM_DQ[15]  ; 3.3-V LVTTL  ; 2640 ps         ; 2640 ps         ;
; GPIO_0[0]    ; 3.3-V LVTTL  ; 2640 ps         ; 2640 ps         ;
; GPIO_0[1]    ; 3.3-V LVTTL  ; 2640 ps         ; 2640 ps         ;
; GPIO_0[2]    ; 3.3-V LVTTL  ; 2640 ps         ; 2640 ps         ;
; GPIO_0[3]    ; 3.3-V LVTTL  ; 2640 ps         ; 2640 ps         ;
; GPIO_0[4]    ; 3.3-V LVTTL  ; 2640 ps         ; 2640 ps         ;
; GPIO_0[5]    ; 3.3-V LVTTL  ; 2640 ps         ; 2640 ps         ;
; GPIO_0[6]    ; 3.3-V LVTTL  ; 2640 ps         ; 2640 ps         ;
; GPIO_0[7]    ; 3.3-V LVTTL  ; 2640 ps         ; 2640 ps         ;
; GPIO_0[8]    ; 3.3-V LVTTL  ; 2640 ps         ; 2640 ps         ;
; GPIO_0[9]    ; 3.3-V LVTTL  ; 2640 ps         ; 2640 ps         ;
; GPIO_0[10]   ; 3.3-V LVTTL  ; 2640 ps         ; 2640 ps         ;
; GPIO_0[11]   ; 3.3-V LVTTL  ; 2640 ps         ; 2640 ps         ;
; GPIO_0[12]   ; 3.3-V LVTTL  ; 2640 ps         ; 2640 ps         ;
; GPIO_0[13]   ; 3.3-V LVTTL  ; 2640 ps         ; 2640 ps         ;
; GPIO_0[14]   ; 3.3-V LVTTL  ; 2640 ps         ; 2640 ps         ;
; GPIO_0[15]   ; 3.3-V LVTTL  ; 2640 ps         ; 2640 ps         ;
; GPIO_0[16]   ; 3.3-V LVTTL  ; 2640 ps         ; 2640 ps         ;
; GPIO_0[17]   ; 3.3-V LVTTL  ; 2640 ps         ; 2640 ps         ;
; GPIO_0[18]   ; 3.3-V LVTTL  ; 2640 ps         ; 2640 ps         ;
; GPIO_0[19]   ; 3.3-V LVTTL  ; 2640 ps         ; 2640 ps         ;
; GPIO_0[20]   ; 3.3-V LVTTL  ; 2640 ps         ; 2640 ps         ;
; GPIO_0[21]   ; 3.3-V LVTTL  ; 2640 ps         ; 2640 ps         ;
; GPIO_0[22]   ; 3.3-V LVTTL  ; 2640 ps         ; 2640 ps         ;
; GPIO_0[23]   ; 3.3-V LVTTL  ; 2640 ps         ; 2640 ps         ;
; GPIO_0[24]   ; 3.3-V LVTTL  ; 2640 ps         ; 2640 ps         ;
; GPIO_0[25]   ; 3.3-V LVTTL  ; 2640 ps         ; 2640 ps         ;
; GPIO_0[26]   ; 3.3-V LVTTL  ; 2640 ps         ; 2640 ps         ;
; GPIO_0[27]   ; 3.3-V LVTTL  ; 2640 ps         ; 2640 ps         ;
; GPIO_0[28]   ; 3.3-V LVTTL  ; 2640 ps         ; 2640 ps         ;
; GPIO_0[29]   ; 3.3-V LVTTL  ; 2640 ps         ; 2640 ps         ;
; GPIO_0[30]   ; 3.3-V LVTTL  ; 2640 ps         ; 2640 ps         ;
; GPIO_0[31]   ; 3.3-V LVTTL  ; 2640 ps         ; 2640 ps         ;
; GPIO_0[32]   ; 3.3-V LVTTL  ; 2640 ps         ; 2640 ps         ;
; GPIO_0[33]   ; 3.3-V LVTTL  ; 2640 ps         ; 2640 ps         ;
; SD_DAT[0]    ; 3.3-V LVTTL  ; 2640 ps         ; 2640 ps         ;
; SD_DAT[1]    ; 3.3-V LVTTL  ; 2640 ps         ; 2640 ps         ;
; SD_DAT[2]    ; 3.3-V LVTTL  ; 2640 ps         ; 2640 ps         ;
; USB_DP       ; 3.3-V LVTTL  ; 2640 ps         ; 2640 ps         ;
; USB_DM       ; 3.3-V LVTTL  ; 2640 ps         ; 2640 ps         ;
; EDID_SCL     ; 3.3-V LVTTL  ; 2640 ps         ; 2640 ps         ;
; EDID_SDA     ; 3.3-V LVTTL  ; 2640 ps         ; 2640 ps         ;
; SD_DAT[3]    ; 3.3-V LVTTL  ; 2640 ps         ; 2640 ps         ;
; DISP_HPD_N   ; 3.3-V LVTTL  ; 2640 ps         ; 2640 ps         ;
; CLOCK_50     ; 3.3-V LVTTL  ; 2640 ps         ; 2640 ps         ;
+--------------+--------------+-----------------+-----------------+


+---------------------------------------------------------------------------------------------------------------------------------------------------------------------------------------------------------------------------------------------------------------------------------------------------------------------------------------------------------------------------------------------------------------------------------------------------------------------------------------------------------------------------------------------------------------------------------------------------------------------------------------------------------------------------------------------+
; Signal Integrity Metrics (Slow 1200mv 0c Model)                                                                                                                                                                                                                                                                                                                                                                                                                                                                                                                                                                                                                                             ;
+----------------+--------------+---------------------+---------------------+------------------------------+------------------------------+---------------------+---------------------+--------------------------------------+--------------------------------------+-----------------------------+-----------------------------+----------------------------+----------------------------+-----------------------------+-----------------------------+--------------------+--------------------+-------------------------------------+-------------------------------------+----------------------------+----------------------------+---------------------------+---------------------------+
; Pin            ; I/O Standard ; Board Delay on Rise ; Board Delay on Fall ; Steady State Voh at FPGA Pin ; Steady State Vol at FPGA Pin ; Voh Max at FPGA Pin ; Vol Min at FPGA Pin ; Ringback Voltage on Rise at FPGA Pin ; Ringback Voltage on Fall at FPGA Pin ; 10-90 Rise Time at FPGA Pin ; 90-10 Fall Time at FPGA Pin ; Monotonic Rise at FPGA Pin ; Monotonic Fall at FPGA Pin ; Steady State Voh at Far-end ; Steady State Vol at Far-end ; Voh Max at Far-end ; Vol Min at Far-end ; Ringback Voltage on Rise at Far-end ; Ringback Voltage on Fall at Far-end ; 10-90 Rise Time at Far-end ; 90-10 Fall Time at Far-end ; Monotonic Rise at Far-end ; Monotonic Fall at Far-end ;
+----------------+--------------+---------------------+---------------------+------------------------------+------------------------------+---------------------+---------------------+--------------------------------------+--------------------------------------+-----------------------------+-----------------------------+----------------------------+----------------------------+-----------------------------+-----------------------------+--------------------+--------------------+-------------------------------------+-------------------------------------+----------------------------+----------------------------+---------------------------+---------------------------+
; LED[0]         ; 3.3-V LVTTL  ; 0 s                 ; 0 s                 ; 3.08 V                       ; 2.24e-08 V                   ; 3.14 V              ; -0.115 V            ; 0.31 V                               ; 0.241 V                              ; 5.06e-10 s                  ; 4.37e-10 s                  ; No                         ; No                         ; 3.08 V                      ; 2.24e-08 V                  ; 3.14 V             ; -0.115 V           ; 0.31 V                              ; 0.241 V                             ; 5.06e-10 s                 ; 4.37e-10 s                 ; No                        ; No                        ;
; LED[1]         ; 3.3-V LVTTL  ; 0 s                 ; 0 s                 ; 3.08 V                       ; 2.24e-08 V                   ; 3.14 V              ; -0.115 V            ; 0.31 V                               ; 0.241 V                              ; 5.06e-10 s                  ; 4.37e-10 s                  ; No                         ; No                         ; 3.08 V                      ; 2.24e-08 V                  ; 3.14 V             ; -0.115 V           ; 0.31 V                              ; 0.241 V                             ; 5.06e-10 s                 ; 4.37e-10 s                 ; No                        ; No                        ;
; LED[2]         ; 3.3-V LVTTL  ; 0 s                 ; 0 s                 ; 3.08 V                       ; 2.24e-08 V                   ; 3.14 V              ; -0.115 V            ; 0.31 V                               ; 0.241 V                              ; 5.06e-10 s                  ; 4.37e-10 s                  ; No                         ; No                         ; 3.08 V                      ; 2.24e-08 V                  ; 3.14 V             ; -0.115 V           ; 0.31 V                              ; 0.241 V                             ; 5.06e-10 s                 ; 4.37e-10 s                 ; No                        ; No                        ;
; LED[3]         ; 3.3-V LVTTL  ; 0 s                 ; 0 s                 ; 3.08 V                       ; 2.24e-08 V                   ; 3.14 V              ; -0.115 V            ; 0.31 V                               ; 0.241 V                              ; 5.06e-10 s                  ; 4.37e-10 s                  ; No                         ; No                         ; 3.08 V                      ; 2.24e-08 V                  ; 3.14 V             ; -0.115 V           ; 0.31 V                              ; 0.241 V                             ; 5.06e-10 s                 ; 4.37e-10 s                 ; No                        ; No                        ;
; LED[4]         ; 3.3-V LVTTL  ; 0 s                 ; 0 s                 ; 3.08 V                       ; 1.54e-08 V                   ; 3.14 V              ; -0.074 V            ; 0.343 V                              ; 0.194 V                              ; 7.35e-10 s                  ; 6.36e-10 s                  ; No                         ; No                         ; 3.08 V                      ; 1.54e-08 V                  ; 3.14 V             ; -0.074 V           ; 0.343 V                             ; 0.194 V                             ; 7.35e-10 s                 ; 6.36e-10 s                 ; No                        ; No                        ;
; LED[5]         ; 3.3-V LVTTL  ; 0 s                 ; 0 s                 ; 3.08 V                       ; 1.54e-08 V                   ; 3.09 V              ; -0.0119 V           ; 0.277 V                              ; 0.297 V                              ; 4.54e-09 s                  ; 3.32e-09 s                  ; No                         ; No                         ; 3.08 V                      ; 1.54e-08 V                  ; 3.09 V             ; -0.0119 V          ; 0.277 V                             ; 0.297 V                             ; 4.54e-09 s                 ; 3.32e-09 s                 ; No                        ; No                        ;
; LED[6]         ; 3.3-V LVTTL  ; 0 s                 ; 0 s                 ; 3.08 V                       ; 1.54e-08 V                   ; 3.16 V              ; -0.11 V             ; 0.302 V                              ; 0.22 V                               ; 4.82e-10 s                  ; 4.27e-10 s                  ; Yes                        ; No                         ; 3.08 V                      ; 1.54e-08 V                  ; 3.16 V             ; -0.11 V            ; 0.302 V                             ; 0.22 V                              ; 4.82e-10 s                 ; 4.27e-10 s                 ; Yes                       ; No                        ;
; LED[7]         ; 3.3-V LVTTL  ; 0 s                 ; 0 s                 ; 3.08 V                       ; 1.54e-08 V                   ; 3.09 V              ; -0.0119 V           ; 0.277 V                              ; 0.297 V                              ; 4.54e-09 s                  ; 3.32e-09 s                  ; No                         ; No                         ; 3.08 V                      ; 1.54e-08 V                  ; 3.09 V             ; -0.0119 V          ; 0.277 V                             ; 0.297 V                             ; 4.54e-09 s                 ; 3.32e-09 s                 ; No                        ; No                        ;
; EPCS_NCSO      ; 3.3-V LVTTL  ; 0 s                 ; 0 s                 ; 3.08 V                       ; 3.51e-08 V                   ; 3.1 V               ; -0.0261 V           ; 0.227 V                              ; 0.278 V                              ; 1.5e-09 s                   ; 1.32e-09 s                  ; Yes                        ; Yes                        ; 3.08 V                      ; 3.51e-08 V                  ; 3.1 V              ; -0.0261 V          ; 0.227 V                             ; 0.278 V                             ; 1.5e-09 s                  ; 1.32e-09 s                 ; Yes                       ; Yes                       ;
; EPCS_DCLK      ; 3.3-V LVTTL  ; 0 s                 ; 0 s                 ; 3.08 V                       ; 8.05e-09 V                   ; 3.21 V              ; -0.181 V            ; 0.16 V                               ; 0.253 V                              ; 2.77e-10 s                  ; 2.32e-10 s                  ; No                         ; Yes                        ; 3.08 V                      ; 8.05e-09 V                  ; 3.21 V             ; -0.181 V           ; 0.16 V                              ; 0.253 V                             ; 2.77e-10 s                 ; 2.32e-10 s                 ; No                        ; Yes                       ;
; EPCS_ASDO      ; 3.3-V LVTTL  ; 0 s                 ; 0 s                 ; 3.08 V                       ; 3.51e-08 V                   ; 3.1 V               ; -0.0261 V           ; 0.227 V                              ; 0.278 V                              ; 1.5e-09 s                   ; 1.32e-09 s                  ; Yes                        ; Yes                        ; 3.08 V                      ; 3.51e-08 V                  ; 3.1 V              ; -0.0261 V          ; 0.227 V                             ; 0.278 V                             ; 1.5e-09 s                  ; 1.32e-09 s                 ; Yes                       ; Yes                       ;
; DRAMCLK_OUT    ; 3.3-V LVTTL  ; 0 s                 ; 0 s                 ; 3.08 V                       ; 2.24e-08 V                   ; 3.14 V              ; -0.115 V            ; 0.31 V                               ; 0.241 V                              ; 5.06e-10 s                  ; 4.37e-10 s                  ; No                         ; No                         ; 3.08 V                      ; 2.24e-08 V                  ; 3.14 V             ; -0.115 V           ; 0.31 V                              ; 0.241 V                             ; 5.06e-10 s                 ; 4.37e-10 s                 ; No                        ; No                        ;
; DRAM_CKE       ; 3.3-V LVTTL  ; 0 s                 ; 0 s                 ; 3.08 V                       ; 4.01e-08 V                   ; 3.09 V              ; -0.0319 V           ; 0.103 V                              ; 0.142 V                              ; 1.14e-09 s                  ; 7.97e-10 s                  ; Yes                        ; No                         ; 3.08 V                      ; 4.01e-08 V                  ; 3.09 V             ; -0.0319 V          ; 0.103 V                             ; 0.142 V                             ; 1.14e-09 s                 ; 7.97e-10 s                 ; Yes                       ; No                        ;
; DRAM_CS_N      ; 3.3-V LVTTL  ; 0 s                 ; 0 s                 ; 3.08 V                       ; 4.01e-08 V                   ; 3.08 V              ; -0.00307 V          ; 0.12 V                               ; 0.248 V                              ; 9.14e-09 s                  ; 6.09e-09 s                  ; Yes                        ; Yes                        ; 3.08 V                      ; 4.01e-08 V                  ; 3.08 V             ; -0.00307 V         ; 0.12 V                              ; 0.248 V                             ; 9.14e-09 s                 ; 6.09e-09 s                 ; Yes                       ; Yes                       ;
; DRAM_RAS_N     ; 3.3-V LVTTL  ; 0 s                 ; 0 s                 ; 3.08 V                       ; 2.78e-08 V                   ; 3.09 V              ; -0.0289 V           ; 0.208 V                              ; 0.229 V                              ; 1.63e-09 s                  ; 1.09e-09 s                  ; Yes                        ; Yes                        ; 3.08 V                      ; 2.78e-08 V                  ; 3.09 V             ; -0.0289 V          ; 0.208 V                             ; 0.229 V                             ; 1.63e-09 s                 ; 1.09e-09 s                 ; Yes                       ; Yes                       ;
; DRAM_CAS_N     ; 3.3-V LVTTL  ; 0 s                 ; 0 s                 ; 3.08 V                       ; 2.78e-08 V                   ; 3.09 V              ; -0.0289 V           ; 0.208 V                              ; 0.229 V                              ; 1.63e-09 s                  ; 1.09e-09 s                  ; Yes                        ; Yes                        ; 3.08 V                      ; 2.78e-08 V                  ; 3.09 V             ; -0.0289 V          ; 0.208 V                             ; 0.229 V                             ; 1.63e-09 s                 ; 1.09e-09 s                 ; Yes                       ; Yes                       ;
; DRAM_WE_N      ; 3.3-V LVTTL  ; 0 s                 ; 0 s                 ; 3.08 V                       ; 2.78e-08 V                   ; 3.09 V              ; -0.0289 V           ; 0.208 V                              ; 0.229 V                              ; 1.63e-09 s                  ; 1.09e-09 s                  ; Yes                        ; Yes                        ; 3.08 V                      ; 2.78e-08 V                  ; 3.09 V             ; -0.0289 V          ; 0.208 V                             ; 0.229 V                             ; 1.63e-09 s                 ; 1.09e-09 s                 ; Yes                       ; Yes                       ;
; DRAM_ADDR[0]   ; 3.3-V LVTTL  ; 0 s                 ; 0 s                 ; 3.08 V                       ; 2.78e-08 V                   ; 3.09 V              ; -0.0289 V           ; 0.208 V                              ; 0.229 V                              ; 1.63e-09 s                  ; 1.09e-09 s                  ; Yes                        ; Yes                        ; 3.08 V                      ; 2.78e-08 V                  ; 3.09 V             ; -0.0289 V          ; 0.208 V                             ; 0.229 V                             ; 1.63e-09 s                 ; 1.09e-09 s                 ; Yes                       ; Yes                       ;
; DRAM_ADDR[1]   ; 3.3-V LVTTL  ; 0 s                 ; 0 s                 ; 3.08 V                       ; 4.01e-08 V                   ; 3.09 V              ; -0.0319 V           ; 0.103 V                              ; 0.142 V                              ; 1.14e-09 s                  ; 7.97e-10 s                  ; Yes                        ; No                         ; 3.08 V                      ; 4.01e-08 V                  ; 3.09 V             ; -0.0319 V          ; 0.103 V                             ; 0.142 V                             ; 1.14e-09 s                 ; 7.97e-10 s                 ; Yes                       ; No                        ;
; DRAM_ADDR[2]   ; 3.3-V LVTTL  ; 0 s                 ; 0 s                 ; 3.08 V                       ; 4.01e-08 V                   ; 3.09 V              ; -0.0319 V           ; 0.103 V                              ; 0.142 V                              ; 1.14e-09 s                  ; 7.97e-10 s                  ; Yes                        ; No                         ; 3.08 V                      ; 4.01e-08 V                  ; 3.09 V             ; -0.0319 V          ; 0.103 V                             ; 0.142 V                             ; 1.14e-09 s                 ; 7.97e-10 s                 ; Yes                       ; No                        ;
; DRAM_ADDR[3]   ; 3.3-V LVTTL  ; 0 s                 ; 0 s                 ; 3.08 V                       ; 4.01e-08 V                   ; 3.09 V              ; -0.0319 V           ; 0.103 V                              ; 0.142 V                              ; 1.14e-09 s                  ; 7.97e-10 s                  ; Yes                        ; No                         ; 3.08 V                      ; 4.01e-08 V                  ; 3.09 V             ; -0.0319 V          ; 0.103 V                             ; 0.142 V                             ; 1.14e-09 s                 ; 7.97e-10 s                 ; Yes                       ; No                        ;
; DRAM_ADDR[4]   ; 3.3-V LVTTL  ; 0 s                 ; 0 s                 ; 3.08 V                       ; 4.01e-08 V                   ; 3.09 V              ; -0.0319 V           ; 0.103 V                              ; 0.142 V                              ; 1.14e-09 s                  ; 7.97e-10 s                  ; Yes                        ; No                         ; 3.08 V                      ; 4.01e-08 V                  ; 3.09 V             ; -0.0319 V          ; 0.103 V                             ; 0.142 V                             ; 1.14e-09 s                 ; 7.97e-10 s                 ; Yes                       ; No                        ;
; DRAM_ADDR[5]   ; 3.3-V LVTTL  ; 0 s                 ; 0 s                 ; 3.08 V                       ; 4.01e-08 V                   ; 3.09 V              ; -0.0319 V           ; 0.103 V                              ; 0.142 V                              ; 1.14e-09 s                  ; 7.97e-10 s                  ; Yes                        ; No                         ; 3.08 V                      ; 4.01e-08 V                  ; 3.09 V             ; -0.0319 V          ; 0.103 V                             ; 0.142 V                             ; 1.14e-09 s                 ; 7.97e-10 s                 ; Yes                       ; No                        ;
; DRAM_ADDR[6]   ; 3.3-V LVTTL  ; 0 s                 ; 0 s                 ; 3.08 V                       ; 4.01e-08 V                   ; 3.09 V              ; -0.0319 V           ; 0.103 V                              ; 0.142 V                              ; 1.14e-09 s                  ; 7.97e-10 s                  ; Yes                        ; No                         ; 3.08 V                      ; 4.01e-08 V                  ; 3.09 V             ; -0.0319 V          ; 0.103 V                             ; 0.142 V                             ; 1.14e-09 s                 ; 7.97e-10 s                 ; Yes                       ; No                        ;
; DRAM_ADDR[7]   ; 3.3-V LVTTL  ; 0 s                 ; 0 s                 ; 3.08 V                       ; 4.01e-08 V                   ; 3.09 V              ; -0.0319 V           ; 0.103 V                              ; 0.142 V                              ; 1.14e-09 s                  ; 7.97e-10 s                  ; Yes                        ; No                         ; 3.08 V                      ; 4.01e-08 V                  ; 3.09 V             ; -0.0319 V          ; 0.103 V                             ; 0.142 V                             ; 1.14e-09 s                 ; 7.97e-10 s                 ; Yes                       ; No                        ;
; DRAM_ADDR[8]   ; 3.3-V LVTTL  ; 0 s                 ; 0 s                 ; 3.08 V                       ; 2.78e-08 V                   ; 3.1 V               ; -0.0353 V           ; 0.155 V                              ; 0.289 V                              ; 1.09e-09 s                  ; 6.95e-10 s                  ; Yes                        ; Yes                        ; 3.08 V                      ; 2.78e-08 V                  ; 3.1 V              ; -0.0353 V          ; 0.155 V                             ; 0.289 V                             ; 1.09e-09 s                 ; 6.95e-10 s                 ; Yes                       ; Yes                       ;
; DRAM_ADDR[9]   ; 3.3-V LVTTL  ; 0 s                 ; 0 s                 ; 3.08 V                       ; 2.78e-08 V                   ; 3.09 V              ; -0.0289 V           ; 0.208 V                              ; 0.229 V                              ; 1.63e-09 s                  ; 1.09e-09 s                  ; Yes                        ; Yes                        ; 3.08 V                      ; 2.78e-08 V                  ; 3.09 V             ; -0.0289 V          ; 0.208 V                             ; 0.229 V                             ; 1.63e-09 s                 ; 1.09e-09 s                 ; Yes                       ; Yes                       ;
; DRAM_ADDR[10]  ; 3.3-V LVTTL  ; 0 s                 ; 0 s                 ; 3.08 V                       ; 2.78e-08 V                   ; 3.09 V              ; -0.0289 V           ; 0.208 V                              ; 0.229 V                              ; 1.63e-09 s                  ; 1.09e-09 s                  ; Yes                        ; Yes                        ; 3.08 V                      ; 2.78e-08 V                  ; 3.09 V             ; -0.0289 V          ; 0.208 V                             ; 0.229 V                             ; 1.63e-09 s                 ; 1.09e-09 s                 ; Yes                       ; Yes                       ;
; DRAM_ADDR[11]  ; 3.3-V LVTTL  ; 0 s                 ; 0 s                 ; 3.08 V                       ; 2.78e-08 V                   ; 3.09 V              ; -0.0289 V           ; 0.208 V                              ; 0.229 V                              ; 1.63e-09 s                  ; 1.09e-09 s                  ; Yes                        ; Yes                        ; 3.08 V                      ; 2.78e-08 V                  ; 3.09 V             ; -0.0289 V          ; 0.208 V                             ; 0.229 V                             ; 1.63e-09 s                 ; 1.09e-09 s                 ; Yes                       ; Yes                       ;
; DRAM_ADDR[12]  ; 3.3-V LVTTL  ; 0 s                 ; 0 s                 ; 3.08 V                       ; 2.78e-08 V                   ; 3.1 V               ; -0.0353 V           ; 0.155 V                              ; 0.289 V                              ; 1.09e-09 s                  ; 6.95e-10 s                  ; Yes                        ; Yes                        ; 3.08 V                      ; 2.78e-08 V                  ; 3.1 V              ; -0.0353 V          ; 0.155 V                             ; 0.289 V                             ; 1.09e-09 s                 ; 6.95e-10 s                 ; Yes                       ; Yes                       ;
; DRAM_BA[0]     ; 3.3-V LVTTL  ; 0 s                 ; 0 s                 ; 3.08 V                       ; 4.01e-08 V                   ; 3.09 V              ; -0.0319 V           ; 0.103 V                              ; 0.142 V                              ; 1.14e-09 s                  ; 7.97e-10 s                  ; Yes                        ; No                         ; 3.08 V                      ; 4.01e-08 V                  ; 3.09 V             ; -0.0319 V          ; 0.103 V                             ; 0.142 V                             ; 1.14e-09 s                 ; 7.97e-10 s                 ; Yes                       ; No                        ;
; DRAM_BA[1]     ; 3.3-V LVTTL  ; 0 s                 ; 0 s                 ; 3.08 V                       ; 4.01e-08 V                   ; 3.09 V              ; -0.0319 V           ; 0.103 V                              ; 0.142 V                              ; 1.14e-09 s                  ; 7.97e-10 s                  ; Yes                        ; No                         ; 3.08 V                      ; 4.01e-08 V                  ; 3.09 V             ; -0.0319 V          ; 0.103 V                             ; 0.142 V                             ; 1.14e-09 s                 ; 7.97e-10 s                 ; Yes                       ; No                        ;
; DRAM_DQM[0]    ; 3.3-V LVTTL  ; 0 s                 ; 0 s                 ; 3.08 V                       ; 4.01e-08 V                   ; 3.09 V              ; -0.0319 V           ; 0.103 V                              ; 0.142 V                              ; 1.14e-09 s                  ; 7.97e-10 s                  ; Yes                        ; No                         ; 3.08 V                      ; 4.01e-08 V                  ; 3.09 V             ; -0.0319 V          ; 0.103 V                             ; 0.142 V                             ; 1.14e-09 s                 ; 7.97e-10 s                 ; Yes                       ; No                        ;
; DRAM_DQM[1]    ; 3.3-V LVTTL  ; 0 s                 ; 0 s                 ; 3.08 V                       ; 4.01e-08 V                   ; 3.09 V              ; -0.0319 V           ; 0.103 V                              ; 0.142 V                              ; 1.14e-09 s                  ; 7.97e-10 s                  ; Yes                        ; No                         ; 3.08 V                      ; 4.01e-08 V                  ; 3.09 V             ; -0.0319 V          ; 0.103 V                             ; 0.142 V                             ; 1.14e-09 s                 ; 7.97e-10 s                 ; Yes                       ; No                        ;
; TMDS_DATA[0]   ; 3.3-V LVTTL  ; 0 s                 ; 0 s                 ; 3.08 V                       ; 2.24e-08 V                   ; 3.14 V              ; -0.115 V            ; 0.31 V                               ; 0.241 V                              ; 5.06e-10 s                  ; 4.37e-10 s                  ; No                         ; No                         ; 3.08 V                      ; 2.24e-08 V                  ; 3.14 V             ; -0.115 V           ; 0.31 V                              ; 0.241 V                             ; 5.06e-10 s                 ; 4.37e-10 s                 ; No                        ; No                        ;
; TMDS_DATA[1]   ; 3.3-V LVTTL  ; 0 s                 ; 0 s                 ; 3.08 V                       ; 2.24e-08 V                   ; 3.14 V              ; -0.115 V            ; 0.31 V                               ; 0.241 V                              ; 5.06e-10 s                  ; 4.37e-10 s                  ; No                         ; No                         ; 3.08 V                      ; 2.24e-08 V                  ; 3.14 V             ; -0.115 V           ; 0.31 V                              ; 0.241 V                             ; 5.06e-10 s                 ; 4.37e-10 s                 ; No                        ; No                        ;
; TMDS_DATA[2]   ; 3.3-V LVTTL  ; 0 s                 ; 0 s                 ; 3.08 V                       ; 2.24e-08 V                   ; 3.14 V              ; -0.115 V            ; 0.31 V                               ; 0.241 V                              ; 5.06e-10 s                  ; 4.37e-10 s                  ; No                         ; No                         ; 3.08 V                      ; 2.24e-08 V                  ; 3.14 V             ; -0.115 V           ; 0.31 V                              ; 0.241 V                             ; 5.06e-10 s                 ; 4.37e-10 s                 ; No                        ; No                        ;
; TMDS_DATA_N[0] ; 3.3-V LVTTL  ; 0 s                 ; 0 s                 ; 3.08 V                       ; 2.24e-08 V                   ; 3.14 V              ; -0.115 V            ; 0.31 V                               ; 0.241 V                              ; 5.06e-10 s                  ; 4.37e-10 s                  ; No                         ; No                         ; 3.08 V                      ; 2.24e-08 V                  ; 3.14 V             ; -0.115 V           ; 0.31 V                              ; 0.241 V                             ; 5.06e-10 s                 ; 4.37e-10 s                 ; No                        ; No                        ;
; TMDS_DATA_N[1] ; 3.3-V LVTTL  ; 0 s                 ; 0 s                 ; 3.08 V                       ; 2.24e-08 V                   ; 3.14 V              ; -0.115 V            ; 0.31 V                               ; 0.241 V                              ; 5.06e-10 s                  ; 4.37e-10 s                  ; No                         ; No                         ; 3.08 V                      ; 2.24e-08 V                  ; 3.14 V             ; -0.115 V           ; 0.31 V                              ; 0.241 V                             ; 5.06e-10 s                 ; 4.37e-10 s                 ; No                        ; No                        ;
; TMDS_DATA_N[2] ; 3.3-V LVTTL  ; 0 s                 ; 0 s                 ; 3.08 V                       ; 2.24e-08 V                   ; 3.14 V              ; -0.115 V            ; 0.31 V                               ; 0.241 V                              ; 5.06e-10 s                  ; 4.37e-10 s                  ; No                         ; No                         ; 3.08 V                      ; 2.24e-08 V                  ; 3.14 V             ; -0.115 V           ; 0.31 V                              ; 0.241 V                             ; 5.06e-10 s                 ; 4.37e-10 s                 ; No                        ; No                        ;
; TMDS_CLOCK     ; 3.3-V LVTTL  ; 0 s                 ; 0 s                 ; 3.08 V                       ; 2.24e-08 V                   ; 3.14 V              ; -0.115 V            ; 0.31 V                               ; 0.241 V                              ; 5.06e-10 s                  ; 4.37e-10 s                  ; No                         ; No                         ; 3.08 V                      ; 2.24e-08 V                  ; 3.14 V             ; -0.115 V           ; 0.31 V                              ; 0.241 V                             ; 5.06e-10 s                 ; 4.37e-10 s                 ; No                        ; No                        ;
; TMDS_CLOCK_N   ; 3.3-V LVTTL  ; 0 s                 ; 0 s                 ; 3.08 V                       ; 2.24e-08 V                   ; 3.14 V              ; -0.115 V            ; 0.31 V                               ; 0.241 V                              ; 5.06e-10 s                  ; 4.37e-10 s                  ; No                         ; No                         ; 3.08 V                      ; 2.24e-08 V                  ; 3.14 V             ; -0.115 V           ; 0.31 V                              ; 0.241 V                             ; 5.06e-10 s                 ; 4.37e-10 s                 ; No                        ; No                        ;
; SD_CLK         ; 3.3-V LVTTL  ; 0 s                 ; 0 s                 ; 3.08 V                       ; 1.54e-08 V                   ; 3.14 V              ; -0.074 V            ; 0.343 V                              ; 0.194 V                              ; 7.35e-10 s                  ; 6.36e-10 s                  ; No                         ; No                         ; 3.08 V                      ; 1.54e-08 V                  ; 3.14 V             ; -0.074 V           ; 0.343 V                             ; 0.194 V                             ; 7.35e-10 s                 ; 6.36e-10 s                 ; No                        ; No                        ;
; SD_CMD         ; 3.3-V LVTTL  ; 0 s                 ; 0 s                 ; 3.08 V                       ; 2.24e-08 V                   ; 3.14 V              ; -0.115 V            ; 0.31 V                               ; 0.241 V                              ; 5.06e-10 s                  ; 4.37e-10 s                  ; No                         ; No                         ; 3.08 V                      ; 2.24e-08 V                  ; 3.14 V             ; -0.115 V           ; 0.31 V                              ; 0.241 V                             ; 5.06e-10 s                 ; 4.37e-10 s                 ; No                        ; No                        ;
; SD_PWREN_N     ; 3.3-V LVTTL  ; 0 s                 ; 0 s                 ; 3.08 V                       ; 2.24e-08 V                   ; 3.14 V              ; -0.115 V            ; 0.31 V                               ; 0.241 V                              ; 5.06e-10 s                  ; 4.37e-10 s                  ; No                         ; No                         ; 3.08 V                      ; 2.24e-08 V                  ; 3.14 V             ; -0.115 V           ; 0.31 V                              ; 0.241 V                             ; 5.06e-10 s                 ; 4.37e-10 s                 ; No                        ; No                        ;
; USB_PWREN_N    ; 3.3-V LVTTL  ; 0 s                 ; 0 s                 ; 3.08 V                       ; 2.24e-08 V                   ; 3.14 V              ; -0.115 V            ; 0.31 V                               ; 0.241 V                              ; 5.06e-10 s                  ; 4.37e-10 s                  ; No                         ; No                         ; 3.08 V                      ; 2.24e-08 V                  ; 3.14 V             ; -0.115 V           ; 0.31 V                              ; 0.241 V                             ; 5.06e-10 s                 ; 4.37e-10 s                 ; No                        ; No                        ;
; AUD_L          ; 3.3-V LVTTL  ; 0 s                 ; 0 s                 ; 3.08 V                       ; 1.54e-08 V                   ; 3.09 V              ; -0.0119 V           ; 0.277 V                              ; 0.297 V                              ; 4.54e-09 s                  ; 3.32e-09 s                  ; No                         ; No                         ; 3.08 V                      ; 1.54e-08 V                  ; 3.09 V             ; -0.0119 V          ; 0.277 V                             ; 0.297 V                             ; 4.54e-09 s                 ; 3.32e-09 s                 ; No                        ; No                        ;
; AUD_R          ; 3.3-V LVTTL  ; 0 s                 ; 0 s                 ; 3.08 V                       ; 1.54e-08 V                   ; 3.16 V              ; -0.11 V             ; 0.302 V                              ; 0.22 V                               ; 4.82e-10 s                  ; 4.27e-10 s                  ; Yes                        ; No                         ; 3.08 V                      ; 1.54e-08 V                  ; 3.16 V             ; -0.11 V            ; 0.302 V                             ; 0.22 V                              ; 4.82e-10 s                 ; 4.27e-10 s                 ; Yes                       ; No                        ;
; ETH_SS_N       ; 3.3-V LVTTL  ; 0 s                 ; 0 s                 ; 3.08 V                       ; 1.54e-08 V                   ; 3.14 V              ; -0.074 V            ; 0.343 V                              ; 0.194 V                              ; 7.35e-10 s                  ; 6.36e-10 s                  ; No                         ; No                         ; 3.08 V                      ; 1.54e-08 V                  ; 3.14 V             ; -0.074 V           ; 0.343 V                             ; 0.194 V                             ; 7.35e-10 s                 ; 6.36e-10 s                 ; No                        ; No                        ;
; ETH_SCLK       ; 3.3-V LVTTL  ; 0 s                 ; 0 s                 ; 3.08 V                       ; 1.54e-08 V                   ; 3.14 V              ; -0.074 V            ; 0.343 V                              ; 0.194 V                              ; 7.35e-10 s                  ; 6.36e-10 s                  ; No                         ; No                         ; 3.08 V                      ; 1.54e-08 V                  ; 3.14 V             ; -0.074 V           ; 0.343 V                             ; 0.194 V                             ; 7.35e-10 s                 ; 6.36e-10 s                 ; No                        ; No                        ;
; ETH_MOSI       ; 3.3-V LVTTL  ; 0 s                 ; 0 s                 ; 3.08 V                       ; 1.54e-08 V                   ; 3.14 V              ; -0.074 V            ; 0.343 V                              ; 0.194 V                              ; 7.35e-10 s                  ; 6.36e-10 s                  ; No                         ; No                         ; 3.08 V                      ; 1.54e-08 V                  ; 3.14 V             ; -0.074 V           ; 0.343 V                             ; 0.194 V                             ; 7.35e-10 s                 ; 6.36e-10 s                 ; No                        ; No                        ;
; ETH_RST_N      ; 3.3-V LVTTL  ; 0 s                 ; 0 s                 ; 3.08 V                       ; 2.24e-08 V                   ; 3.14 V              ; -0.115 V            ; 0.31 V                               ; 0.241 V                              ; 5.06e-10 s                  ; 4.37e-10 s                  ; No                         ; No                         ; 3.08 V                      ; 2.24e-08 V                  ; 3.14 V             ; -0.115 V           ; 0.31 V                              ; 0.241 V                             ; 5.06e-10 s                 ; 4.37e-10 s                 ; No                        ; No                        ;
; LED_ACCESS     ; 3.3-V LVTTL  ; 0 s                 ; 0 s                 ; 3.08 V                       ; 1.54e-08 V                   ; 3.16 V              ; -0.11 V             ; 0.302 V                              ; 0.22 V                               ; 4.82e-10 s                  ; 4.27e-10 s                  ; Yes                        ; No                         ; 3.08 V                      ; 1.54e-08 V                  ; 3.16 V             ; -0.11 V            ; 0.302 V                             ; 0.22 V                              ; 4.82e-10 s                 ; 4.27e-10 s                 ; Yes                       ; No                        ;
; DRAM_DQ[0]     ; 3.3-V LVTTL  ; 0 s                 ; 0 s                 ; 3.08 V                       ; 2.78e-08 V                   ; 3.09 V              ; -0.0289 V           ; 0.208 V                              ; 0.229 V                              ; 1.63e-09 s                  ; 1.09e-09 s                  ; Yes                        ; Yes                        ; 3.08 V                      ; 2.78e-08 V                  ; 3.09 V             ; -0.0289 V          ; 0.208 V                             ; 0.229 V                             ; 1.63e-09 s                 ; 1.09e-09 s                 ; Yes                       ; Yes                       ;
; DRAM_DQ[1]     ; 3.3-V LVTTL  ; 0 s                 ; 0 s                 ; 3.08 V                       ; 2.78e-08 V                   ; 3.09 V              ; -0.0289 V           ; 0.208 V                              ; 0.229 V                              ; 1.63e-09 s                  ; 1.09e-09 s                  ; Yes                        ; Yes                        ; 3.08 V                      ; 2.78e-08 V                  ; 3.09 V             ; -0.0289 V          ; 0.208 V                             ; 0.229 V                             ; 1.63e-09 s                 ; 1.09e-09 s                 ; Yes                       ; Yes                       ;
; DRAM_DQ[2]     ; 3.3-V LVTTL  ; 0 s                 ; 0 s                 ; 3.08 V                       ; 4.01e-08 V                   ; 3.09 V              ; -0.0319 V           ; 0.103 V                              ; 0.142 V                              ; 1.14e-09 s                  ; 7.97e-10 s                  ; Yes                        ; No                         ; 3.08 V                      ; 4.01e-08 V                  ; 3.09 V             ; -0.0319 V          ; 0.103 V                             ; 0.142 V                             ; 1.14e-09 s                 ; 7.97e-10 s                 ; Yes                       ; No                        ;
; DRAM_DQ[3]     ; 3.3-V LVTTL  ; 0 s                 ; 0 s                 ; 3.08 V                       ; 2.78e-08 V                   ; 3.1 V               ; -0.0353 V           ; 0.155 V                              ; 0.289 V                              ; 1.09e-09 s                  ; 6.95e-10 s                  ; Yes                        ; Yes                        ; 3.08 V                      ; 2.78e-08 V                  ; 3.1 V              ; -0.0353 V          ; 0.155 V                             ; 0.289 V                             ; 1.09e-09 s                 ; 6.95e-10 s                 ; Yes                       ; Yes                       ;
; DRAM_DQ[4]     ; 3.3-V LVTTL  ; 0 s                 ; 0 s                 ; 3.08 V                       ; 2.78e-08 V                   ; 3.09 V              ; -0.0289 V           ; 0.208 V                              ; 0.229 V                              ; 1.63e-09 s                  ; 1.09e-09 s                  ; Yes                        ; Yes                        ; 3.08 V                      ; 2.78e-08 V                  ; 3.09 V             ; -0.0289 V          ; 0.208 V                             ; 0.229 V                             ; 1.63e-09 s                 ; 1.09e-09 s                 ; Yes                       ; Yes                       ;
; DRAM_DQ[5]     ; 3.3-V LVTTL  ; 0 s                 ; 0 s                 ; 3.08 V                       ; 2.78e-08 V                   ; 3.09 V              ; -0.0289 V           ; 0.208 V                              ; 0.229 V                              ; 1.63e-09 s                  ; 1.09e-09 s                  ; Yes                        ; Yes                        ; 3.08 V                      ; 2.78e-08 V                  ; 3.09 V             ; -0.0289 V          ; 0.208 V                             ; 0.229 V                             ; 1.63e-09 s                 ; 1.09e-09 s                 ; Yes                       ; Yes                       ;
; DRAM_DQ[6]     ; 3.3-V LVTTL  ; 0 s                 ; 0 s                 ; 3.08 V                       ; 2.78e-08 V                   ; 3.09 V              ; -0.0289 V           ; 0.208 V                              ; 0.229 V                              ; 1.63e-09 s                  ; 1.09e-09 s                  ; Yes                        ; Yes                        ; 3.08 V                      ; 2.78e-08 V                  ; 3.09 V             ; -0.0289 V          ; 0.208 V                             ; 0.229 V                             ; 1.63e-09 s                 ; 1.09e-09 s                 ; Yes                       ; Yes                       ;
; DRAM_DQ[7]     ; 3.3-V LVTTL  ; 0 s                 ; 0 s                 ; 3.08 V                       ; 4.01e-08 V                   ; 3.09 V              ; -0.0319 V           ; 0.103 V                              ; 0.142 V                              ; 1.14e-09 s                  ; 7.97e-10 s                  ; Yes                        ; No                         ; 3.08 V                      ; 4.01e-08 V                  ; 3.09 V             ; -0.0319 V          ; 0.103 V                             ; 0.142 V                             ; 1.14e-09 s                 ; 7.97e-10 s                 ; Yes                       ; No                        ;
; DRAM_DQ[8]     ; 3.3-V LVTTL  ; 0 s                 ; 0 s                 ; 3.08 V                       ; 4.01e-08 V                   ; 3.09 V              ; -0.0319 V           ; 0.103 V                              ; 0.142 V                              ; 1.14e-09 s                  ; 7.97e-10 s                  ; Yes                        ; No                         ; 3.08 V                      ; 4.01e-08 V                  ; 3.09 V             ; -0.0319 V          ; 0.103 V                             ; 0.142 V                             ; 1.14e-09 s                 ; 7.97e-10 s                 ; Yes                       ; No                        ;
; DRAM_DQ[9]     ; 3.3-V LVTTL  ; 0 s                 ; 0 s                 ; 3.08 V                       ; 4.01e-08 V                   ; 3.09 V              ; -0.0319 V           ; 0.103 V                              ; 0.142 V                              ; 1.14e-09 s                  ; 7.97e-10 s                  ; Yes                        ; No                         ; 3.08 V                      ; 4.01e-08 V                  ; 3.09 V             ; -0.0319 V          ; 0.103 V                             ; 0.142 V                             ; 1.14e-09 s                 ; 7.97e-10 s                 ; Yes                       ; No                        ;
; DRAM_DQ[10]    ; 3.3-V LVTTL  ; 0 s                 ; 0 s                 ; 3.08 V                       ; 4.01e-08 V                   ; 3.09 V              ; -0.0319 V           ; 0.103 V                              ; 0.142 V                              ; 1.14e-09 s                  ; 7.97e-10 s                  ; Yes                        ; No                         ; 3.08 V                      ; 4.01e-08 V                  ; 3.09 V             ; -0.0319 V          ; 0.103 V                             ; 0.142 V                             ; 1.14e-09 s                 ; 7.97e-10 s                 ; Yes                       ; No                        ;
; DRAM_DQ[11]    ; 3.3-V LVTTL  ; 0 s                 ; 0 s                 ; 3.08 V                       ; 4.01e-08 V                   ; 3.09 V              ; -0.0319 V           ; 0.103 V                              ; 0.142 V                              ; 1.14e-09 s                  ; 7.97e-10 s                  ; Yes                        ; No                         ; 3.08 V                      ; 4.01e-08 V                  ; 3.09 V             ; -0.0319 V          ; 0.103 V                             ; 0.142 V                             ; 1.14e-09 s                 ; 7.97e-10 s                 ; Yes                       ; No                        ;
; DRAM_DQ[12]    ; 3.3-V LVTTL  ; 0 s                 ; 0 s                 ; 3.08 V                       ; 4.01e-08 V                   ; 3.09 V              ; -0.0319 V           ; 0.103 V                              ; 0.142 V                              ; 1.14e-09 s                  ; 7.97e-10 s                  ; Yes                        ; No                         ; 3.08 V                      ; 4.01e-08 V                  ; 3.09 V             ; -0.0319 V          ; 0.103 V                             ; 0.142 V                             ; 1.14e-09 s                 ; 7.97e-10 s                 ; Yes                       ; No                        ;
; DRAM_DQ[13]    ; 3.3-V LVTTL  ; 0 s                 ; 0 s                 ; 3.08 V                       ; 4.01e-08 V                   ; 3.09 V              ; -0.0319 V           ; 0.103 V                              ; 0.142 V                              ; 1.14e-09 s                  ; 7.97e-10 s                  ; Yes                        ; No                         ; 3.08 V                      ; 4.01e-08 V                  ; 3.09 V             ; -0.0319 V          ; 0.103 V                             ; 0.142 V                             ; 1.14e-09 s                 ; 7.97e-10 s                 ; Yes                       ; No                        ;
; DRAM_DQ[14]    ; 3.3-V LVTTL  ; 0 s                 ; 0 s                 ; 3.08 V                       ; 4.01e-08 V                   ; 3.09 V              ; -0.0319 V           ; 0.103 V                              ; 0.142 V                              ; 1.14e-09 s                  ; 7.97e-10 s                  ; Yes                        ; No                         ; 3.08 V                      ; 4.01e-08 V                  ; 3.09 V             ; -0.0319 V          ; 0.103 V                             ; 0.142 V                             ; 1.14e-09 s                 ; 7.97e-10 s                 ; Yes                       ; No                        ;
; DRAM_DQ[15]    ; 3.3-V LVTTL  ; 0 s                 ; 0 s                 ; 3.08 V                       ; 2.78e-08 V                   ; 3.09 V              ; -0.0289 V           ; 0.208 V                              ; 0.229 V                              ; 1.63e-09 s                  ; 1.09e-09 s                  ; Yes                        ; Yes                        ; 3.08 V                      ; 2.78e-08 V                  ; 3.09 V             ; -0.0289 V          ; 0.208 V                             ; 0.229 V                             ; 1.63e-09 s                 ; 1.09e-09 s                 ; Yes                       ; Yes                       ;
; GPIO_0[0]      ; 3.3-V LVTTL  ; 0 s                 ; 0 s                 ; 3.08 V                       ; 2.24e-08 V                   ; 3.14 V              ; -0.115 V            ; 0.31 V                               ; 0.241 V                              ; 5.06e-10 s                  ; 4.37e-10 s                  ; No                         ; No                         ; 3.08 V                      ; 2.24e-08 V                  ; 3.14 V             ; -0.115 V           ; 0.31 V                              ; 0.241 V                             ; 5.06e-10 s                 ; 4.37e-10 s                 ; No                        ; No                        ;
; GPIO_0[1]      ; 3.3-V LVTTL  ; 0 s                 ; 0 s                 ; 3.08 V                       ; 2.24e-08 V                   ; 3.14 V              ; -0.115 V            ; 0.31 V                               ; 0.241 V                              ; 5.06e-10 s                  ; 4.37e-10 s                  ; No                         ; No                         ; 3.08 V                      ; 2.24e-08 V                  ; 3.14 V             ; -0.115 V           ; 0.31 V                              ; 0.241 V                             ; 5.06e-10 s                 ; 4.37e-10 s                 ; No                        ; No                        ;
; GPIO_0[2]      ; 3.3-V LVTTL  ; 0 s                 ; 0 s                 ; 3.08 V                       ; 2.24e-08 V                   ; 3.14 V              ; -0.115 V            ; 0.31 V                               ; 0.241 V                              ; 5.06e-10 s                  ; 4.37e-10 s                  ; No                         ; No                         ; 3.08 V                      ; 2.24e-08 V                  ; 3.14 V             ; -0.115 V           ; 0.31 V                              ; 0.241 V                             ; 5.06e-10 s                 ; 4.37e-10 s                 ; No                        ; No                        ;
; GPIO_0[3]      ; 3.3-V LVTTL  ; 0 s                 ; 0 s                 ; 3.08 V                       ; 2.24e-08 V                   ; 3.14 V              ; -0.115 V            ; 0.31 V                               ; 0.241 V                              ; 5.06e-10 s                  ; 4.37e-10 s                  ; No                         ; No                         ; 3.08 V                      ; 2.24e-08 V                  ; 3.14 V             ; -0.115 V           ; 0.31 V                              ; 0.241 V                             ; 5.06e-10 s                 ; 4.37e-10 s                 ; No                        ; No                        ;
; GPIO_0[4]      ; 3.3-V LVTTL  ; 0 s                 ; 0 s                 ; 3.08 V                       ; 2.24e-08 V                   ; 3.14 V              ; -0.115 V            ; 0.31 V                               ; 0.241 V                              ; 5.06e-10 s                  ; 4.37e-10 s                  ; No                         ; No                         ; 3.08 V                      ; 2.24e-08 V                  ; 3.14 V             ; -0.115 V           ; 0.31 V                              ; 0.241 V                             ; 5.06e-10 s                 ; 4.37e-10 s                 ; No                        ; No                        ;
; GPIO_0[5]      ; 3.3-V LVTTL  ; 0 s                 ; 0 s                 ; 3.08 V                       ; 2.24e-08 V                   ; 3.14 V              ; -0.115 V            ; 0.31 V                               ; 0.241 V                              ; 5.06e-10 s                  ; 4.37e-10 s                  ; No                         ; No                         ; 3.08 V                      ; 2.24e-08 V                  ; 3.14 V             ; -0.115 V           ; 0.31 V                              ; 0.241 V                             ; 5.06e-10 s                 ; 4.37e-10 s                 ; No                        ; No                        ;
; GPIO_0[6]      ; 3.3-V LVTTL  ; 0 s                 ; 0 s                 ; 3.08 V                       ; 2.24e-08 V                   ; 3.14 V              ; -0.115 V            ; 0.31 V                               ; 0.241 V                              ; 5.06e-10 s                  ; 4.37e-10 s                  ; No                         ; No                         ; 3.08 V                      ; 2.24e-08 V                  ; 3.14 V             ; -0.115 V           ; 0.31 V                              ; 0.241 V                             ; 5.06e-10 s                 ; 4.37e-10 s                 ; No                        ; No                        ;
; GPIO_0[7]      ; 3.3-V LVTTL  ; 0 s                 ; 0 s                 ; 3.08 V                       ; 2.24e-08 V                   ; 3.14 V              ; -0.115 V            ; 0.31 V                               ; 0.241 V                              ; 5.06e-10 s                  ; 4.37e-10 s                  ; No                         ; No                         ; 3.08 V                      ; 2.24e-08 V                  ; 3.14 V             ; -0.115 V           ; 0.31 V                              ; 0.241 V                             ; 5.06e-10 s                 ; 4.37e-10 s                 ; No                        ; No                        ;
; GPIO_0[8]      ; 3.3-V LVTTL  ; 0 s                 ; 0 s                 ; 3.08 V                       ; 2.24e-08 V                   ; 3.14 V              ; -0.115 V            ; 0.31 V                               ; 0.241 V                              ; 5.06e-10 s                  ; 4.37e-10 s                  ; No                         ; No                         ; 3.08 V                      ; 2.24e-08 V                  ; 3.14 V             ; -0.115 V           ; 0.31 V                              ; 0.241 V                             ; 5.06e-10 s                 ; 4.37e-10 s                 ; No                        ; No                        ;
; GPIO_0[9]      ; 3.3-V LVTTL  ; 0 s                 ; 0 s                 ; 3.08 V                       ; 2.24e-08 V                   ; 3.14 V              ; -0.115 V            ; 0.31 V                               ; 0.241 V                              ; 5.06e-10 s                  ; 4.37e-10 s                  ; No                         ; No                         ; 3.08 V                      ; 2.24e-08 V                  ; 3.14 V             ; -0.115 V           ; 0.31 V                              ; 0.241 V                             ; 5.06e-10 s                 ; 4.37e-10 s                 ; No                        ; No                        ;
; GPIO_0[10]     ; 3.3-V LVTTL  ; 0 s                 ; 0 s                 ; 3.08 V                       ; 2.24e-08 V                   ; 3.14 V              ; -0.115 V            ; 0.31 V                               ; 0.241 V                              ; 5.06e-10 s                  ; 4.37e-10 s                  ; No                         ; No                         ; 3.08 V                      ; 2.24e-08 V                  ; 3.14 V             ; -0.115 V           ; 0.31 V                              ; 0.241 V                             ; 5.06e-10 s                 ; 4.37e-10 s                 ; No                        ; No                        ;
; GPIO_0[11]     ; 3.3-V LVTTL  ; 0 s                 ; 0 s                 ; 3.08 V                       ; 2.24e-08 V                   ; 3.14 V              ; -0.115 V            ; 0.31 V                               ; 0.241 V                              ; 5.06e-10 s                  ; 4.37e-10 s                  ; No                         ; No                         ; 3.08 V                      ; 2.24e-08 V                  ; 3.14 V             ; -0.115 V           ; 0.31 V                              ; 0.241 V                             ; 5.06e-10 s                 ; 4.37e-10 s                 ; No                        ; No                        ;
; GPIO_0[12]     ; 3.3-V LVTTL  ; 0 s                 ; 0 s                 ; 3.08 V                       ; 2.24e-08 V                   ; 3.14 V              ; -0.115 V            ; 0.31 V                               ; 0.241 V                              ; 5.06e-10 s                  ; 4.37e-10 s                  ; No                         ; No                         ; 3.08 V                      ; 2.24e-08 V                  ; 3.14 V             ; -0.115 V           ; 0.31 V                              ; 0.241 V                             ; 5.06e-10 s                 ; 4.37e-10 s                 ; No                        ; No                        ;
; GPIO_0[13]     ; 3.3-V LVTTL  ; 0 s                 ; 0 s                 ; 3.08 V                       ; 2.24e-08 V                   ; 3.14 V              ; -0.115 V            ; 0.31 V                               ; 0.241 V                              ; 5.06e-10 s                  ; 4.37e-10 s                  ; No                         ; No                         ; 3.08 V                      ; 2.24e-08 V                  ; 3.14 V             ; -0.115 V           ; 0.31 V                              ; 0.241 V                             ; 5.06e-10 s                 ; 4.37e-10 s                 ; No                        ; No                        ;
; GPIO_0[14]     ; 3.3-V LVTTL  ; 0 s                 ; 0 s                 ; 3.08 V                       ; 2.24e-08 V                   ; 3.14 V              ; -0.115 V            ; 0.31 V                               ; 0.241 V                              ; 5.06e-10 s                  ; 4.37e-10 s                  ; No                         ; No                         ; 3.08 V                      ; 2.24e-08 V                  ; 3.14 V             ; -0.115 V           ; 0.31 V                              ; 0.241 V                             ; 5.06e-10 s                 ; 4.37e-10 s                 ; No                        ; No                        ;
; GPIO_0[15]     ; 3.3-V LVTTL  ; 0 s                 ; 0 s                 ; 3.08 V                       ; 2.24e-08 V                   ; 3.09 V              ; -0.0123 V           ; 0.281 V                              ; 0.305 V                              ; 4.54e-09 s                  ; 3.32e-09 s                  ; No                         ; No                         ; 3.08 V                      ; 2.24e-08 V                  ; 3.09 V             ; -0.0123 V          ; 0.281 V                             ; 0.305 V                             ; 4.54e-09 s                 ; 3.32e-09 s                 ; No                        ; No                        ;
; GPIO_0[16]     ; 3.3-V LVTTL  ; 0 s                 ; 0 s                 ; 3.08 V                       ; 2.24e-08 V                   ; 3.14 V              ; -0.115 V            ; 0.31 V                               ; 0.241 V                              ; 5.06e-10 s                  ; 4.37e-10 s                  ; No                         ; No                         ; 3.08 V                      ; 2.24e-08 V                  ; 3.14 V             ; -0.115 V           ; 0.31 V                              ; 0.241 V                             ; 5.06e-10 s                 ; 4.37e-10 s                 ; No                        ; No                        ;
; GPIO_0[17]     ; 3.3-V LVTTL  ; 0 s                 ; 0 s                 ; 3.08 V                       ; 2.24e-08 V                   ; 3.14 V              ; -0.115 V            ; 0.31 V                               ; 0.241 V                              ; 5.06e-10 s                  ; 4.37e-10 s                  ; No                         ; No                         ; 3.08 V                      ; 2.24e-08 V                  ; 3.14 V             ; -0.115 V           ; 0.31 V                              ; 0.241 V                             ; 5.06e-10 s                 ; 4.37e-10 s                 ; No                        ; No                        ;
; GPIO_0[18]     ; 3.3-V LVTTL  ; 0 s                 ; 0 s                 ; 3.08 V                       ; 2.24e-08 V                   ; 3.14 V              ; -0.115 V            ; 0.31 V                               ; 0.241 V                              ; 5.06e-10 s                  ; 4.37e-10 s                  ; No                         ; No                         ; 3.08 V                      ; 2.24e-08 V                  ; 3.14 V             ; -0.115 V           ; 0.31 V                              ; 0.241 V                             ; 5.06e-10 s                 ; 4.37e-10 s                 ; No                        ; No                        ;
; GPIO_0[19]     ; 3.3-V LVTTL  ; 0 s                 ; 0 s                 ; 3.08 V                       ; 2.24e-08 V                   ; 3.14 V              ; -0.115 V            ; 0.31 V                               ; 0.241 V                              ; 5.06e-10 s                  ; 4.37e-10 s                  ; No                         ; No                         ; 3.08 V                      ; 2.24e-08 V                  ; 3.14 V             ; -0.115 V           ; 0.31 V                              ; 0.241 V                             ; 5.06e-10 s                 ; 4.37e-10 s                 ; No                        ; No                        ;
; GPIO_0[20]     ; 3.3-V LVTTL  ; 0 s                 ; 0 s                 ; 3.08 V                       ; 2.24e-08 V                   ; 3.14 V              ; -0.115 V            ; 0.31 V                               ; 0.241 V                              ; 5.06e-10 s                  ; 4.37e-10 s                  ; No                         ; No                         ; 3.08 V                      ; 2.24e-08 V                  ; 3.14 V             ; -0.115 V           ; 0.31 V                              ; 0.241 V                             ; 5.06e-10 s                 ; 4.37e-10 s                 ; No                        ; No                        ;
; GPIO_0[21]     ; 3.3-V LVTTL  ; 0 s                 ; 0 s                 ; 3.08 V                       ; 2.24e-08 V                   ; 3.14 V              ; -0.115 V            ; 0.31 V                               ; 0.241 V                              ; 5.06e-10 s                  ; 4.37e-10 s                  ; No                         ; No                         ; 3.08 V                      ; 2.24e-08 V                  ; 3.14 V             ; -0.115 V           ; 0.31 V                              ; 0.241 V                             ; 5.06e-10 s                 ; 4.37e-10 s                 ; No                        ; No                        ;
; GPIO_0[22]     ; 3.3-V LVTTL  ; 0 s                 ; 0 s                 ; 3.08 V                       ; 2.24e-08 V                   ; 3.14 V              ; -0.115 V            ; 0.31 V                               ; 0.241 V                              ; 5.06e-10 s                  ; 4.37e-10 s                  ; No                         ; No                         ; 3.08 V                      ; 2.24e-08 V                  ; 3.14 V             ; -0.115 V           ; 0.31 V                              ; 0.241 V                             ; 5.06e-10 s                 ; 4.37e-10 s                 ; No                        ; No                        ;
; GPIO_0[23]     ; 3.3-V LVTTL  ; 0 s                 ; 0 s                 ; 3.08 V                       ; 2.24e-08 V                   ; 3.14 V              ; -0.115 V            ; 0.31 V                               ; 0.241 V                              ; 5.06e-10 s                  ; 4.37e-10 s                  ; No                         ; No                         ; 3.08 V                      ; 2.24e-08 V                  ; 3.14 V             ; -0.115 V           ; 0.31 V                              ; 0.241 V                             ; 5.06e-10 s                 ; 4.37e-10 s                 ; No                        ; No                        ;
; GPIO_0[24]     ; 3.3-V LVTTL  ; 0 s                 ; 0 s                 ; 3.08 V                       ; 2.24e-08 V                   ; 3.14 V              ; -0.115 V            ; 0.31 V                               ; 0.241 V                              ; 5.06e-10 s                  ; 4.37e-10 s                  ; No                         ; No                         ; 3.08 V                      ; 2.24e-08 V                  ; 3.14 V             ; -0.115 V           ; 0.31 V                              ; 0.241 V                             ; 5.06e-10 s                 ; 4.37e-10 s                 ; No                        ; No                        ;
; GPIO_0[25]     ; 3.3-V LVTTL  ; 0 s                 ; 0 s                 ; 3.08 V                       ; 2.24e-08 V                   ; 3.14 V              ; -0.115 V            ; 0.31 V                               ; 0.241 V                              ; 5.06e-10 s                  ; 4.37e-10 s                  ; No                         ; No                         ; 3.08 V                      ; 2.24e-08 V                  ; 3.14 V             ; -0.115 V           ; 0.31 V                              ; 0.241 V                             ; 5.06e-10 s                 ; 4.37e-10 s                 ; No                        ; No                        ;
; GPIO_0[26]     ; 3.3-V LVTTL  ; 0 s                 ; 0 s                 ; 3.08 V                       ; 2.24e-08 V                   ; 3.14 V              ; -0.115 V            ; 0.31 V                               ; 0.241 V                              ; 5.06e-10 s                  ; 4.37e-10 s                  ; No                         ; No                         ; 3.08 V                      ; 2.24e-08 V                  ; 3.14 V             ; -0.115 V           ; 0.31 V                              ; 0.241 V                             ; 5.06e-10 s                 ; 4.37e-10 s                 ; No                        ; No                        ;
; GPIO_0[27]     ; 3.3-V LVTTL  ; 0 s                 ; 0 s                 ; 3.08 V                       ; 2.24e-08 V                   ; 3.14 V              ; -0.115 V            ; 0.31 V                               ; 0.241 V                              ; 5.06e-10 s                  ; 4.37e-10 s                  ; No                         ; No                         ; 3.08 V                      ; 2.24e-08 V                  ; 3.14 V             ; -0.115 V           ; 0.31 V                              ; 0.241 V                             ; 5.06e-10 s                 ; 4.37e-10 s                 ; No                        ; No                        ;
; GPIO_0[28]     ; 3.3-V LVTTL  ; 0 s                 ; 0 s                 ; 3.08 V                       ; 2.24e-08 V                   ; 3.09 V              ; -0.0123 V           ; 0.281 V                              ; 0.305 V                              ; 4.54e-09 s                  ; 3.32e-09 s                  ; No                         ; No                         ; 3.08 V                      ; 2.24e-08 V                  ; 3.09 V             ; -0.0123 V          ; 0.281 V                             ; 0.305 V                             ; 4.54e-09 s                 ; 3.32e-09 s                 ; No                        ; No                        ;
; GPIO_0[29]     ; 3.3-V LVTTL  ; 0 s                 ; 0 s                 ; 3.08 V                       ; 2.24e-08 V                   ; 3.14 V              ; -0.115 V            ; 0.31 V                               ; 0.241 V                              ; 5.06e-10 s                  ; 4.37e-10 s                  ; No                         ; No                         ; 3.08 V                      ; 2.24e-08 V                  ; 3.14 V             ; -0.115 V           ; 0.31 V                              ; 0.241 V                             ; 5.06e-10 s                 ; 4.37e-10 s                 ; No                        ; No                        ;
; GPIO_0[30]     ; 3.3-V LVTTL  ; 0 s                 ; 0 s                 ; 3.08 V                       ; 2.24e-08 V                   ; 3.14 V              ; -0.115 V            ; 0.31 V                               ; 0.241 V                              ; 5.06e-10 s                  ; 4.37e-10 s                  ; No                         ; No                         ; 3.08 V                      ; 2.24e-08 V                  ; 3.14 V             ; -0.115 V           ; 0.31 V                              ; 0.241 V                             ; 5.06e-10 s                 ; 4.37e-10 s                 ; No                        ; No                        ;
; GPIO_0[31]     ; 3.3-V LVTTL  ; 0 s                 ; 0 s                 ; 3.08 V                       ; 2.24e-08 V                   ; 3.14 V              ; -0.115 V            ; 0.31 V                               ; 0.241 V                              ; 5.06e-10 s                  ; 4.37e-10 s                  ; No                         ; No                         ; 3.08 V                      ; 2.24e-08 V                  ; 3.14 V             ; -0.115 V           ; 0.31 V                              ; 0.241 V                             ; 5.06e-10 s                 ; 4.37e-10 s                 ; No                        ; No                        ;
; GPIO_0[32]     ; 3.3-V LVTTL  ; 0 s                 ; 0 s                 ; 3.08 V                       ; 2.24e-08 V                   ; 3.14 V              ; -0.115 V            ; 0.31 V                               ; 0.241 V                              ; 5.06e-10 s                  ; 4.37e-10 s                  ; No                         ; No                         ; 3.08 V                      ; 2.24e-08 V                  ; 3.14 V             ; -0.115 V           ; 0.31 V                              ; 0.241 V                             ; 5.06e-10 s                 ; 4.37e-10 s                 ; No                        ; No                        ;
; GPIO_0[33]     ; 3.3-V LVTTL  ; 0 s                 ; 0 s                 ; 3.08 V                       ; 2.24e-08 V                   ; 3.14 V              ; -0.115 V            ; 0.31 V                               ; 0.241 V                              ; 5.06e-10 s                  ; 4.37e-10 s                  ; No                         ; No                         ; 3.08 V                      ; 2.24e-08 V                  ; 3.14 V             ; -0.115 V           ; 0.31 V                              ; 0.241 V                             ; 5.06e-10 s                 ; 4.37e-10 s                 ; No                        ; No                        ;
; SD_DAT[0]      ; 3.3-V LVTTL  ; 0 s                 ; 0 s                 ; 3.08 V                       ; 1.54e-08 V                   ; 3.14 V              ; -0.074 V            ; 0.343 V                              ; 0.194 V                              ; 7.35e-10 s                  ; 6.36e-10 s                  ; No                         ; No                         ; 3.08 V                      ; 1.54e-08 V                  ; 3.14 V             ; -0.074 V           ; 0.343 V                             ; 0.194 V                             ; 7.35e-10 s                 ; 6.36e-10 s                 ; No                        ; No                        ;
; SD_DAT[1]      ; 3.3-V LVTTL  ; 0 s                 ; 0 s                 ; 3.08 V                       ; 2.24e-08 V                   ; 3.14 V              ; -0.115 V            ; 0.31 V                               ; 0.241 V                              ; 5.06e-10 s                  ; 4.37e-10 s                  ; No                         ; No                         ; 3.08 V                      ; 2.24e-08 V                  ; 3.14 V             ; -0.115 V           ; 0.31 V                              ; 0.241 V                             ; 5.06e-10 s                 ; 4.37e-10 s                 ; No                        ; No                        ;
; SD_DAT[2]      ; 3.3-V LVTTL  ; 0 s                 ; 0 s                 ; 3.08 V                       ; 1.54e-08 V                   ; 3.14 V              ; -0.074 V            ; 0.343 V                              ; 0.194 V                              ; 7.35e-10 s                  ; 6.36e-10 s                  ; No                         ; No                         ; 3.08 V                      ; 1.54e-08 V                  ; 3.14 V             ; -0.074 V           ; 0.343 V                             ; 0.194 V                             ; 7.35e-10 s                 ; 6.36e-10 s                 ; No                        ; No                        ;
; USB_DP         ; 3.3-V LVTTL  ; 0 s                 ; 0 s                 ; 3.08 V                       ; 1.54e-08 V                   ; 3.14 V              ; -0.074 V            ; 0.343 V                              ; 0.194 V                              ; 7.35e-10 s                  ; 6.36e-10 s                  ; No                         ; No                         ; 3.08 V                      ; 1.54e-08 V                  ; 3.14 V             ; -0.074 V           ; 0.343 V                             ; 0.194 V                             ; 7.35e-10 s                 ; 6.36e-10 s                 ; No                        ; No                        ;
; USB_DM         ; 3.3-V LVTTL  ; 0 s                 ; 0 s                 ; 3.08 V                       ; 1.54e-08 V                   ; 3.14 V              ; -0.074 V            ; 0.343 V                              ; 0.194 V                              ; 7.35e-10 s                  ; 6.36e-10 s                  ; No                         ; No                         ; 3.08 V                      ; 1.54e-08 V                  ; 3.14 V             ; -0.074 V           ; 0.343 V                             ; 0.194 V                             ; 7.35e-10 s                 ; 6.36e-10 s                 ; No                        ; No                        ;
; EDID_SCL       ; 3.3-V LVTTL  ; 0 s                 ; 0 s                 ; 3.08 V                       ; 2.24e-08 V                   ; 3.14 V              ; -0.115 V            ; 0.31 V                               ; 0.241 V                              ; 5.06e-10 s                  ; 4.37e-10 s                  ; No                         ; No                         ; 3.08 V                      ; 2.24e-08 V                  ; 3.14 V             ; -0.115 V           ; 0.31 V                              ; 0.241 V                             ; 5.06e-10 s                 ; 4.37e-10 s                 ; No                        ; No                        ;
; EDID_SDA       ; 3.3-V LVTTL  ; 0 s                 ; 0 s                 ; 3.08 V                       ; 1.54e-08 V                   ; 3.16 V              ; -0.11 V             ; 0.302 V                              ; 0.22 V                               ; 4.82e-10 s                  ; 4.27e-10 s                  ; Yes                        ; No                         ; 3.08 V                      ; 1.54e-08 V                  ; 3.16 V             ; -0.11 V            ; 0.302 V                             ; 0.22 V                              ; 4.82e-10 s                 ; 4.27e-10 s                 ; Yes                       ; No                        ;
; SD_DAT[3]      ; 3.3-V LVTTL  ; 0 s                 ; 0 s                 ; 3.08 V                       ; 1.54e-08 V                   ; 3.14 V              ; -0.074 V            ; 0.343 V                              ; 0.194 V                              ; 7.35e-10 s                  ; 6.36e-10 s                  ; No                         ; No                         ; 3.08 V                      ; 1.54e-08 V                  ; 3.14 V             ; -0.074 V           ; 0.343 V                             ; 0.194 V                             ; 7.35e-10 s                 ; 6.36e-10 s                 ; No                        ; No                        ;
; RESERVED_GND1  ; 3.3-V LVTTL  ; 0 s                 ; 0 s                 ; 3.08 V                       ; 2.04e-09 V                   ; 5.05 V              ; -0.928 V            ; 1.89 V                               ; 0.9 V                                ; 6.68e-11 s                  ; 1.48e-10 s                  ; No                         ; No                         ; 3.08 V                      ; 2.04e-09 V                  ; 5.05 V             ; -0.928 V           ; 1.89 V                              ; 0.9 V                               ; 6.68e-11 s                 ; 1.48e-10 s                 ; No                        ; No                        ;
; RESERVED_GND2  ; 3.3-V LVTTL  ; 0 s                 ; 0 s                 ; 3.08 V                       ; 2.04e-09 V                   ; 5.05 V              ; -0.928 V            ; 1.89 V                               ; 0.9 V                                ; 6.68e-11 s                  ; 1.48e-10 s                  ; No                         ; No                         ; 3.08 V                      ; 2.04e-09 V                  ; 5.05 V             ; -0.928 V           ; 1.89 V                              ; 0.9 V                               ; 6.68e-11 s                 ; 1.48e-10 s                 ; No                        ; No                        ;
; RESERVED_GND3  ; 3.3-V LVTTL  ; 0 s                 ; 0 s                 ; 3.08 V                       ; 2.04e-09 V                   ; 3.21 V              ; -0.112 V            ; 0.281 V                              ; 0.133 V                              ; 3.1e-10 s                   ; 4.07e-10 s                  ; Yes                        ; Yes                        ; 3.08 V                      ; 2.04e-09 V                  ; 3.21 V             ; -0.112 V           ; 0.281 V                             ; 0.133 V                             ; 3.1e-10 s                  ; 4.07e-10 s                 ; Yes                       ; Yes                       ;
; RESERVED_GND4  ; 3.3-V LVTTL  ; 0 s                 ; 0 s                 ; 3.08 V                       ; 2.04e-09 V                   ; 5.05 V              ; -0.928 V            ; 1.89 V                               ; 0.9 V                                ; 6.68e-11 s                  ; 1.48e-10 s                  ; No                         ; No                         ; 3.08 V                      ; 2.04e-09 V                  ; 5.05 V             ; -0.928 V           ; 1.89 V                              ; 0.9 V                               ; 6.68e-11 s                 ; 1.48e-10 s                 ; No                        ; No                        ;
+----------------+--------------+---------------------+---------------------+------------------------------+------------------------------+---------------------+---------------------+--------------------------------------+--------------------------------------+-----------------------------+-----------------------------+----------------------------+----------------------------+-----------------------------+-----------------------------+--------------------+--------------------+-------------------------------------+-------------------------------------+----------------------------+----------------------------+---------------------------+---------------------------+


+---------------------------------------------------------------------------------------------------------------------------------------------------------------------------------------------------------------------------------------------------------------------------------------------------------------------------------------------------------------------------------------------------------------------------------------------------------------------------------------------------------------------------------------------------------------------------------------------------------------------------------------------------------------------------------------------+
; Signal Integrity Metrics (Slow 1200mv 85c Model)                                                                                                                                                                                                                                                                                                                                                                                                                                                                                                                                                                                                                                            ;
+----------------+--------------+---------------------+---------------------+------------------------------+------------------------------+---------------------+---------------------+--------------------------------------+--------------------------------------+-----------------------------+-----------------------------+----------------------------+----------------------------+-----------------------------+-----------------------------+--------------------+--------------------+-------------------------------------+-------------------------------------+----------------------------+----------------------------+---------------------------+---------------------------+
; Pin            ; I/O Standard ; Board Delay on Rise ; Board Delay on Fall ; Steady State Voh at FPGA Pin ; Steady State Vol at FPGA Pin ; Voh Max at FPGA Pin ; Vol Min at FPGA Pin ; Ringback Voltage on Rise at FPGA Pin ; Ringback Voltage on Fall at FPGA Pin ; 10-90 Rise Time at FPGA Pin ; 90-10 Fall Time at FPGA Pin ; Monotonic Rise at FPGA Pin ; Monotonic Fall at FPGA Pin ; Steady State Voh at Far-end ; Steady State Vol at Far-end ; Voh Max at Far-end ; Vol Min at Far-end ; Ringback Voltage on Rise at Far-end ; Ringback Voltage on Fall at Far-end ; 10-90 Rise Time at Far-end ; 90-10 Fall Time at Far-end ; Monotonic Rise at Far-end ; Monotonic Fall at Far-end ;
+----------------+--------------+---------------------+---------------------+------------------------------+------------------------------+---------------------+---------------------+--------------------------------------+--------------------------------------+-----------------------------+-----------------------------+----------------------------+----------------------------+-----------------------------+-----------------------------+--------------------+--------------------+-------------------------------------+-------------------------------------+----------------------------+----------------------------+---------------------------+---------------------------+
; LED[0]         ; 3.3-V LVTTL  ; 0 s                 ; 0 s                 ; 3.08 V                       ; 2.99e-06 V                   ; 3.11 V              ; -0.0717 V           ; 0.209 V                              ; 0.168 V                              ; 6.66e-10 s                  ; 6.19e-10 s                  ; Yes                        ; No                         ; 3.08 V                      ; 2.99e-06 V                  ; 3.11 V             ; -0.0717 V          ; 0.209 V                             ; 0.168 V                             ; 6.66e-10 s                 ; 6.19e-10 s                 ; Yes                       ; No                        ;
; LED[1]         ; 3.3-V LVTTL  ; 0 s                 ; 0 s                 ; 3.08 V                       ; 2.99e-06 V                   ; 3.11 V              ; -0.0717 V           ; 0.209 V                              ; 0.168 V                              ; 6.66e-10 s                  ; 6.19e-10 s                  ; Yes                        ; No                         ; 3.08 V                      ; 2.99e-06 V                  ; 3.11 V             ; -0.0717 V          ; 0.209 V                             ; 0.168 V                             ; 6.66e-10 s                 ; 6.19e-10 s                 ; Yes                       ; No                        ;
; LED[2]         ; 3.3-V LVTTL  ; 0 s                 ; 0 s                 ; 3.08 V                       ; 2.99e-06 V                   ; 3.11 V              ; -0.0717 V           ; 0.209 V                              ; 0.168 V                              ; 6.66e-10 s                  ; 6.19e-10 s                  ; Yes                        ; No                         ; 3.08 V                      ; 2.99e-06 V                  ; 3.11 V             ; -0.0717 V          ; 0.209 V                             ; 0.168 V                             ; 6.66e-10 s                 ; 6.19e-10 s                 ; Yes                       ; No                        ;
; LED[3]         ; 3.3-V LVTTL  ; 0 s                 ; 0 s                 ; 3.08 V                       ; 2.99e-06 V                   ; 3.11 V              ; -0.0717 V           ; 0.209 V                              ; 0.168 V                              ; 6.66e-10 s                  ; 6.19e-10 s                  ; Yes                        ; No                         ; 3.08 V                      ; 2.99e-06 V                  ; 3.11 V             ; -0.0717 V          ; 0.209 V                             ; 0.168 V                             ; 6.66e-10 s                 ; 6.19e-10 s                 ; Yes                       ; No                        ;
; LED[4]         ; 3.3-V LVTTL  ; 0 s                 ; 0 s                 ; 3.08 V                       ; 2e-06 V                      ; 3.12 V              ; -0.0547 V           ; 0.276 V                              ; 0.181 V                              ; 9.17e-10 s                  ; 8.31e-10 s                  ; Yes                        ; No                         ; 3.08 V                      ; 2e-06 V                     ; 3.12 V             ; -0.0547 V          ; 0.276 V                             ; 0.181 V                             ; 9.17e-10 s                 ; 8.31e-10 s                 ; Yes                       ; No                        ;
; LED[5]         ; 3.3-V LVTTL  ; 0 s                 ; 0 s                 ; 3.08 V                       ; 2e-06 V                      ; 3.08 V              ; -0.00666 V          ; 0.298 V                              ; 0.277 V                              ; 5.29e-09 s                  ; 4.2e-09 s                   ; Yes                        ; No                         ; 3.08 V                      ; 2e-06 V                     ; 3.08 V             ; -0.00666 V         ; 0.298 V                             ; 0.277 V                             ; 5.29e-09 s                 ; 4.2e-09 s                  ; Yes                       ; No                        ;
; LED[6]         ; 3.3-V LVTTL  ; 0 s                 ; 0 s                 ; 3.08 V                       ; 2e-06 V                      ; 3.13 V              ; -0.0781 V           ; 0.202 V                              ; 0.359 V                              ; 6.54e-10 s                  ; 5e-10 s                     ; No                         ; No                         ; 3.08 V                      ; 2e-06 V                     ; 3.13 V             ; -0.0781 V          ; 0.202 V                             ; 0.359 V                             ; 6.54e-10 s                 ; 5e-10 s                    ; No                        ; No                        ;
; LED[7]         ; 3.3-V LVTTL  ; 0 s                 ; 0 s                 ; 3.08 V                       ; 2e-06 V                      ; 3.08 V              ; -0.00666 V          ; 0.298 V                              ; 0.277 V                              ; 5.29e-09 s                  ; 4.2e-09 s                   ; Yes                        ; No                         ; 3.08 V                      ; 2e-06 V                     ; 3.08 V             ; -0.00666 V         ; 0.298 V                             ; 0.277 V                             ; 5.29e-09 s                 ; 4.2e-09 s                  ; Yes                       ; No                        ;
; EPCS_NCSO      ; 3.3-V LVTTL  ; 0 s                 ; 0 s                 ; 3.08 V                       ; 4.54e-06 V                   ; 3.09 V              ; -0.0134 V           ; 0.121 V                              ; 0.243 V                              ; 1.77e-09 s                  ; 1.7e-09 s                   ; Yes                        ; Yes                        ; 3.08 V                      ; 4.54e-06 V                  ; 3.09 V             ; -0.0134 V          ; 0.121 V                             ; 0.243 V                             ; 1.77e-09 s                 ; 1.7e-09 s                  ; Yes                       ; Yes                       ;
; EPCS_DCLK      ; 3.3-V LVTTL  ; 0 s                 ; 0 s                 ; 3.08 V                       ; 1.02e-06 V                   ; 3.14 V              ; -0.123 V            ; 0.134 V                              ; 0.323 V                              ; 3.02e-10 s                  ; 2.85e-10 s                  ; Yes                        ; No                         ; 3.08 V                      ; 1.02e-06 V                  ; 3.14 V             ; -0.123 V           ; 0.134 V                             ; 0.323 V                             ; 3.02e-10 s                 ; 2.85e-10 s                 ; Yes                       ; No                        ;
; EPCS_ASDO      ; 3.3-V LVTTL  ; 0 s                 ; 0 s                 ; 3.08 V                       ; 4.54e-06 V                   ; 3.09 V              ; -0.0134 V           ; 0.121 V                              ; 0.243 V                              ; 1.77e-09 s                  ; 1.7e-09 s                   ; Yes                        ; Yes                        ; 3.08 V                      ; 4.54e-06 V                  ; 3.09 V             ; -0.0134 V          ; 0.121 V                             ; 0.243 V                             ; 1.77e-09 s                 ; 1.7e-09 s                  ; Yes                       ; Yes                       ;
; DRAMCLK_OUT    ; 3.3-V LVTTL  ; 0 s                 ; 0 s                 ; 3.08 V                       ; 2.99e-06 V                   ; 3.11 V              ; -0.0717 V           ; 0.209 V                              ; 0.168 V                              ; 6.66e-10 s                  ; 6.19e-10 s                  ; Yes                        ; No                         ; 3.08 V                      ; 2.99e-06 V                  ; 3.11 V             ; -0.0717 V          ; 0.209 V                             ; 0.168 V                             ; 6.66e-10 s                 ; 6.19e-10 s                 ; Yes                       ; No                        ;
; DRAM_CKE       ; 3.3-V LVTTL  ; 0 s                 ; 0 s                 ; 3.08 V                       ; 5.33e-06 V                   ; 3.09 V              ; -0.0159 V           ; 0.049 V                              ; 0.159 V                              ; 1.4e-09 s                   ; 9.83e-10 s                  ; Yes                        ; Yes                        ; 3.08 V                      ; 5.33e-06 V                  ; 3.09 V             ; -0.0159 V          ; 0.049 V                             ; 0.159 V                             ; 1.4e-09 s                  ; 9.83e-10 s                 ; Yes                       ; Yes                       ;
; DRAM_CS_N      ; 3.3-V LVTTL  ; 0 s                 ; 0 s                 ; 3.08 V                       ; 5.33e-06 V                   ; 3.08 V              ; 5.33e-06 V          ; 0.105 V                              ; 0.177 V                              ; 1.1e-08 s                   ; 7.52e-09 s                  ; Yes                        ; Yes                        ; 3.08 V                      ; 5.33e-06 V                  ; 3.08 V             ; 5.33e-06 V         ; 0.105 V                             ; 0.177 V                             ; 1.1e-08 s                  ; 7.52e-09 s                 ; Yes                       ; Yes                       ;
; DRAM_RAS_N     ; 3.3-V LVTTL  ; 0 s                 ; 0 s                 ; 3.08 V                       ; 3.58e-06 V                   ; 3.09 V              ; -0.0142 V           ; 0.087 V                              ; 0.168 V                              ; 1.98e-09 s                  ; 1.33e-09 s                  ; Yes                        ; Yes                        ; 3.08 V                      ; 3.58e-06 V                  ; 3.09 V             ; -0.0142 V          ; 0.087 V                             ; 0.168 V                             ; 1.98e-09 s                 ; 1.33e-09 s                 ; Yes                       ; Yes                       ;
; DRAM_CAS_N     ; 3.3-V LVTTL  ; 0 s                 ; 0 s                 ; 3.08 V                       ; 3.58e-06 V                   ; 3.09 V              ; -0.0142 V           ; 0.087 V                              ; 0.168 V                              ; 1.98e-09 s                  ; 1.33e-09 s                  ; Yes                        ; Yes                        ; 3.08 V                      ; 3.58e-06 V                  ; 3.09 V             ; -0.0142 V          ; 0.087 V                             ; 0.168 V                             ; 1.98e-09 s                 ; 1.33e-09 s                 ; Yes                       ; Yes                       ;
; DRAM_WE_N      ; 3.3-V LVTTL  ; 0 s                 ; 0 s                 ; 3.08 V                       ; 3.58e-06 V                   ; 3.09 V              ; -0.0142 V           ; 0.087 V                              ; 0.168 V                              ; 1.98e-09 s                  ; 1.33e-09 s                  ; Yes                        ; Yes                        ; 3.08 V                      ; 3.58e-06 V                  ; 3.09 V             ; -0.0142 V          ; 0.087 V                             ; 0.168 V                             ; 1.98e-09 s                 ; 1.33e-09 s                 ; Yes                       ; Yes                       ;
; DRAM_ADDR[0]   ; 3.3-V LVTTL  ; 0 s                 ; 0 s                 ; 3.08 V                       ; 3.58e-06 V                   ; 3.09 V              ; -0.0142 V           ; 0.087 V                              ; 0.168 V                              ; 1.98e-09 s                  ; 1.33e-09 s                  ; Yes                        ; Yes                        ; 3.08 V                      ; 3.58e-06 V                  ; 3.09 V             ; -0.0142 V          ; 0.087 V                             ; 0.168 V                             ; 1.98e-09 s                 ; 1.33e-09 s                 ; Yes                       ; Yes                       ;
; DRAM_ADDR[1]   ; 3.3-V LVTTL  ; 0 s                 ; 0 s                 ; 3.08 V                       ; 5.33e-06 V                   ; 3.09 V              ; -0.0159 V           ; 0.049 V                              ; 0.159 V                              ; 1.4e-09 s                   ; 9.83e-10 s                  ; Yes                        ; Yes                        ; 3.08 V                      ; 5.33e-06 V                  ; 3.09 V             ; -0.0159 V          ; 0.049 V                             ; 0.159 V                             ; 1.4e-09 s                  ; 9.83e-10 s                 ; Yes                       ; Yes                       ;
; DRAM_ADDR[2]   ; 3.3-V LVTTL  ; 0 s                 ; 0 s                 ; 3.08 V                       ; 5.33e-06 V                   ; 3.09 V              ; -0.0159 V           ; 0.049 V                              ; 0.159 V                              ; 1.4e-09 s                   ; 9.83e-10 s                  ; Yes                        ; Yes                        ; 3.08 V                      ; 5.33e-06 V                  ; 3.09 V             ; -0.0159 V          ; 0.049 V                             ; 0.159 V                             ; 1.4e-09 s                  ; 9.83e-10 s                 ; Yes                       ; Yes                       ;
; DRAM_ADDR[3]   ; 3.3-V LVTTL  ; 0 s                 ; 0 s                 ; 3.08 V                       ; 5.33e-06 V                   ; 3.09 V              ; -0.0159 V           ; 0.049 V                              ; 0.159 V                              ; 1.4e-09 s                   ; 9.83e-10 s                  ; Yes                        ; Yes                        ; 3.08 V                      ; 5.33e-06 V                  ; 3.09 V             ; -0.0159 V          ; 0.049 V                             ; 0.159 V                             ; 1.4e-09 s                  ; 9.83e-10 s                 ; Yes                       ; Yes                       ;
; DRAM_ADDR[4]   ; 3.3-V LVTTL  ; 0 s                 ; 0 s                 ; 3.08 V                       ; 5.33e-06 V                   ; 3.09 V              ; -0.0159 V           ; 0.049 V                              ; 0.159 V                              ; 1.4e-09 s                   ; 9.83e-10 s                  ; Yes                        ; Yes                        ; 3.08 V                      ; 5.33e-06 V                  ; 3.09 V             ; -0.0159 V          ; 0.049 V                             ; 0.159 V                             ; 1.4e-09 s                  ; 9.83e-10 s                 ; Yes                       ; Yes                       ;
; DRAM_ADDR[5]   ; 3.3-V LVTTL  ; 0 s                 ; 0 s                 ; 3.08 V                       ; 5.33e-06 V                   ; 3.09 V              ; -0.0159 V           ; 0.049 V                              ; 0.159 V                              ; 1.4e-09 s                   ; 9.83e-10 s                  ; Yes                        ; Yes                        ; 3.08 V                      ; 5.33e-06 V                  ; 3.09 V             ; -0.0159 V          ; 0.049 V                             ; 0.159 V                             ; 1.4e-09 s                  ; 9.83e-10 s                 ; Yes                       ; Yes                       ;
; DRAM_ADDR[6]   ; 3.3-V LVTTL  ; 0 s                 ; 0 s                 ; 3.08 V                       ; 5.33e-06 V                   ; 3.09 V              ; -0.0159 V           ; 0.049 V                              ; 0.159 V                              ; 1.4e-09 s                   ; 9.83e-10 s                  ; Yes                        ; Yes                        ; 3.08 V                      ; 5.33e-06 V                  ; 3.09 V             ; -0.0159 V          ; 0.049 V                             ; 0.159 V                             ; 1.4e-09 s                  ; 9.83e-10 s                 ; Yes                       ; Yes                       ;
; DRAM_ADDR[7]   ; 3.3-V LVTTL  ; 0 s                 ; 0 s                 ; 3.08 V                       ; 5.33e-06 V                   ; 3.09 V              ; -0.0159 V           ; 0.049 V                              ; 0.159 V                              ; 1.4e-09 s                   ; 9.83e-10 s                  ; Yes                        ; Yes                        ; 3.08 V                      ; 5.33e-06 V                  ; 3.09 V             ; -0.0159 V          ; 0.049 V                             ; 0.159 V                             ; 1.4e-09 s                  ; 9.83e-10 s                 ; Yes                       ; Yes                       ;
; DRAM_ADDR[8]   ; 3.3-V LVTTL  ; 0 s                 ; 0 s                 ; 3.08 V                       ; 3.58e-06 V                   ; 3.09 V              ; -0.0167 V           ; 0.07 V                               ; 0.14 V                               ; 1.34e-09 s                  ; 9.02e-10 s                  ; Yes                        ; Yes                        ; 3.08 V                      ; 3.58e-06 V                  ; 3.09 V             ; -0.0167 V          ; 0.07 V                              ; 0.14 V                              ; 1.34e-09 s                 ; 9.02e-10 s                 ; Yes                       ; Yes                       ;
; DRAM_ADDR[9]   ; 3.3-V LVTTL  ; 0 s                 ; 0 s                 ; 3.08 V                       ; 3.58e-06 V                   ; 3.09 V              ; -0.0142 V           ; 0.087 V                              ; 0.168 V                              ; 1.98e-09 s                  ; 1.33e-09 s                  ; Yes                        ; Yes                        ; 3.08 V                      ; 3.58e-06 V                  ; 3.09 V             ; -0.0142 V          ; 0.087 V                             ; 0.168 V                             ; 1.98e-09 s                 ; 1.33e-09 s                 ; Yes                       ; Yes                       ;
; DRAM_ADDR[10]  ; 3.3-V LVTTL  ; 0 s                 ; 0 s                 ; 3.08 V                       ; 3.58e-06 V                   ; 3.09 V              ; -0.0142 V           ; 0.087 V                              ; 0.168 V                              ; 1.98e-09 s                  ; 1.33e-09 s                  ; Yes                        ; Yes                        ; 3.08 V                      ; 3.58e-06 V                  ; 3.09 V             ; -0.0142 V          ; 0.087 V                             ; 0.168 V                             ; 1.98e-09 s                 ; 1.33e-09 s                 ; Yes                       ; Yes                       ;
; DRAM_ADDR[11]  ; 3.3-V LVTTL  ; 0 s                 ; 0 s                 ; 3.08 V                       ; 3.58e-06 V                   ; 3.09 V              ; -0.0142 V           ; 0.087 V                              ; 0.168 V                              ; 1.98e-09 s                  ; 1.33e-09 s                  ; Yes                        ; Yes                        ; 3.08 V                      ; 3.58e-06 V                  ; 3.09 V             ; -0.0142 V          ; 0.087 V                             ; 0.168 V                             ; 1.98e-09 s                 ; 1.33e-09 s                 ; Yes                       ; Yes                       ;
; DRAM_ADDR[12]  ; 3.3-V LVTTL  ; 0 s                 ; 0 s                 ; 3.08 V                       ; 3.58e-06 V                   ; 3.09 V              ; -0.0167 V           ; 0.07 V                               ; 0.14 V                               ; 1.34e-09 s                  ; 9.02e-10 s                  ; Yes                        ; Yes                        ; 3.08 V                      ; 3.58e-06 V                  ; 3.09 V             ; -0.0167 V          ; 0.07 V                              ; 0.14 V                              ; 1.34e-09 s                 ; 9.02e-10 s                 ; Yes                       ; Yes                       ;
; DRAM_BA[0]     ; 3.3-V LVTTL  ; 0 s                 ; 0 s                 ; 3.08 V                       ; 5.33e-06 V                   ; 3.09 V              ; -0.0159 V           ; 0.049 V                              ; 0.159 V                              ; 1.4e-09 s                   ; 9.83e-10 s                  ; Yes                        ; Yes                        ; 3.08 V                      ; 5.33e-06 V                  ; 3.09 V             ; -0.0159 V          ; 0.049 V                             ; 0.159 V                             ; 1.4e-09 s                  ; 9.83e-10 s                 ; Yes                       ; Yes                       ;
; DRAM_BA[1]     ; 3.3-V LVTTL  ; 0 s                 ; 0 s                 ; 3.08 V                       ; 5.33e-06 V                   ; 3.09 V              ; -0.0159 V           ; 0.049 V                              ; 0.159 V                              ; 1.4e-09 s                   ; 9.83e-10 s                  ; Yes                        ; Yes                        ; 3.08 V                      ; 5.33e-06 V                  ; 3.09 V             ; -0.0159 V          ; 0.049 V                             ; 0.159 V                             ; 1.4e-09 s                  ; 9.83e-10 s                 ; Yes                       ; Yes                       ;
; DRAM_DQM[0]    ; 3.3-V LVTTL  ; 0 s                 ; 0 s                 ; 3.08 V                       ; 5.33e-06 V                   ; 3.09 V              ; -0.0159 V           ; 0.049 V                              ; 0.159 V                              ; 1.4e-09 s                   ; 9.83e-10 s                  ; Yes                        ; Yes                        ; 3.08 V                      ; 5.33e-06 V                  ; 3.09 V             ; -0.0159 V          ; 0.049 V                             ; 0.159 V                             ; 1.4e-09 s                  ; 9.83e-10 s                 ; Yes                       ; Yes                       ;
; DRAM_DQM[1]    ; 3.3-V LVTTL  ; 0 s                 ; 0 s                 ; 3.08 V                       ; 5.33e-06 V                   ; 3.09 V              ; -0.0159 V           ; 0.049 V                              ; 0.159 V                              ; 1.4e-09 s                   ; 9.83e-10 s                  ; Yes                        ; Yes                        ; 3.08 V                      ; 5.33e-06 V                  ; 3.09 V             ; -0.0159 V          ; 0.049 V                             ; 0.159 V                             ; 1.4e-09 s                  ; 9.83e-10 s                 ; Yes                       ; Yes                       ;
; TMDS_DATA[0]   ; 3.3-V LVTTL  ; 0 s                 ; 0 s                 ; 3.08 V                       ; 2.99e-06 V                   ; 3.11 V              ; -0.0717 V           ; 0.209 V                              ; 0.168 V                              ; 6.66e-10 s                  ; 6.19e-10 s                  ; Yes                        ; No                         ; 3.08 V                      ; 2.99e-06 V                  ; 3.11 V             ; -0.0717 V          ; 0.209 V                             ; 0.168 V                             ; 6.66e-10 s                 ; 6.19e-10 s                 ; Yes                       ; No                        ;
; TMDS_DATA[1]   ; 3.3-V LVTTL  ; 0 s                 ; 0 s                 ; 3.08 V                       ; 2.99e-06 V                   ; 3.11 V              ; -0.0717 V           ; 0.209 V                              ; 0.168 V                              ; 6.66e-10 s                  ; 6.19e-10 s                  ; Yes                        ; No                         ; 3.08 V                      ; 2.99e-06 V                  ; 3.11 V             ; -0.0717 V          ; 0.209 V                             ; 0.168 V                             ; 6.66e-10 s                 ; 6.19e-10 s                 ; Yes                       ; No                        ;
; TMDS_DATA[2]   ; 3.3-V LVTTL  ; 0 s                 ; 0 s                 ; 3.08 V                       ; 2.99e-06 V                   ; 3.11 V              ; -0.0717 V           ; 0.209 V                              ; 0.168 V                              ; 6.66e-10 s                  ; 6.19e-10 s                  ; Yes                        ; No                         ; 3.08 V                      ; 2.99e-06 V                  ; 3.11 V             ; -0.0717 V          ; 0.209 V                             ; 0.168 V                             ; 6.66e-10 s                 ; 6.19e-10 s                 ; Yes                       ; No                        ;
; TMDS_DATA_N[0] ; 3.3-V LVTTL  ; 0 s                 ; 0 s                 ; 3.08 V                       ; 2.99e-06 V                   ; 3.11 V              ; -0.0717 V           ; 0.209 V                              ; 0.168 V                              ; 6.66e-10 s                  ; 6.19e-10 s                  ; Yes                        ; No                         ; 3.08 V                      ; 2.99e-06 V                  ; 3.11 V             ; -0.0717 V          ; 0.209 V                             ; 0.168 V                             ; 6.66e-10 s                 ; 6.19e-10 s                 ; Yes                       ; No                        ;
; TMDS_DATA_N[1] ; 3.3-V LVTTL  ; 0 s                 ; 0 s                 ; 3.08 V                       ; 2.99e-06 V                   ; 3.11 V              ; -0.0717 V           ; 0.209 V                              ; 0.168 V                              ; 6.66e-10 s                  ; 6.19e-10 s                  ; Yes                        ; No                         ; 3.08 V                      ; 2.99e-06 V                  ; 3.11 V             ; -0.0717 V          ; 0.209 V                             ; 0.168 V                             ; 6.66e-10 s                 ; 6.19e-10 s                 ; Yes                       ; No                        ;
; TMDS_DATA_N[2] ; 3.3-V LVTTL  ; 0 s                 ; 0 s                 ; 3.08 V                       ; 2.99e-06 V                   ; 3.11 V              ; -0.0717 V           ; 0.209 V                              ; 0.168 V                              ; 6.66e-10 s                  ; 6.19e-10 s                  ; Yes                        ; No                         ; 3.08 V                      ; 2.99e-06 V                  ; 3.11 V             ; -0.0717 V          ; 0.209 V                             ; 0.168 V                             ; 6.66e-10 s                 ; 6.19e-10 s                 ; Yes                       ; No                        ;
; TMDS_CLOCK     ; 3.3-V LVTTL  ; 0 s                 ; 0 s                 ; 3.08 V                       ; 2.99e-06 V                   ; 3.11 V              ; -0.0717 V           ; 0.209 V                              ; 0.168 V                              ; 6.66e-10 s                  ; 6.19e-10 s                  ; Yes                        ; No                         ; 3.08 V                      ; 2.99e-06 V                  ; 3.11 V             ; -0.0717 V          ; 0.209 V                             ; 0.168 V                             ; 6.66e-10 s                 ; 6.19e-10 s                 ; Yes                       ; No                        ;
; TMDS_CLOCK_N   ; 3.3-V LVTTL  ; 0 s                 ; 0 s                 ; 3.08 V                       ; 2.99e-06 V                   ; 3.11 V              ; -0.0717 V           ; 0.209 V                              ; 0.168 V                              ; 6.66e-10 s                  ; 6.19e-10 s                  ; Yes                        ; No                         ; 3.08 V                      ; 2.99e-06 V                  ; 3.11 V             ; -0.0717 V          ; 0.209 V                             ; 0.168 V                             ; 6.66e-10 s                 ; 6.19e-10 s                 ; Yes                       ; No                        ;
; SD_CLK         ; 3.3-V LVTTL  ; 0 s                 ; 0 s                 ; 3.08 V                       ; 2e-06 V                      ; 3.12 V              ; -0.0547 V           ; 0.276 V                              ; 0.181 V                              ; 9.17e-10 s                  ; 8.31e-10 s                  ; Yes                        ; No                         ; 3.08 V                      ; 2e-06 V                     ; 3.12 V             ; -0.0547 V          ; 0.276 V                             ; 0.181 V                             ; 9.17e-10 s                 ; 8.31e-10 s                 ; Yes                       ; No                        ;
; SD_CMD         ; 3.3-V LVTTL  ; 0 s                 ; 0 s                 ; 3.08 V                       ; 2.99e-06 V                   ; 3.11 V              ; -0.0717 V           ; 0.209 V                              ; 0.168 V                              ; 6.66e-10 s                  ; 6.19e-10 s                  ; Yes                        ; No                         ; 3.08 V                      ; 2.99e-06 V                  ; 3.11 V             ; -0.0717 V          ; 0.209 V                             ; 0.168 V                             ; 6.66e-10 s                 ; 6.19e-10 s                 ; Yes                       ; No                        ;
; SD_PWREN_N     ; 3.3-V LVTTL  ; 0 s                 ; 0 s                 ; 3.08 V                       ; 2.99e-06 V                   ; 3.11 V              ; -0.0717 V           ; 0.209 V                              ; 0.168 V                              ; 6.66e-10 s                  ; 6.19e-10 s                  ; Yes                        ; No                         ; 3.08 V                      ; 2.99e-06 V                  ; 3.11 V             ; -0.0717 V          ; 0.209 V                             ; 0.168 V                             ; 6.66e-10 s                 ; 6.19e-10 s                 ; Yes                       ; No                        ;
; USB_PWREN_N    ; 3.3-V LVTTL  ; 0 s                 ; 0 s                 ; 3.08 V                       ; 2.99e-06 V                   ; 3.11 V              ; -0.0717 V           ; 0.209 V                              ; 0.168 V                              ; 6.66e-10 s                  ; 6.19e-10 s                  ; Yes                        ; No                         ; 3.08 V                      ; 2.99e-06 V                  ; 3.11 V             ; -0.0717 V          ; 0.209 V                             ; 0.168 V                             ; 6.66e-10 s                 ; 6.19e-10 s                 ; Yes                       ; No                        ;
; AUD_L          ; 3.3-V LVTTL  ; 0 s                 ; 0 s                 ; 3.08 V                       ; 2e-06 V                      ; 3.08 V              ; -0.00666 V          ; 0.298 V                              ; 0.277 V                              ; 5.29e-09 s                  ; 4.2e-09 s                   ; Yes                        ; No                         ; 3.08 V                      ; 2e-06 V                     ; 3.08 V             ; -0.00666 V         ; 0.298 V                             ; 0.277 V                             ; 5.29e-09 s                 ; 4.2e-09 s                  ; Yes                       ; No                        ;
; AUD_R          ; 3.3-V LVTTL  ; 0 s                 ; 0 s                 ; 3.08 V                       ; 2e-06 V                      ; 3.13 V              ; -0.0781 V           ; 0.202 V                              ; 0.359 V                              ; 6.54e-10 s                  ; 5e-10 s                     ; No                         ; No                         ; 3.08 V                      ; 2e-06 V                     ; 3.13 V             ; -0.0781 V          ; 0.202 V                             ; 0.359 V                             ; 6.54e-10 s                 ; 5e-10 s                    ; No                        ; No                        ;
; ETH_SS_N       ; 3.3-V LVTTL  ; 0 s                 ; 0 s                 ; 3.08 V                       ; 2e-06 V                      ; 3.12 V              ; -0.0547 V           ; 0.276 V                              ; 0.181 V                              ; 9.17e-10 s                  ; 8.31e-10 s                  ; Yes                        ; No                         ; 3.08 V                      ; 2e-06 V                     ; 3.12 V             ; -0.0547 V          ; 0.276 V                             ; 0.181 V                             ; 9.17e-10 s                 ; 8.31e-10 s                 ; Yes                       ; No                        ;
; ETH_SCLK       ; 3.3-V LVTTL  ; 0 s                 ; 0 s                 ; 3.08 V                       ; 2e-06 V                      ; 3.12 V              ; -0.0547 V           ; 0.276 V                              ; 0.181 V                              ; 9.17e-10 s                  ; 8.31e-10 s                  ; Yes                        ; No                         ; 3.08 V                      ; 2e-06 V                     ; 3.12 V             ; -0.0547 V          ; 0.276 V                             ; 0.181 V                             ; 9.17e-10 s                 ; 8.31e-10 s                 ; Yes                       ; No                        ;
; ETH_MOSI       ; 3.3-V LVTTL  ; 0 s                 ; 0 s                 ; 3.08 V                       ; 2e-06 V                      ; 3.12 V              ; -0.0547 V           ; 0.276 V                              ; 0.181 V                              ; 9.17e-10 s                  ; 8.31e-10 s                  ; Yes                        ; No                         ; 3.08 V                      ; 2e-06 V                     ; 3.12 V             ; -0.0547 V          ; 0.276 V                             ; 0.181 V                             ; 9.17e-10 s                 ; 8.31e-10 s                 ; Yes                       ; No                        ;
; ETH_RST_N      ; 3.3-V LVTTL  ; 0 s                 ; 0 s                 ; 3.08 V                       ; 2.99e-06 V                   ; 3.11 V              ; -0.0717 V           ; 0.209 V                              ; 0.168 V                              ; 6.66e-10 s                  ; 6.19e-10 s                  ; Yes                        ; No                         ; 3.08 V                      ; 2.99e-06 V                  ; 3.11 V             ; -0.0717 V          ; 0.209 V                             ; 0.168 V                             ; 6.66e-10 s                 ; 6.19e-10 s                 ; Yes                       ; No                        ;
; LED_ACCESS     ; 3.3-V LVTTL  ; 0 s                 ; 0 s                 ; 3.08 V                       ; 2e-06 V                      ; 3.13 V              ; -0.0781 V           ; 0.202 V                              ; 0.359 V                              ; 6.54e-10 s                  ; 5e-10 s                     ; No                         ; No                         ; 3.08 V                      ; 2e-06 V                     ; 3.13 V             ; -0.0781 V          ; 0.202 V                             ; 0.359 V                             ; 6.54e-10 s                 ; 5e-10 s                    ; No                        ; No                        ;
; DRAM_DQ[0]     ; 3.3-V LVTTL  ; 0 s                 ; 0 s                 ; 3.08 V                       ; 3.58e-06 V                   ; 3.09 V              ; -0.0142 V           ; 0.087 V                              ; 0.168 V                              ; 1.98e-09 s                  ; 1.33e-09 s                  ; Yes                        ; Yes                        ; 3.08 V                      ; 3.58e-06 V                  ; 3.09 V             ; -0.0142 V          ; 0.087 V                             ; 0.168 V                             ; 1.98e-09 s                 ; 1.33e-09 s                 ; Yes                       ; Yes                       ;
; DRAM_DQ[1]     ; 3.3-V LVTTL  ; 0 s                 ; 0 s                 ; 3.08 V                       ; 3.58e-06 V                   ; 3.09 V              ; -0.0142 V           ; 0.087 V                              ; 0.168 V                              ; 1.98e-09 s                  ; 1.33e-09 s                  ; Yes                        ; Yes                        ; 3.08 V                      ; 3.58e-06 V                  ; 3.09 V             ; -0.0142 V          ; 0.087 V                             ; 0.168 V                             ; 1.98e-09 s                 ; 1.33e-09 s                 ; Yes                       ; Yes                       ;
; DRAM_DQ[2]     ; 3.3-V LVTTL  ; 0 s                 ; 0 s                 ; 3.08 V                       ; 5.33e-06 V                   ; 3.09 V              ; -0.0159 V           ; 0.049 V                              ; 0.159 V                              ; 1.4e-09 s                   ; 9.83e-10 s                  ; Yes                        ; Yes                        ; 3.08 V                      ; 5.33e-06 V                  ; 3.09 V             ; -0.0159 V          ; 0.049 V                             ; 0.159 V                             ; 1.4e-09 s                  ; 9.83e-10 s                 ; Yes                       ; Yes                       ;
; DRAM_DQ[3]     ; 3.3-V LVTTL  ; 0 s                 ; 0 s                 ; 3.08 V                       ; 3.58e-06 V                   ; 3.09 V              ; -0.0167 V           ; 0.07 V                               ; 0.14 V                               ; 1.34e-09 s                  ; 9.02e-10 s                  ; Yes                        ; Yes                        ; 3.08 V                      ; 3.58e-06 V                  ; 3.09 V             ; -0.0167 V          ; 0.07 V                              ; 0.14 V                              ; 1.34e-09 s                 ; 9.02e-10 s                 ; Yes                       ; Yes                       ;
; DRAM_DQ[4]     ; 3.3-V LVTTL  ; 0 s                 ; 0 s                 ; 3.08 V                       ; 3.58e-06 V                   ; 3.09 V              ; -0.0142 V           ; 0.087 V                              ; 0.168 V                              ; 1.98e-09 s                  ; 1.33e-09 s                  ; Yes                        ; Yes                        ; 3.08 V                      ; 3.58e-06 V                  ; 3.09 V             ; -0.0142 V          ; 0.087 V                             ; 0.168 V                             ; 1.98e-09 s                 ; 1.33e-09 s                 ; Yes                       ; Yes                       ;
; DRAM_DQ[5]     ; 3.3-V LVTTL  ; 0 s                 ; 0 s                 ; 3.08 V                       ; 3.58e-06 V                   ; 3.09 V              ; -0.0142 V           ; 0.087 V                              ; 0.168 V                              ; 1.98e-09 s                  ; 1.33e-09 s                  ; Yes                        ; Yes                        ; 3.08 V                      ; 3.58e-06 V                  ; 3.09 V             ; -0.0142 V          ; 0.087 V                             ; 0.168 V                             ; 1.98e-09 s                 ; 1.33e-09 s                 ; Yes                       ; Yes                       ;
; DRAM_DQ[6]     ; 3.3-V LVTTL  ; 0 s                 ; 0 s                 ; 3.08 V                       ; 3.58e-06 V                   ; 3.09 V              ; -0.0142 V           ; 0.087 V                              ; 0.168 V                              ; 1.98e-09 s                  ; 1.33e-09 s                  ; Yes                        ; Yes                        ; 3.08 V                      ; 3.58e-06 V                  ; 3.09 V             ; -0.0142 V          ; 0.087 V                             ; 0.168 V                             ; 1.98e-09 s                 ; 1.33e-09 s                 ; Yes                       ; Yes                       ;
; DRAM_DQ[7]     ; 3.3-V LVTTL  ; 0 s                 ; 0 s                 ; 3.08 V                       ; 5.33e-06 V                   ; 3.09 V              ; -0.0159 V           ; 0.049 V                              ; 0.159 V                              ; 1.4e-09 s                   ; 9.83e-10 s                  ; Yes                        ; Yes                        ; 3.08 V                      ; 5.33e-06 V                  ; 3.09 V             ; -0.0159 V          ; 0.049 V                             ; 0.159 V                             ; 1.4e-09 s                  ; 9.83e-10 s                 ; Yes                       ; Yes                       ;
; DRAM_DQ[8]     ; 3.3-V LVTTL  ; 0 s                 ; 0 s                 ; 3.08 V                       ; 5.33e-06 V                   ; 3.09 V              ; -0.0159 V           ; 0.049 V                              ; 0.159 V                              ; 1.4e-09 s                   ; 9.83e-10 s                  ; Yes                        ; Yes                        ; 3.08 V                      ; 5.33e-06 V                  ; 3.09 V             ; -0.0159 V          ; 0.049 V                             ; 0.159 V                             ; 1.4e-09 s                  ; 9.83e-10 s                 ; Yes                       ; Yes                       ;
; DRAM_DQ[9]     ; 3.3-V LVTTL  ; 0 s                 ; 0 s                 ; 3.08 V                       ; 5.33e-06 V                   ; 3.09 V              ; -0.0159 V           ; 0.049 V                              ; 0.159 V                              ; 1.4e-09 s                   ; 9.83e-10 s                  ; Yes                        ; Yes                        ; 3.08 V                      ; 5.33e-06 V                  ; 3.09 V             ; -0.0159 V          ; 0.049 V                             ; 0.159 V                             ; 1.4e-09 s                  ; 9.83e-10 s                 ; Yes                       ; Yes                       ;
; DRAM_DQ[10]    ; 3.3-V LVTTL  ; 0 s                 ; 0 s                 ; 3.08 V                       ; 5.33e-06 V                   ; 3.09 V              ; -0.0159 V           ; 0.049 V                              ; 0.159 V                              ; 1.4e-09 s                   ; 9.83e-10 s                  ; Yes                        ; Yes                        ; 3.08 V                      ; 5.33e-06 V                  ; 3.09 V             ; -0.0159 V          ; 0.049 V                             ; 0.159 V                             ; 1.4e-09 s                  ; 9.83e-10 s                 ; Yes                       ; Yes                       ;
; DRAM_DQ[11]    ; 3.3-V LVTTL  ; 0 s                 ; 0 s                 ; 3.08 V                       ; 5.33e-06 V                   ; 3.09 V              ; -0.0159 V           ; 0.049 V                              ; 0.159 V                              ; 1.4e-09 s                   ; 9.83e-10 s                  ; Yes                        ; Yes                        ; 3.08 V                      ; 5.33e-06 V                  ; 3.09 V             ; -0.0159 V          ; 0.049 V                             ; 0.159 V                             ; 1.4e-09 s                  ; 9.83e-10 s                 ; Yes                       ; Yes                       ;
; DRAM_DQ[12]    ; 3.3-V LVTTL  ; 0 s                 ; 0 s                 ; 3.08 V                       ; 5.33e-06 V                   ; 3.09 V              ; -0.0159 V           ; 0.049 V                              ; 0.159 V                              ; 1.4e-09 s                   ; 9.83e-10 s                  ; Yes                        ; Yes                        ; 3.08 V                      ; 5.33e-06 V                  ; 3.09 V             ; -0.0159 V          ; 0.049 V                             ; 0.159 V                             ; 1.4e-09 s                  ; 9.83e-10 s                 ; Yes                       ; Yes                       ;
; DRAM_DQ[13]    ; 3.3-V LVTTL  ; 0 s                 ; 0 s                 ; 3.08 V                       ; 5.33e-06 V                   ; 3.09 V              ; -0.0159 V           ; 0.049 V                              ; 0.159 V                              ; 1.4e-09 s                   ; 9.83e-10 s                  ; Yes                        ; Yes                        ; 3.08 V                      ; 5.33e-06 V                  ; 3.09 V             ; -0.0159 V          ; 0.049 V                             ; 0.159 V                             ; 1.4e-09 s                  ; 9.83e-10 s                 ; Yes                       ; Yes                       ;
; DRAM_DQ[14]    ; 3.3-V LVTTL  ; 0 s                 ; 0 s                 ; 3.08 V                       ; 5.33e-06 V                   ; 3.09 V              ; -0.0159 V           ; 0.049 V                              ; 0.159 V                              ; 1.4e-09 s                   ; 9.83e-10 s                  ; Yes                        ; Yes                        ; 3.08 V                      ; 5.33e-06 V                  ; 3.09 V             ; -0.0159 V          ; 0.049 V                             ; 0.159 V                             ; 1.4e-09 s                  ; 9.83e-10 s                 ; Yes                       ; Yes                       ;
; DRAM_DQ[15]    ; 3.3-V LVTTL  ; 0 s                 ; 0 s                 ; 3.08 V                       ; 3.58e-06 V                   ; 3.09 V              ; -0.0142 V           ; 0.087 V                              ; 0.168 V                              ; 1.98e-09 s                  ; 1.33e-09 s                  ; Yes                        ; Yes                        ; 3.08 V                      ; 3.58e-06 V                  ; 3.09 V             ; -0.0142 V          ; 0.087 V                             ; 0.168 V                             ; 1.98e-09 s                 ; 1.33e-09 s                 ; Yes                       ; Yes                       ;
; GPIO_0[0]      ; 3.3-V LVTTL  ; 0 s                 ; 0 s                 ; 3.08 V                       ; 2.99e-06 V                   ; 3.11 V              ; -0.0717 V           ; 0.209 V                              ; 0.168 V                              ; 6.66e-10 s                  ; 6.19e-10 s                  ; Yes                        ; No                         ; 3.08 V                      ; 2.99e-06 V                  ; 3.11 V             ; -0.0717 V          ; 0.209 V                             ; 0.168 V                             ; 6.66e-10 s                 ; 6.19e-10 s                 ; Yes                       ; No                        ;
; GPIO_0[1]      ; 3.3-V LVTTL  ; 0 s                 ; 0 s                 ; 3.08 V                       ; 2.99e-06 V                   ; 3.11 V              ; -0.0717 V           ; 0.209 V                              ; 0.168 V                              ; 6.66e-10 s                  ; 6.19e-10 s                  ; Yes                        ; No                         ; 3.08 V                      ; 2.99e-06 V                  ; 3.11 V             ; -0.0717 V          ; 0.209 V                             ; 0.168 V                             ; 6.66e-10 s                 ; 6.19e-10 s                 ; Yes                       ; No                        ;
; GPIO_0[2]      ; 3.3-V LVTTL  ; 0 s                 ; 0 s                 ; 3.08 V                       ; 2.99e-06 V                   ; 3.11 V              ; -0.0717 V           ; 0.209 V                              ; 0.168 V                              ; 6.66e-10 s                  ; 6.19e-10 s                  ; Yes                        ; No                         ; 3.08 V                      ; 2.99e-06 V                  ; 3.11 V             ; -0.0717 V          ; 0.209 V                             ; 0.168 V                             ; 6.66e-10 s                 ; 6.19e-10 s                 ; Yes                       ; No                        ;
; GPIO_0[3]      ; 3.3-V LVTTL  ; 0 s                 ; 0 s                 ; 3.08 V                       ; 2.99e-06 V                   ; 3.11 V              ; -0.0717 V           ; 0.209 V                              ; 0.168 V                              ; 6.66e-10 s                  ; 6.19e-10 s                  ; Yes                        ; No                         ; 3.08 V                      ; 2.99e-06 V                  ; 3.11 V             ; -0.0717 V          ; 0.209 V                             ; 0.168 V                             ; 6.66e-10 s                 ; 6.19e-10 s                 ; Yes                       ; No                        ;
; GPIO_0[4]      ; 3.3-V LVTTL  ; 0 s                 ; 0 s                 ; 3.08 V                       ; 2.99e-06 V                   ; 3.11 V              ; -0.0717 V           ; 0.209 V                              ; 0.168 V                              ; 6.66e-10 s                  ; 6.19e-10 s                  ; Yes                        ; No                         ; 3.08 V                      ; 2.99e-06 V                  ; 3.11 V             ; -0.0717 V          ; 0.209 V                             ; 0.168 V                             ; 6.66e-10 s                 ; 6.19e-10 s                 ; Yes                       ; No                        ;
; GPIO_0[5]      ; 3.3-V LVTTL  ; 0 s                 ; 0 s                 ; 3.08 V                       ; 2.99e-06 V                   ; 3.11 V              ; -0.0717 V           ; 0.209 V                              ; 0.168 V                              ; 6.66e-10 s                  ; 6.19e-10 s                  ; Yes                        ; No                         ; 3.08 V                      ; 2.99e-06 V                  ; 3.11 V             ; -0.0717 V          ; 0.209 V                             ; 0.168 V                             ; 6.66e-10 s                 ; 6.19e-10 s                 ; Yes                       ; No                        ;
; GPIO_0[6]      ; 3.3-V LVTTL  ; 0 s                 ; 0 s                 ; 3.08 V                       ; 2.99e-06 V                   ; 3.11 V              ; -0.0717 V           ; 0.209 V                              ; 0.168 V                              ; 6.66e-10 s                  ; 6.19e-10 s                  ; Yes                        ; No                         ; 3.08 V                      ; 2.99e-06 V                  ; 3.11 V             ; -0.0717 V          ; 0.209 V                             ; 0.168 V                             ; 6.66e-10 s                 ; 6.19e-10 s                 ; Yes                       ; No                        ;
; GPIO_0[7]      ; 3.3-V LVTTL  ; 0 s                 ; 0 s                 ; 3.08 V                       ; 2.99e-06 V                   ; 3.11 V              ; -0.0717 V           ; 0.209 V                              ; 0.168 V                              ; 6.66e-10 s                  ; 6.19e-10 s                  ; Yes                        ; No                         ; 3.08 V                      ; 2.99e-06 V                  ; 3.11 V             ; -0.0717 V          ; 0.209 V                             ; 0.168 V                             ; 6.66e-10 s                 ; 6.19e-10 s                 ; Yes                       ; No                        ;
; GPIO_0[8]      ; 3.3-V LVTTL  ; 0 s                 ; 0 s                 ; 3.08 V                       ; 2.99e-06 V                   ; 3.11 V              ; -0.0717 V           ; 0.209 V                              ; 0.168 V                              ; 6.66e-10 s                  ; 6.19e-10 s                  ; Yes                        ; No                         ; 3.08 V                      ; 2.99e-06 V                  ; 3.11 V             ; -0.0717 V          ; 0.209 V                             ; 0.168 V                             ; 6.66e-10 s                 ; 6.19e-10 s                 ; Yes                       ; No                        ;
; GPIO_0[9]      ; 3.3-V LVTTL  ; 0 s                 ; 0 s                 ; 3.08 V                       ; 2.99e-06 V                   ; 3.11 V              ; -0.0717 V           ; 0.209 V                              ; 0.168 V                              ; 6.66e-10 s                  ; 6.19e-10 s                  ; Yes                        ; No                         ; 3.08 V                      ; 2.99e-06 V                  ; 3.11 V             ; -0.0717 V          ; 0.209 V                             ; 0.168 V                             ; 6.66e-10 s                 ; 6.19e-10 s                 ; Yes                       ; No                        ;
; GPIO_0[10]     ; 3.3-V LVTTL  ; 0 s                 ; 0 s                 ; 3.08 V                       ; 2.99e-06 V                   ; 3.11 V              ; -0.0717 V           ; 0.209 V                              ; 0.168 V                              ; 6.66e-10 s                  ; 6.19e-10 s                  ; Yes                        ; No                         ; 3.08 V                      ; 2.99e-06 V                  ; 3.11 V             ; -0.0717 V          ; 0.209 V                             ; 0.168 V                             ; 6.66e-10 s                 ; 6.19e-10 s                 ; Yes                       ; No                        ;
; GPIO_0[11]     ; 3.3-V LVTTL  ; 0 s                 ; 0 s                 ; 3.08 V                       ; 2.99e-06 V                   ; 3.11 V              ; -0.0717 V           ; 0.209 V                              ; 0.168 V                              ; 6.66e-10 s                  ; 6.19e-10 s                  ; Yes                        ; No                         ; 3.08 V                      ; 2.99e-06 V                  ; 3.11 V             ; -0.0717 V          ; 0.209 V                             ; 0.168 V                             ; 6.66e-10 s                 ; 6.19e-10 s                 ; Yes                       ; No                        ;
; GPIO_0[12]     ; 3.3-V LVTTL  ; 0 s                 ; 0 s                 ; 3.08 V                       ; 2.99e-06 V                   ; 3.11 V              ; -0.0717 V           ; 0.209 V                              ; 0.168 V                              ; 6.66e-10 s                  ; 6.19e-10 s                  ; Yes                        ; No                         ; 3.08 V                      ; 2.99e-06 V                  ; 3.11 V             ; -0.0717 V          ; 0.209 V                             ; 0.168 V                             ; 6.66e-10 s                 ; 6.19e-10 s                 ; Yes                       ; No                        ;
; GPIO_0[13]     ; 3.3-V LVTTL  ; 0 s                 ; 0 s                 ; 3.08 V                       ; 2.99e-06 V                   ; 3.11 V              ; -0.0717 V           ; 0.209 V                              ; 0.168 V                              ; 6.66e-10 s                  ; 6.19e-10 s                  ; Yes                        ; No                         ; 3.08 V                      ; 2.99e-06 V                  ; 3.11 V             ; -0.0717 V          ; 0.209 V                             ; 0.168 V                             ; 6.66e-10 s                 ; 6.19e-10 s                 ; Yes                       ; No                        ;
; GPIO_0[14]     ; 3.3-V LVTTL  ; 0 s                 ; 0 s                 ; 3.08 V                       ; 2.99e-06 V                   ; 3.11 V              ; -0.0717 V           ; 0.209 V                              ; 0.168 V                              ; 6.66e-10 s                  ; 6.19e-10 s                  ; Yes                        ; No                         ; 3.08 V                      ; 2.99e-06 V                  ; 3.11 V             ; -0.0717 V          ; 0.209 V                             ; 0.168 V                             ; 6.66e-10 s                 ; 6.19e-10 s                 ; Yes                       ; No                        ;
; GPIO_0[15]     ; 3.3-V LVTTL  ; 0 s                 ; 0 s                 ; 3.08 V                       ; 2.99e-06 V                   ; 3.08 V              ; -0.00675 V          ; 0.232 V                              ; 0.283 V                              ; 5.31e-09 s                  ; 4.2e-09 s                   ; Yes                        ; No                         ; 3.08 V                      ; 2.99e-06 V                  ; 3.08 V             ; -0.00675 V         ; 0.232 V                             ; 0.283 V                             ; 5.31e-09 s                 ; 4.2e-09 s                  ; Yes                       ; No                        ;
; GPIO_0[16]     ; 3.3-V LVTTL  ; 0 s                 ; 0 s                 ; 3.08 V                       ; 2.99e-06 V                   ; 3.11 V              ; -0.0717 V           ; 0.209 V                              ; 0.168 V                              ; 6.66e-10 s                  ; 6.19e-10 s                  ; Yes                        ; No                         ; 3.08 V                      ; 2.99e-06 V                  ; 3.11 V             ; -0.0717 V          ; 0.209 V                             ; 0.168 V                             ; 6.66e-10 s                 ; 6.19e-10 s                 ; Yes                       ; No                        ;
; GPIO_0[17]     ; 3.3-V LVTTL  ; 0 s                 ; 0 s                 ; 3.08 V                       ; 2.99e-06 V                   ; 3.11 V              ; -0.0717 V           ; 0.209 V                              ; 0.168 V                              ; 6.66e-10 s                  ; 6.19e-10 s                  ; Yes                        ; No                         ; 3.08 V                      ; 2.99e-06 V                  ; 3.11 V             ; -0.0717 V          ; 0.209 V                             ; 0.168 V                             ; 6.66e-10 s                 ; 6.19e-10 s                 ; Yes                       ; No                        ;
; GPIO_0[18]     ; 3.3-V LVTTL  ; 0 s                 ; 0 s                 ; 3.08 V                       ; 2.99e-06 V                   ; 3.11 V              ; -0.0717 V           ; 0.209 V                              ; 0.168 V                              ; 6.66e-10 s                  ; 6.19e-10 s                  ; Yes                        ; No                         ; 3.08 V                      ; 2.99e-06 V                  ; 3.11 V             ; -0.0717 V          ; 0.209 V                             ; 0.168 V                             ; 6.66e-10 s                 ; 6.19e-10 s                 ; Yes                       ; No                        ;
; GPIO_0[19]     ; 3.3-V LVTTL  ; 0 s                 ; 0 s                 ; 3.08 V                       ; 2.99e-06 V                   ; 3.11 V              ; -0.0717 V           ; 0.209 V                              ; 0.168 V                              ; 6.66e-10 s                  ; 6.19e-10 s                  ; Yes                        ; No                         ; 3.08 V                      ; 2.99e-06 V                  ; 3.11 V             ; -0.0717 V          ; 0.209 V                             ; 0.168 V                             ; 6.66e-10 s                 ; 6.19e-10 s                 ; Yes                       ; No                        ;
; GPIO_0[20]     ; 3.3-V LVTTL  ; 0 s                 ; 0 s                 ; 3.08 V                       ; 2.99e-06 V                   ; 3.11 V              ; -0.0717 V           ; 0.209 V                              ; 0.168 V                              ; 6.66e-10 s                  ; 6.19e-10 s                  ; Yes                        ; No                         ; 3.08 V                      ; 2.99e-06 V                  ; 3.11 V             ; -0.0717 V          ; 0.209 V                             ; 0.168 V                             ; 6.66e-10 s                 ; 6.19e-10 s                 ; Yes                       ; No                        ;
; GPIO_0[21]     ; 3.3-V LVTTL  ; 0 s                 ; 0 s                 ; 3.08 V                       ; 2.99e-06 V                   ; 3.11 V              ; -0.0717 V           ; 0.209 V                              ; 0.168 V                              ; 6.66e-10 s                  ; 6.19e-10 s                  ; Yes                        ; No                         ; 3.08 V                      ; 2.99e-06 V                  ; 3.11 V             ; -0.0717 V          ; 0.209 V                             ; 0.168 V                             ; 6.66e-10 s                 ; 6.19e-10 s                 ; Yes                       ; No                        ;
; GPIO_0[22]     ; 3.3-V LVTTL  ; 0 s                 ; 0 s                 ; 3.08 V                       ; 2.99e-06 V                   ; 3.11 V              ; -0.0717 V           ; 0.209 V                              ; 0.168 V                              ; 6.66e-10 s                  ; 6.19e-10 s                  ; Yes                        ; No                         ; 3.08 V                      ; 2.99e-06 V                  ; 3.11 V             ; -0.0717 V          ; 0.209 V                             ; 0.168 V                             ; 6.66e-10 s                 ; 6.19e-10 s                 ; Yes                       ; No                        ;
; GPIO_0[23]     ; 3.3-V LVTTL  ; 0 s                 ; 0 s                 ; 3.08 V                       ; 2.99e-06 V                   ; 3.11 V              ; -0.0717 V           ; 0.209 V                              ; 0.168 V                              ; 6.66e-10 s                  ; 6.19e-10 s                  ; Yes                        ; No                         ; 3.08 V                      ; 2.99e-06 V                  ; 3.11 V             ; -0.0717 V          ; 0.209 V                             ; 0.168 V                             ; 6.66e-10 s                 ; 6.19e-10 s                 ; Yes                       ; No                        ;
; GPIO_0[24]     ; 3.3-V LVTTL  ; 0 s                 ; 0 s                 ; 3.08 V                       ; 2.99e-06 V                   ; 3.11 V              ; -0.0717 V           ; 0.209 V                              ; 0.168 V                              ; 6.66e-10 s                  ; 6.19e-10 s                  ; Yes                        ; No                         ; 3.08 V                      ; 2.99e-06 V                  ; 3.11 V             ; -0.0717 V          ; 0.209 V                             ; 0.168 V                             ; 6.66e-10 s                 ; 6.19e-10 s                 ; Yes                       ; No                        ;
; GPIO_0[25]     ; 3.3-V LVTTL  ; 0 s                 ; 0 s                 ; 3.08 V                       ; 2.99e-06 V                   ; 3.11 V              ; -0.0717 V           ; 0.209 V                              ; 0.168 V                              ; 6.66e-10 s                  ; 6.19e-10 s                  ; Yes                        ; No                         ; 3.08 V                      ; 2.99e-06 V                  ; 3.11 V             ; -0.0717 V          ; 0.209 V                             ; 0.168 V                             ; 6.66e-10 s                 ; 6.19e-10 s                 ; Yes                       ; No                        ;
; GPIO_0[26]     ; 3.3-V LVTTL  ; 0 s                 ; 0 s                 ; 3.08 V                       ; 2.99e-06 V                   ; 3.11 V              ; -0.0717 V           ; 0.209 V                              ; 0.168 V                              ; 6.66e-10 s                  ; 6.19e-10 s                  ; Yes                        ; No                         ; 3.08 V                      ; 2.99e-06 V                  ; 3.11 V             ; -0.0717 V          ; 0.209 V                             ; 0.168 V                             ; 6.66e-10 s                 ; 6.19e-10 s                 ; Yes                       ; No                        ;
; GPIO_0[27]     ; 3.3-V LVTTL  ; 0 s                 ; 0 s                 ; 3.08 V                       ; 2.99e-06 V                   ; 3.11 V              ; -0.0717 V           ; 0.209 V                              ; 0.168 V                              ; 6.66e-10 s                  ; 6.19e-10 s                  ; Yes                        ; No                         ; 3.08 V                      ; 2.99e-06 V                  ; 3.11 V             ; -0.0717 V          ; 0.209 V                             ; 0.168 V                             ; 6.66e-10 s                 ; 6.19e-10 s                 ; Yes                       ; No                        ;
; GPIO_0[28]     ; 3.3-V LVTTL  ; 0 s                 ; 0 s                 ; 3.08 V                       ; 2.99e-06 V                   ; 3.08 V              ; -0.00675 V          ; 0.232 V                              ; 0.283 V                              ; 5.31e-09 s                  ; 4.2e-09 s                   ; Yes                        ; No                         ; 3.08 V                      ; 2.99e-06 V                  ; 3.08 V             ; -0.00675 V         ; 0.232 V                             ; 0.283 V                             ; 5.31e-09 s                 ; 4.2e-09 s                  ; Yes                       ; No                        ;
; GPIO_0[29]     ; 3.3-V LVTTL  ; 0 s                 ; 0 s                 ; 3.08 V                       ; 2.99e-06 V                   ; 3.11 V              ; -0.0717 V           ; 0.209 V                              ; 0.168 V                              ; 6.66e-10 s                  ; 6.19e-10 s                  ; Yes                        ; No                         ; 3.08 V                      ; 2.99e-06 V                  ; 3.11 V             ; -0.0717 V          ; 0.209 V                             ; 0.168 V                             ; 6.66e-10 s                 ; 6.19e-10 s                 ; Yes                       ; No                        ;
; GPIO_0[30]     ; 3.3-V LVTTL  ; 0 s                 ; 0 s                 ; 3.08 V                       ; 2.99e-06 V                   ; 3.11 V              ; -0.0717 V           ; 0.209 V                              ; 0.168 V                              ; 6.66e-10 s                  ; 6.19e-10 s                  ; Yes                        ; No                         ; 3.08 V                      ; 2.99e-06 V                  ; 3.11 V             ; -0.0717 V          ; 0.209 V                             ; 0.168 V                             ; 6.66e-10 s                 ; 6.19e-10 s                 ; Yes                       ; No                        ;
; GPIO_0[31]     ; 3.3-V LVTTL  ; 0 s                 ; 0 s                 ; 3.08 V                       ; 2.99e-06 V                   ; 3.11 V              ; -0.0717 V           ; 0.209 V                              ; 0.168 V                              ; 6.66e-10 s                  ; 6.19e-10 s                  ; Yes                        ; No                         ; 3.08 V                      ; 2.99e-06 V                  ; 3.11 V             ; -0.0717 V          ; 0.209 V                             ; 0.168 V                             ; 6.66e-10 s                 ; 6.19e-10 s                 ; Yes                       ; No                        ;
; GPIO_0[32]     ; 3.3-V LVTTL  ; 0 s                 ; 0 s                 ; 3.08 V                       ; 2.99e-06 V                   ; 3.11 V              ; -0.0717 V           ; 0.209 V                              ; 0.168 V                              ; 6.66e-10 s                  ; 6.19e-10 s                  ; Yes                        ; No                         ; 3.08 V                      ; 2.99e-06 V                  ; 3.11 V             ; -0.0717 V          ; 0.209 V                             ; 0.168 V                             ; 6.66e-10 s                 ; 6.19e-10 s                 ; Yes                       ; No                        ;
; GPIO_0[33]     ; 3.3-V LVTTL  ; 0 s                 ; 0 s                 ; 3.08 V                       ; 2.99e-06 V                   ; 3.11 V              ; -0.0717 V           ; 0.209 V                              ; 0.168 V                              ; 6.66e-10 s                  ; 6.19e-10 s                  ; Yes                        ; No                         ; 3.08 V                      ; 2.99e-06 V                  ; 3.11 V             ; -0.0717 V          ; 0.209 V                             ; 0.168 V                             ; 6.66e-10 s                 ; 6.19e-10 s                 ; Yes                       ; No                        ;
; SD_DAT[0]      ; 3.3-V LVTTL  ; 0 s                 ; 0 s                 ; 3.08 V                       ; 2e-06 V                      ; 3.12 V              ; -0.0547 V           ; 0.276 V                              ; 0.181 V                              ; 9.17e-10 s                  ; 8.31e-10 s                  ; Yes                        ; No                         ; 3.08 V                      ; 2e-06 V                     ; 3.12 V             ; -0.0547 V          ; 0.276 V                             ; 0.181 V                             ; 9.17e-10 s                 ; 8.31e-10 s                 ; Yes                       ; No                        ;
; SD_DAT[1]      ; 3.3-V LVTTL  ; 0 s                 ; 0 s                 ; 3.08 V                       ; 2.99e-06 V                   ; 3.11 V              ; -0.0717 V           ; 0.209 V                              ; 0.168 V                              ; 6.66e-10 s                  ; 6.19e-10 s                  ; Yes                        ; No                         ; 3.08 V                      ; 2.99e-06 V                  ; 3.11 V             ; -0.0717 V          ; 0.209 V                             ; 0.168 V                             ; 6.66e-10 s                 ; 6.19e-10 s                 ; Yes                       ; No                        ;
; SD_DAT[2]      ; 3.3-V LVTTL  ; 0 s                 ; 0 s                 ; 3.08 V                       ; 2e-06 V                      ; 3.12 V              ; -0.0547 V           ; 0.276 V                              ; 0.181 V                              ; 9.17e-10 s                  ; 8.31e-10 s                  ; Yes                        ; No                         ; 3.08 V                      ; 2e-06 V                     ; 3.12 V             ; -0.0547 V          ; 0.276 V                             ; 0.181 V                             ; 9.17e-10 s                 ; 8.31e-10 s                 ; Yes                       ; No                        ;
; USB_DP         ; 3.3-V LVTTL  ; 0 s                 ; 0 s                 ; 3.08 V                       ; 2e-06 V                      ; 3.12 V              ; -0.0547 V           ; 0.276 V                              ; 0.181 V                              ; 9.17e-10 s                  ; 8.31e-10 s                  ; Yes                        ; No                         ; 3.08 V                      ; 2e-06 V                     ; 3.12 V             ; -0.0547 V          ; 0.276 V                             ; 0.181 V                             ; 9.17e-10 s                 ; 8.31e-10 s                 ; Yes                       ; No                        ;
; USB_DM         ; 3.3-V LVTTL  ; 0 s                 ; 0 s                 ; 3.08 V                       ; 2e-06 V                      ; 3.12 V              ; -0.0547 V           ; 0.276 V                              ; 0.181 V                              ; 9.17e-10 s                  ; 8.31e-10 s                  ; Yes                        ; No                         ; 3.08 V                      ; 2e-06 V                     ; 3.12 V             ; -0.0547 V          ; 0.276 V                             ; 0.181 V                             ; 9.17e-10 s                 ; 8.31e-10 s                 ; Yes                       ; No                        ;
; EDID_SCL       ; 3.3-V LVTTL  ; 0 s                 ; 0 s                 ; 3.08 V                       ; 2.99e-06 V                   ; 3.11 V              ; -0.0717 V           ; 0.209 V                              ; 0.168 V                              ; 6.66e-10 s                  ; 6.19e-10 s                  ; Yes                        ; No                         ; 3.08 V                      ; 2.99e-06 V                  ; 3.11 V             ; -0.0717 V          ; 0.209 V                             ; 0.168 V                             ; 6.66e-10 s                 ; 6.19e-10 s                 ; Yes                       ; No                        ;
; EDID_SDA       ; 3.3-V LVTTL  ; 0 s                 ; 0 s                 ; 3.08 V                       ; 2e-06 V                      ; 3.13 V              ; -0.0781 V           ; 0.202 V                              ; 0.359 V                              ; 6.54e-10 s                  ; 5e-10 s                     ; No                         ; No                         ; 3.08 V                      ; 2e-06 V                     ; 3.13 V             ; -0.0781 V          ; 0.202 V                             ; 0.359 V                             ; 6.54e-10 s                 ; 5e-10 s                    ; No                        ; No                        ;
; SD_DAT[3]      ; 3.3-V LVTTL  ; 0 s                 ; 0 s                 ; 3.08 V                       ; 2e-06 V                      ; 3.12 V              ; -0.0547 V           ; 0.276 V                              ; 0.181 V                              ; 9.17e-10 s                  ; 8.31e-10 s                  ; Yes                        ; No                         ; 3.08 V                      ; 2e-06 V                     ; 3.12 V             ; -0.0547 V          ; 0.276 V                             ; 0.181 V                             ; 9.17e-10 s                 ; 8.31e-10 s                 ; Yes                       ; No                        ;
; RESERVED_GND1  ; 3.3-V LVTTL  ; 0 s                 ; 0 s                 ; 3.08 V                       ; 2.61e-07 V                   ; 4.53 V              ; -0.838 V            ; 1.38 V                               ; 0.786 V                              ; 8.33e-11 s                  ; 1.83e-10 s                  ; No                         ; No                         ; 3.08 V                      ; 2.61e-07 V                  ; 4.53 V             ; -0.838 V           ; 1.38 V                              ; 0.786 V                             ; 8.33e-11 s                 ; 1.83e-10 s                 ; No                        ; No                        ;
; RESERVED_GND2  ; 3.3-V LVTTL  ; 0 s                 ; 0 s                 ; 3.08 V                       ; 2.61e-07 V                   ; 4.53 V              ; -0.838 V            ; 1.38 V                               ; 0.786 V                              ; 8.33e-11 s                  ; 1.83e-10 s                  ; No                         ; No                         ; 3.08 V                      ; 2.61e-07 V                  ; 4.53 V             ; -0.838 V           ; 1.38 V                              ; 0.786 V                             ; 8.33e-11 s                 ; 1.83e-10 s                 ; No                        ; No                        ;
; RESERVED_GND3  ; 3.3-V LVTTL  ; 0 s                 ; 0 s                 ; 3.08 V                       ; 2.61e-07 V                   ; 3.15 V              ; -0.12 V             ; 0.132 V                              ; 0.201 V                              ; 4.66e-10 s                  ; 4.52e-10 s                  ; Yes                        ; Yes                        ; 3.08 V                      ; 2.61e-07 V                  ; 3.15 V             ; -0.12 V            ; 0.132 V                             ; 0.201 V                             ; 4.66e-10 s                 ; 4.52e-10 s                 ; Yes                       ; Yes                       ;
; RESERVED_GND4  ; 3.3-V LVTTL  ; 0 s                 ; 0 s                 ; 3.08 V                       ; 2.61e-07 V                   ; 4.53 V              ; -0.838 V            ; 1.38 V                               ; 0.786 V                              ; 8.33e-11 s                  ; 1.83e-10 s                  ; No                         ; No                         ; 3.08 V                      ; 2.61e-07 V                  ; 4.53 V             ; -0.838 V           ; 1.38 V                              ; 0.786 V                             ; 8.33e-11 s                 ; 1.83e-10 s                 ; No                        ; No                        ;
+----------------+--------------+---------------------+---------------------+------------------------------+------------------------------+---------------------+---------------------+--------------------------------------+--------------------------------------+-----------------------------+-----------------------------+----------------------------+----------------------------+-----------------------------+-----------------------------+--------------------+--------------------+-------------------------------------+-------------------------------------+----------------------------+----------------------------+---------------------------+---------------------------+


+---------------------------------------------------------------------------------------------------------------------------------------------------------------------------------------------------------------------------------------------------------------------------------------------------------------------------------------------------------------------------------------------------------------------------------------------------------------------------------------------------------------------------------------------------------------------------------------------------------------------------------------------------------------------------------------------+
; Signal Integrity Metrics (Fast 1200mv 0c Model)                                                                                                                                                                                                                                                                                                                                                                                                                                                                                                                                                                                                                                             ;
+----------------+--------------+---------------------+---------------------+------------------------------+------------------------------+---------------------+---------------------+--------------------------------------+--------------------------------------+-----------------------------+-----------------------------+----------------------------+----------------------------+-----------------------------+-----------------------------+--------------------+--------------------+-------------------------------------+-------------------------------------+----------------------------+----------------------------+---------------------------+---------------------------+
; Pin            ; I/O Standard ; Board Delay on Rise ; Board Delay on Fall ; Steady State Voh at FPGA Pin ; Steady State Vol at FPGA Pin ; Voh Max at FPGA Pin ; Vol Min at FPGA Pin ; Ringback Voltage on Rise at FPGA Pin ; Ringback Voltage on Fall at FPGA Pin ; 10-90 Rise Time at FPGA Pin ; 90-10 Fall Time at FPGA Pin ; Monotonic Rise at FPGA Pin ; Monotonic Fall at FPGA Pin ; Steady State Voh at Far-end ; Steady State Vol at Far-end ; Voh Max at Far-end ; Vol Min at Far-end ; Ringback Voltage on Rise at Far-end ; Ringback Voltage on Fall at Far-end ; 10-90 Rise Time at Far-end ; 90-10 Fall Time at Far-end ; Monotonic Rise at Far-end ; Monotonic Fall at Far-end ;
+----------------+--------------+---------------------+---------------------+------------------------------+------------------------------+---------------------+---------------------+--------------------------------------+--------------------------------------+-----------------------------+-----------------------------+----------------------------+----------------------------+-----------------------------+-----------------------------+--------------------+--------------------+-------------------------------------+-------------------------------------+----------------------------+----------------------------+---------------------------+---------------------------+
; LED[0]         ; 3.3-V LVTTL  ; 0 s                 ; 0 s                 ; 3.46 V                       ; 1.85e-07 V                   ; 3.57 V              ; -0.141 V            ; 0.301 V                              ; 0.239 V                              ; 4.61e-10 s                  ; 4.2e-10 s                   ; No                         ; No                         ; 3.46 V                      ; 1.85e-07 V                  ; 3.57 V             ; -0.141 V           ; 0.301 V                             ; 0.239 V                             ; 4.61e-10 s                 ; 4.2e-10 s                  ; No                        ; No                        ;
; LED[1]         ; 3.3-V LVTTL  ; 0 s                 ; 0 s                 ; 3.46 V                       ; 1.85e-07 V                   ; 3.57 V              ; -0.141 V            ; 0.301 V                              ; 0.239 V                              ; 4.61e-10 s                  ; 4.2e-10 s                   ; No                         ; No                         ; 3.46 V                      ; 1.85e-07 V                  ; 3.57 V             ; -0.141 V           ; 0.301 V                             ; 0.239 V                             ; 4.61e-10 s                 ; 4.2e-10 s                  ; No                        ; No                        ;
; LED[2]         ; 3.3-V LVTTL  ; 0 s                 ; 0 s                 ; 3.46 V                       ; 1.85e-07 V                   ; 3.57 V              ; -0.141 V            ; 0.301 V                              ; 0.239 V                              ; 4.61e-10 s                  ; 4.2e-10 s                   ; No                         ; No                         ; 3.46 V                      ; 1.85e-07 V                  ; 3.57 V             ; -0.141 V           ; 0.301 V                             ; 0.239 V                             ; 4.61e-10 s                 ; 4.2e-10 s                  ; No                        ; No                        ;
; LED[3]         ; 3.3-V LVTTL  ; 0 s                 ; 0 s                 ; 3.46 V                       ; 1.85e-07 V                   ; 3.57 V              ; -0.141 V            ; 0.301 V                              ; 0.239 V                              ; 4.61e-10 s                  ; 4.2e-10 s                   ; No                         ; No                         ; 3.46 V                      ; 1.85e-07 V                  ; 3.57 V             ; -0.141 V           ; 0.301 V                             ; 0.239 V                             ; 4.61e-10 s                 ; 4.2e-10 s                  ; No                        ; No                        ;
; LED[4]         ; 3.3-V LVTTL  ; 0 s                 ; 0 s                 ; 3.46 V                       ; 1.25e-07 V                   ; 3.57 V              ; -0.0855 V           ; 0.315 V                              ; 0.175 V                              ; 6.79e-10 s                  ; 6.15e-10 s                  ; No                         ; No                         ; 3.46 V                      ; 1.25e-07 V                  ; 3.57 V             ; -0.0855 V          ; 0.315 V                             ; 0.175 V                             ; 6.79e-10 s                 ; 6.15e-10 s                 ; No                        ; No                        ;
; LED[5]         ; 3.3-V LVTTL  ; 0 s                 ; 0 s                 ; 3.46 V                       ; 1.25e-07 V                   ; 3.48 V              ; -0.0162 V           ; 0.354 V                              ; 0.317 V                              ; 3.88e-09 s                  ; 3.06e-09 s                  ; No                         ; No                         ; 3.46 V                      ; 1.25e-07 V                  ; 3.48 V             ; -0.0162 V          ; 0.354 V                             ; 0.317 V                             ; 3.88e-09 s                 ; 3.06e-09 s                 ; No                        ; No                        ;
; LED[6]         ; 3.3-V LVTTL  ; 0 s                 ; 0 s                 ; 3.46 V                       ; 1.25e-07 V                   ; 3.6 V               ; -0.127 V            ; 0.302 V                              ; 0.21 V                               ; 4.55e-10 s                  ; 4.11e-10 s                  ; No                         ; No                         ; 3.46 V                      ; 1.25e-07 V                  ; 3.6 V              ; -0.127 V           ; 0.302 V                             ; 0.21 V                              ; 4.55e-10 s                 ; 4.11e-10 s                 ; No                        ; No                        ;
; LED[7]         ; 3.3-V LVTTL  ; 0 s                 ; 0 s                 ; 3.46 V                       ; 1.25e-07 V                   ; 3.48 V              ; -0.0162 V           ; 0.354 V                              ; 0.317 V                              ; 3.88e-09 s                  ; 3.06e-09 s                  ; No                         ; No                         ; 3.46 V                      ; 1.25e-07 V                  ; 3.48 V             ; -0.0162 V          ; 0.354 V                             ; 0.317 V                             ; 3.88e-09 s                 ; 3.06e-09 s                 ; No                        ; No                        ;
; EPCS_NCSO      ; 3.3-V LVTTL  ; 0 s                 ; 0 s                 ; 3.46 V                       ; 2.83e-07 V                   ; 3.49 V              ; -0.0372 V           ; 0.265 V                              ; 0.238 V                              ; 1.3e-09 s                   ; 1.28e-09 s                  ; No                         ; No                         ; 3.46 V                      ; 2.83e-07 V                  ; 3.49 V             ; -0.0372 V          ; 0.265 V                             ; 0.238 V                             ; 1.3e-09 s                  ; 1.28e-09 s                 ; No                        ; No                        ;
; EPCS_DCLK      ; 3.3-V LVTTL  ; 0 s                 ; 0 s                 ; 3.46 V                       ; 6.54e-08 V                   ; 3.66 V              ; -0.26 V             ; 0.41 V                               ; 0.32 V                               ; 1.57e-10 s                  ; 2.15e-10 s                  ; No                         ; Yes                        ; 3.46 V                      ; 6.54e-08 V                  ; 3.66 V             ; -0.26 V            ; 0.41 V                              ; 0.32 V                              ; 1.57e-10 s                 ; 2.15e-10 s                 ; No                        ; Yes                       ;
; EPCS_ASDO      ; 3.3-V LVTTL  ; 0 s                 ; 0 s                 ; 3.46 V                       ; 2.83e-07 V                   ; 3.49 V              ; -0.0372 V           ; 0.265 V                              ; 0.238 V                              ; 1.3e-09 s                   ; 1.28e-09 s                  ; No                         ; No                         ; 3.46 V                      ; 2.83e-07 V                  ; 3.49 V             ; -0.0372 V          ; 0.265 V                             ; 0.238 V                             ; 1.3e-09 s                  ; 1.28e-09 s                 ; No                        ; No                        ;
; DRAMCLK_OUT    ; 3.3-V LVTTL  ; 0 s                 ; 0 s                 ; 3.46 V                       ; 1.85e-07 V                   ; 3.57 V              ; -0.141 V            ; 0.301 V                              ; 0.239 V                              ; 4.61e-10 s                  ; 4.2e-10 s                   ; No                         ; No                         ; 3.46 V                      ; 1.85e-07 V                  ; 3.57 V             ; -0.141 V           ; 0.301 V                             ; 0.239 V                             ; 4.61e-10 s                 ; 4.2e-10 s                  ; No                        ; No                        ;
; DRAM_CKE       ; 3.3-V LVTTL  ; 0 s                 ; 0 s                 ; 3.46 V                       ; 3.31e-07 V                   ; 3.49 V              ; -0.0467 V           ; 0.219 V                              ; 0.269 V                              ; 1.03e-09 s                  ; 6.66e-10 s                  ; No                         ; Yes                        ; 3.46 V                      ; 3.31e-07 V                  ; 3.49 V             ; -0.0467 V          ; 0.219 V                             ; 0.269 V                             ; 1.03e-09 s                 ; 6.66e-10 s                 ; No                        ; Yes                       ;
; DRAM_CS_N      ; 3.3-V LVTTL  ; 0 s                 ; 0 s                 ; 3.46 V                       ; 3.31e-07 V                   ; 3.46 V              ; -0.00608 V          ; 0.311 V                              ; 0.314 V                              ; 7.88e-09 s                  ; 5.61e-09 s                  ; Yes                        ; No                         ; 3.46 V                      ; 3.31e-07 V                  ; 3.46 V             ; -0.00608 V         ; 0.311 V                             ; 0.314 V                             ; 7.88e-09 s                 ; 5.61e-09 s                 ; Yes                       ; No                        ;
; DRAM_RAS_N     ; 3.3-V LVTTL  ; 0 s                 ; 0 s                 ; 3.46 V                       ; 2.24e-07 V                   ; 3.49 V              ; -0.0424 V           ; 0.353 V                              ; 0.206 V                              ; 1.37e-09 s                  ; 1.05e-09 s                  ; No                         ; No                         ; 3.46 V                      ; 2.24e-07 V                  ; 3.49 V             ; -0.0424 V          ; 0.353 V                             ; 0.206 V                             ; 1.37e-09 s                 ; 1.05e-09 s                 ; No                        ; No                        ;
; DRAM_CAS_N     ; 3.3-V LVTTL  ; 0 s                 ; 0 s                 ; 3.46 V                       ; 2.24e-07 V                   ; 3.49 V              ; -0.0424 V           ; 0.353 V                              ; 0.206 V                              ; 1.37e-09 s                  ; 1.05e-09 s                  ; No                         ; No                         ; 3.46 V                      ; 2.24e-07 V                  ; 3.49 V             ; -0.0424 V          ; 0.353 V                             ; 0.206 V                             ; 1.37e-09 s                 ; 1.05e-09 s                 ; No                        ; No                        ;
; DRAM_WE_N      ; 3.3-V LVTTL  ; 0 s                 ; 0 s                 ; 3.46 V                       ; 2.24e-07 V                   ; 3.49 V              ; -0.0424 V           ; 0.353 V                              ; 0.206 V                              ; 1.37e-09 s                  ; 1.05e-09 s                  ; No                         ; No                         ; 3.46 V                      ; 2.24e-07 V                  ; 3.49 V             ; -0.0424 V          ; 0.353 V                             ; 0.206 V                             ; 1.37e-09 s                 ; 1.05e-09 s                 ; No                        ; No                        ;
; DRAM_ADDR[0]   ; 3.3-V LVTTL  ; 0 s                 ; 0 s                 ; 3.46 V                       ; 2.24e-07 V                   ; 3.49 V              ; -0.0424 V           ; 0.353 V                              ; 0.206 V                              ; 1.37e-09 s                  ; 1.05e-09 s                  ; No                         ; No                         ; 3.46 V                      ; 2.24e-07 V                  ; 3.49 V             ; -0.0424 V          ; 0.353 V                             ; 0.206 V                             ; 1.37e-09 s                 ; 1.05e-09 s                 ; No                        ; No                        ;
; DRAM_ADDR[1]   ; 3.3-V LVTTL  ; 0 s                 ; 0 s                 ; 3.46 V                       ; 3.31e-07 V                   ; 3.49 V              ; -0.0467 V           ; 0.219 V                              ; 0.269 V                              ; 1.03e-09 s                  ; 6.66e-10 s                  ; No                         ; Yes                        ; 3.46 V                      ; 3.31e-07 V                  ; 3.49 V             ; -0.0467 V          ; 0.219 V                             ; 0.269 V                             ; 1.03e-09 s                 ; 6.66e-10 s                 ; No                        ; Yes                       ;
; DRAM_ADDR[2]   ; 3.3-V LVTTL  ; 0 s                 ; 0 s                 ; 3.46 V                       ; 3.31e-07 V                   ; 3.49 V              ; -0.0467 V           ; 0.219 V                              ; 0.269 V                              ; 1.03e-09 s                  ; 6.66e-10 s                  ; No                         ; Yes                        ; 3.46 V                      ; 3.31e-07 V                  ; 3.49 V             ; -0.0467 V          ; 0.219 V                             ; 0.269 V                             ; 1.03e-09 s                 ; 6.66e-10 s                 ; No                        ; Yes                       ;
; DRAM_ADDR[3]   ; 3.3-V LVTTL  ; 0 s                 ; 0 s                 ; 3.46 V                       ; 3.31e-07 V                   ; 3.49 V              ; -0.0467 V           ; 0.219 V                              ; 0.269 V                              ; 1.03e-09 s                  ; 6.66e-10 s                  ; No                         ; Yes                        ; 3.46 V                      ; 3.31e-07 V                  ; 3.49 V             ; -0.0467 V          ; 0.219 V                             ; 0.269 V                             ; 1.03e-09 s                 ; 6.66e-10 s                 ; No                        ; Yes                       ;
; DRAM_ADDR[4]   ; 3.3-V LVTTL  ; 0 s                 ; 0 s                 ; 3.46 V                       ; 3.31e-07 V                   ; 3.49 V              ; -0.0467 V           ; 0.219 V                              ; 0.269 V                              ; 1.03e-09 s                  ; 6.66e-10 s                  ; No                         ; Yes                        ; 3.46 V                      ; 3.31e-07 V                  ; 3.49 V             ; -0.0467 V          ; 0.219 V                             ; 0.269 V                             ; 1.03e-09 s                 ; 6.66e-10 s                 ; No                        ; Yes                       ;
; DRAM_ADDR[5]   ; 3.3-V LVTTL  ; 0 s                 ; 0 s                 ; 3.46 V                       ; 3.31e-07 V                   ; 3.49 V              ; -0.0467 V           ; 0.219 V                              ; 0.269 V                              ; 1.03e-09 s                  ; 6.66e-10 s                  ; No                         ; Yes                        ; 3.46 V                      ; 3.31e-07 V                  ; 3.49 V             ; -0.0467 V          ; 0.219 V                             ; 0.269 V                             ; 1.03e-09 s                 ; 6.66e-10 s                 ; No                        ; Yes                       ;
; DRAM_ADDR[6]   ; 3.3-V LVTTL  ; 0 s                 ; 0 s                 ; 3.46 V                       ; 3.31e-07 V                   ; 3.49 V              ; -0.0467 V           ; 0.219 V                              ; 0.269 V                              ; 1.03e-09 s                  ; 6.66e-10 s                  ; No                         ; Yes                        ; 3.46 V                      ; 3.31e-07 V                  ; 3.49 V             ; -0.0467 V          ; 0.219 V                             ; 0.269 V                             ; 1.03e-09 s                 ; 6.66e-10 s                 ; No                        ; Yes                       ;
; DRAM_ADDR[7]   ; 3.3-V LVTTL  ; 0 s                 ; 0 s                 ; 3.46 V                       ; 3.31e-07 V                   ; 3.49 V              ; -0.0467 V           ; 0.219 V                              ; 0.269 V                              ; 1.03e-09 s                  ; 6.66e-10 s                  ; No                         ; Yes                        ; 3.46 V                      ; 3.31e-07 V                  ; 3.49 V             ; -0.0467 V          ; 0.219 V                             ; 0.269 V                             ; 1.03e-09 s                 ; 6.66e-10 s                 ; No                        ; Yes                       ;
; DRAM_ADDR[8]   ; 3.3-V LVTTL  ; 0 s                 ; 0 s                 ; 3.46 V                       ; 2.24e-07 V                   ; 3.49 V              ; -0.0519 V           ; 0.345 V                              ; 0.248 V                              ; 9.1e-10 s                   ; 6.56e-10 s                  ; Yes                        ; Yes                        ; 3.46 V                      ; 2.24e-07 V                  ; 3.49 V             ; -0.0519 V          ; 0.345 V                             ; 0.248 V                             ; 9.1e-10 s                  ; 6.56e-10 s                 ; Yes                       ; Yes                       ;
; DRAM_ADDR[9]   ; 3.3-V LVTTL  ; 0 s                 ; 0 s                 ; 3.46 V                       ; 2.24e-07 V                   ; 3.49 V              ; -0.0424 V           ; 0.353 V                              ; 0.206 V                              ; 1.37e-09 s                  ; 1.05e-09 s                  ; No                         ; No                         ; 3.46 V                      ; 2.24e-07 V                  ; 3.49 V             ; -0.0424 V          ; 0.353 V                             ; 0.206 V                             ; 1.37e-09 s                 ; 1.05e-09 s                 ; No                        ; No                        ;
; DRAM_ADDR[10]  ; 3.3-V LVTTL  ; 0 s                 ; 0 s                 ; 3.46 V                       ; 2.24e-07 V                   ; 3.49 V              ; -0.0424 V           ; 0.353 V                              ; 0.206 V                              ; 1.37e-09 s                  ; 1.05e-09 s                  ; No                         ; No                         ; 3.46 V                      ; 2.24e-07 V                  ; 3.49 V             ; -0.0424 V          ; 0.353 V                             ; 0.206 V                             ; 1.37e-09 s                 ; 1.05e-09 s                 ; No                        ; No                        ;
; DRAM_ADDR[11]  ; 3.3-V LVTTL  ; 0 s                 ; 0 s                 ; 3.46 V                       ; 2.24e-07 V                   ; 3.49 V              ; -0.0424 V           ; 0.353 V                              ; 0.206 V                              ; 1.37e-09 s                  ; 1.05e-09 s                  ; No                         ; No                         ; 3.46 V                      ; 2.24e-07 V                  ; 3.49 V             ; -0.0424 V          ; 0.353 V                             ; 0.206 V                             ; 1.37e-09 s                 ; 1.05e-09 s                 ; No                        ; No                        ;
; DRAM_ADDR[12]  ; 3.3-V LVTTL  ; 0 s                 ; 0 s                 ; 3.46 V                       ; 2.24e-07 V                   ; 3.49 V              ; -0.0519 V           ; 0.345 V                              ; 0.248 V                              ; 9.1e-10 s                   ; 6.56e-10 s                  ; Yes                        ; Yes                        ; 3.46 V                      ; 2.24e-07 V                  ; 3.49 V             ; -0.0519 V          ; 0.345 V                             ; 0.248 V                             ; 9.1e-10 s                  ; 6.56e-10 s                 ; Yes                       ; Yes                       ;
; DRAM_BA[0]     ; 3.3-V LVTTL  ; 0 s                 ; 0 s                 ; 3.46 V                       ; 3.31e-07 V                   ; 3.49 V              ; -0.0467 V           ; 0.219 V                              ; 0.269 V                              ; 1.03e-09 s                  ; 6.66e-10 s                  ; No                         ; Yes                        ; 3.46 V                      ; 3.31e-07 V                  ; 3.49 V             ; -0.0467 V          ; 0.219 V                             ; 0.269 V                             ; 1.03e-09 s                 ; 6.66e-10 s                 ; No                        ; Yes                       ;
; DRAM_BA[1]     ; 3.3-V LVTTL  ; 0 s                 ; 0 s                 ; 3.46 V                       ; 3.31e-07 V                   ; 3.49 V              ; -0.0467 V           ; 0.219 V                              ; 0.269 V                              ; 1.03e-09 s                  ; 6.66e-10 s                  ; No                         ; Yes                        ; 3.46 V                      ; 3.31e-07 V                  ; 3.49 V             ; -0.0467 V          ; 0.219 V                             ; 0.269 V                             ; 1.03e-09 s                 ; 6.66e-10 s                 ; No                        ; Yes                       ;
; DRAM_DQM[0]    ; 3.3-V LVTTL  ; 0 s                 ; 0 s                 ; 3.46 V                       ; 3.31e-07 V                   ; 3.49 V              ; -0.0467 V           ; 0.219 V                              ; 0.269 V                              ; 1.03e-09 s                  ; 6.66e-10 s                  ; No                         ; Yes                        ; 3.46 V                      ; 3.31e-07 V                  ; 3.49 V             ; -0.0467 V          ; 0.219 V                             ; 0.269 V                             ; 1.03e-09 s                 ; 6.66e-10 s                 ; No                        ; Yes                       ;
; DRAM_DQM[1]    ; 3.3-V LVTTL  ; 0 s                 ; 0 s                 ; 3.46 V                       ; 3.31e-07 V                   ; 3.49 V              ; -0.0467 V           ; 0.219 V                              ; 0.269 V                              ; 1.03e-09 s                  ; 6.66e-10 s                  ; No                         ; Yes                        ; 3.46 V                      ; 3.31e-07 V                  ; 3.49 V             ; -0.0467 V          ; 0.219 V                             ; 0.269 V                             ; 1.03e-09 s                 ; 6.66e-10 s                 ; No                        ; Yes                       ;
; TMDS_DATA[0]   ; 3.3-V LVTTL  ; 0 s                 ; 0 s                 ; 3.46 V                       ; 1.85e-07 V                   ; 3.57 V              ; -0.141 V            ; 0.301 V                              ; 0.239 V                              ; 4.61e-10 s                  ; 4.2e-10 s                   ; No                         ; No                         ; 3.46 V                      ; 1.85e-07 V                  ; 3.57 V             ; -0.141 V           ; 0.301 V                             ; 0.239 V                             ; 4.61e-10 s                 ; 4.2e-10 s                  ; No                        ; No                        ;
; TMDS_DATA[1]   ; 3.3-V LVTTL  ; 0 s                 ; 0 s                 ; 3.46 V                       ; 1.85e-07 V                   ; 3.57 V              ; -0.141 V            ; 0.301 V                              ; 0.239 V                              ; 4.61e-10 s                  ; 4.2e-10 s                   ; No                         ; No                         ; 3.46 V                      ; 1.85e-07 V                  ; 3.57 V             ; -0.141 V           ; 0.301 V                             ; 0.239 V                             ; 4.61e-10 s                 ; 4.2e-10 s                  ; No                        ; No                        ;
; TMDS_DATA[2]   ; 3.3-V LVTTL  ; 0 s                 ; 0 s                 ; 3.46 V                       ; 1.85e-07 V                   ; 3.57 V              ; -0.141 V            ; 0.301 V                              ; 0.239 V                              ; 4.61e-10 s                  ; 4.2e-10 s                   ; No                         ; No                         ; 3.46 V                      ; 1.85e-07 V                  ; 3.57 V             ; -0.141 V           ; 0.301 V                             ; 0.239 V                             ; 4.61e-10 s                 ; 4.2e-10 s                  ; No                        ; No                        ;
; TMDS_DATA_N[0] ; 3.3-V LVTTL  ; 0 s                 ; 0 s                 ; 3.46 V                       ; 1.85e-07 V                   ; 3.57 V              ; -0.141 V            ; 0.301 V                              ; 0.239 V                              ; 4.61e-10 s                  ; 4.2e-10 s                   ; No                         ; No                         ; 3.46 V                      ; 1.85e-07 V                  ; 3.57 V             ; -0.141 V           ; 0.301 V                             ; 0.239 V                             ; 4.61e-10 s                 ; 4.2e-10 s                  ; No                        ; No                        ;
; TMDS_DATA_N[1] ; 3.3-V LVTTL  ; 0 s                 ; 0 s                 ; 3.46 V                       ; 1.85e-07 V                   ; 3.57 V              ; -0.141 V            ; 0.301 V                              ; 0.239 V                              ; 4.61e-10 s                  ; 4.2e-10 s                   ; No                         ; No                         ; 3.46 V                      ; 1.85e-07 V                  ; 3.57 V             ; -0.141 V           ; 0.301 V                             ; 0.239 V                             ; 4.61e-10 s                 ; 4.2e-10 s                  ; No                        ; No                        ;
; TMDS_DATA_N[2] ; 3.3-V LVTTL  ; 0 s                 ; 0 s                 ; 3.46 V                       ; 1.85e-07 V                   ; 3.57 V              ; -0.141 V            ; 0.301 V                              ; 0.239 V                              ; 4.61e-10 s                  ; 4.2e-10 s                   ; No                         ; No                         ; 3.46 V                      ; 1.85e-07 V                  ; 3.57 V             ; -0.141 V           ; 0.301 V                             ; 0.239 V                             ; 4.61e-10 s                 ; 4.2e-10 s                  ; No                        ; No                        ;
; TMDS_CLOCK     ; 3.3-V LVTTL  ; 0 s                 ; 0 s                 ; 3.46 V                       ; 1.85e-07 V                   ; 3.57 V              ; -0.141 V            ; 0.301 V                              ; 0.239 V                              ; 4.61e-10 s                  ; 4.2e-10 s                   ; No                         ; No                         ; 3.46 V                      ; 1.85e-07 V                  ; 3.57 V             ; -0.141 V           ; 0.301 V                             ; 0.239 V                             ; 4.61e-10 s                 ; 4.2e-10 s                  ; No                        ; No                        ;
; TMDS_CLOCK_N   ; 3.3-V LVTTL  ; 0 s                 ; 0 s                 ; 3.46 V                       ; 1.85e-07 V                   ; 3.57 V              ; -0.141 V            ; 0.301 V                              ; 0.239 V                              ; 4.61e-10 s                  ; 4.2e-10 s                   ; No                         ; No                         ; 3.46 V                      ; 1.85e-07 V                  ; 3.57 V             ; -0.141 V           ; 0.301 V                             ; 0.239 V                             ; 4.61e-10 s                 ; 4.2e-10 s                  ; No                        ; No                        ;
; SD_CLK         ; 3.3-V LVTTL  ; 0 s                 ; 0 s                 ; 3.46 V                       ; 1.25e-07 V                   ; 3.57 V              ; -0.0855 V           ; 0.315 V                              ; 0.175 V                              ; 6.79e-10 s                  ; 6.15e-10 s                  ; No                         ; No                         ; 3.46 V                      ; 1.25e-07 V                  ; 3.57 V             ; -0.0855 V          ; 0.315 V                             ; 0.175 V                             ; 6.79e-10 s                 ; 6.15e-10 s                 ; No                        ; No                        ;
; SD_CMD         ; 3.3-V LVTTL  ; 0 s                 ; 0 s                 ; 3.46 V                       ; 1.85e-07 V                   ; 3.57 V              ; -0.141 V            ; 0.301 V                              ; 0.239 V                              ; 4.61e-10 s                  ; 4.2e-10 s                   ; No                         ; No                         ; 3.46 V                      ; 1.85e-07 V                  ; 3.57 V             ; -0.141 V           ; 0.301 V                             ; 0.239 V                             ; 4.61e-10 s                 ; 4.2e-10 s                  ; No                        ; No                        ;
; SD_PWREN_N     ; 3.3-V LVTTL  ; 0 s                 ; 0 s                 ; 3.46 V                       ; 1.85e-07 V                   ; 3.57 V              ; -0.141 V            ; 0.301 V                              ; 0.239 V                              ; 4.61e-10 s                  ; 4.2e-10 s                   ; No                         ; No                         ; 3.46 V                      ; 1.85e-07 V                  ; 3.57 V             ; -0.141 V           ; 0.301 V                             ; 0.239 V                             ; 4.61e-10 s                 ; 4.2e-10 s                  ; No                        ; No                        ;
; USB_PWREN_N    ; 3.3-V LVTTL  ; 0 s                 ; 0 s                 ; 3.46 V                       ; 1.85e-07 V                   ; 3.57 V              ; -0.141 V            ; 0.301 V                              ; 0.239 V                              ; 4.61e-10 s                  ; 4.2e-10 s                   ; No                         ; No                         ; 3.46 V                      ; 1.85e-07 V                  ; 3.57 V             ; -0.141 V           ; 0.301 V                             ; 0.239 V                             ; 4.61e-10 s                 ; 4.2e-10 s                  ; No                        ; No                        ;
; AUD_L          ; 3.3-V LVTTL  ; 0 s                 ; 0 s                 ; 3.46 V                       ; 1.25e-07 V                   ; 3.48 V              ; -0.0162 V           ; 0.354 V                              ; 0.317 V                              ; 3.88e-09 s                  ; 3.06e-09 s                  ; No                         ; No                         ; 3.46 V                      ; 1.25e-07 V                  ; 3.48 V             ; -0.0162 V          ; 0.354 V                             ; 0.317 V                             ; 3.88e-09 s                 ; 3.06e-09 s                 ; No                        ; No                        ;
; AUD_R          ; 3.3-V LVTTL  ; 0 s                 ; 0 s                 ; 3.46 V                       ; 1.25e-07 V                   ; 3.6 V               ; -0.127 V            ; 0.302 V                              ; 0.21 V                               ; 4.55e-10 s                  ; 4.11e-10 s                  ; No                         ; No                         ; 3.46 V                      ; 1.25e-07 V                  ; 3.6 V              ; -0.127 V           ; 0.302 V                             ; 0.21 V                              ; 4.55e-10 s                 ; 4.11e-10 s                 ; No                        ; No                        ;
; ETH_SS_N       ; 3.3-V LVTTL  ; 0 s                 ; 0 s                 ; 3.46 V                       ; 1.25e-07 V                   ; 3.57 V              ; -0.0855 V           ; 0.315 V                              ; 0.175 V                              ; 6.79e-10 s                  ; 6.15e-10 s                  ; No                         ; No                         ; 3.46 V                      ; 1.25e-07 V                  ; 3.57 V             ; -0.0855 V          ; 0.315 V                             ; 0.175 V                             ; 6.79e-10 s                 ; 6.15e-10 s                 ; No                        ; No                        ;
; ETH_SCLK       ; 3.3-V LVTTL  ; 0 s                 ; 0 s                 ; 3.46 V                       ; 1.25e-07 V                   ; 3.57 V              ; -0.0855 V           ; 0.315 V                              ; 0.175 V                              ; 6.79e-10 s                  ; 6.15e-10 s                  ; No                         ; No                         ; 3.46 V                      ; 1.25e-07 V                  ; 3.57 V             ; -0.0855 V          ; 0.315 V                             ; 0.175 V                             ; 6.79e-10 s                 ; 6.15e-10 s                 ; No                        ; No                        ;
; ETH_MOSI       ; 3.3-V LVTTL  ; 0 s                 ; 0 s                 ; 3.46 V                       ; 1.25e-07 V                   ; 3.57 V              ; -0.0855 V           ; 0.315 V                              ; 0.175 V                              ; 6.79e-10 s                  ; 6.15e-10 s                  ; No                         ; No                         ; 3.46 V                      ; 1.25e-07 V                  ; 3.57 V             ; -0.0855 V          ; 0.315 V                             ; 0.175 V                             ; 6.79e-10 s                 ; 6.15e-10 s                 ; No                        ; No                        ;
; ETH_RST_N      ; 3.3-V LVTTL  ; 0 s                 ; 0 s                 ; 3.46 V                       ; 1.85e-07 V                   ; 3.57 V              ; -0.141 V            ; 0.301 V                              ; 0.239 V                              ; 4.61e-10 s                  ; 4.2e-10 s                   ; No                         ; No                         ; 3.46 V                      ; 1.85e-07 V                  ; 3.57 V             ; -0.141 V           ; 0.301 V                             ; 0.239 V                             ; 4.61e-10 s                 ; 4.2e-10 s                  ; No                        ; No                        ;
; LED_ACCESS     ; 3.3-V LVTTL  ; 0 s                 ; 0 s                 ; 3.46 V                       ; 1.25e-07 V                   ; 3.6 V               ; -0.127 V            ; 0.302 V                              ; 0.21 V                               ; 4.55e-10 s                  ; 4.11e-10 s                  ; No                         ; No                         ; 3.46 V                      ; 1.25e-07 V                  ; 3.6 V              ; -0.127 V           ; 0.302 V                             ; 0.21 V                              ; 4.55e-10 s                 ; 4.11e-10 s                 ; No                        ; No                        ;
; DRAM_DQ[0]     ; 3.3-V LVTTL  ; 0 s                 ; 0 s                 ; 3.46 V                       ; 2.24e-07 V                   ; 3.49 V              ; -0.0424 V           ; 0.353 V                              ; 0.206 V                              ; 1.37e-09 s                  ; 1.05e-09 s                  ; No                         ; No                         ; 3.46 V                      ; 2.24e-07 V                  ; 3.49 V             ; -0.0424 V          ; 0.353 V                             ; 0.206 V                             ; 1.37e-09 s                 ; 1.05e-09 s                 ; No                        ; No                        ;
; DRAM_DQ[1]     ; 3.3-V LVTTL  ; 0 s                 ; 0 s                 ; 3.46 V                       ; 2.24e-07 V                   ; 3.49 V              ; -0.0424 V           ; 0.353 V                              ; 0.206 V                              ; 1.37e-09 s                  ; 1.05e-09 s                  ; No                         ; No                         ; 3.46 V                      ; 2.24e-07 V                  ; 3.49 V             ; -0.0424 V          ; 0.353 V                             ; 0.206 V                             ; 1.37e-09 s                 ; 1.05e-09 s                 ; No                        ; No                        ;
; DRAM_DQ[2]     ; 3.3-V LVTTL  ; 0 s                 ; 0 s                 ; 3.46 V                       ; 3.31e-07 V                   ; 3.49 V              ; -0.0467 V           ; 0.219 V                              ; 0.269 V                              ; 1.03e-09 s                  ; 6.66e-10 s                  ; No                         ; Yes                        ; 3.46 V                      ; 3.31e-07 V                  ; 3.49 V             ; -0.0467 V          ; 0.219 V                             ; 0.269 V                             ; 1.03e-09 s                 ; 6.66e-10 s                 ; No                        ; Yes                       ;
; DRAM_DQ[3]     ; 3.3-V LVTTL  ; 0 s                 ; 0 s                 ; 3.46 V                       ; 2.24e-07 V                   ; 3.49 V              ; -0.0519 V           ; 0.345 V                              ; 0.248 V                              ; 9.1e-10 s                   ; 6.56e-10 s                  ; Yes                        ; Yes                        ; 3.46 V                      ; 2.24e-07 V                  ; 3.49 V             ; -0.0519 V          ; 0.345 V                             ; 0.248 V                             ; 9.1e-10 s                  ; 6.56e-10 s                 ; Yes                       ; Yes                       ;
; DRAM_DQ[4]     ; 3.3-V LVTTL  ; 0 s                 ; 0 s                 ; 3.46 V                       ; 2.24e-07 V                   ; 3.49 V              ; -0.0424 V           ; 0.353 V                              ; 0.206 V                              ; 1.37e-09 s                  ; 1.05e-09 s                  ; No                         ; No                         ; 3.46 V                      ; 2.24e-07 V                  ; 3.49 V             ; -0.0424 V          ; 0.353 V                             ; 0.206 V                             ; 1.37e-09 s                 ; 1.05e-09 s                 ; No                        ; No                        ;
; DRAM_DQ[5]     ; 3.3-V LVTTL  ; 0 s                 ; 0 s                 ; 3.46 V                       ; 2.24e-07 V                   ; 3.49 V              ; -0.0424 V           ; 0.353 V                              ; 0.206 V                              ; 1.37e-09 s                  ; 1.05e-09 s                  ; No                         ; No                         ; 3.46 V                      ; 2.24e-07 V                  ; 3.49 V             ; -0.0424 V          ; 0.353 V                             ; 0.206 V                             ; 1.37e-09 s                 ; 1.05e-09 s                 ; No                        ; No                        ;
; DRAM_DQ[6]     ; 3.3-V LVTTL  ; 0 s                 ; 0 s                 ; 3.46 V                       ; 2.24e-07 V                   ; 3.49 V              ; -0.0424 V           ; 0.353 V                              ; 0.206 V                              ; 1.37e-09 s                  ; 1.05e-09 s                  ; No                         ; No                         ; 3.46 V                      ; 2.24e-07 V                  ; 3.49 V             ; -0.0424 V          ; 0.353 V                             ; 0.206 V                             ; 1.37e-09 s                 ; 1.05e-09 s                 ; No                        ; No                        ;
; DRAM_DQ[7]     ; 3.3-V LVTTL  ; 0 s                 ; 0 s                 ; 3.46 V                       ; 3.31e-07 V                   ; 3.49 V              ; -0.0467 V           ; 0.219 V                              ; 0.269 V                              ; 1.03e-09 s                  ; 6.66e-10 s                  ; No                         ; Yes                        ; 3.46 V                      ; 3.31e-07 V                  ; 3.49 V             ; -0.0467 V          ; 0.219 V                             ; 0.269 V                             ; 1.03e-09 s                 ; 6.66e-10 s                 ; No                        ; Yes                       ;
; DRAM_DQ[8]     ; 3.3-V LVTTL  ; 0 s                 ; 0 s                 ; 3.46 V                       ; 3.31e-07 V                   ; 3.49 V              ; -0.0467 V           ; 0.219 V                              ; 0.269 V                              ; 1.03e-09 s                  ; 6.66e-10 s                  ; No                         ; Yes                        ; 3.46 V                      ; 3.31e-07 V                  ; 3.49 V             ; -0.0467 V          ; 0.219 V                             ; 0.269 V                             ; 1.03e-09 s                 ; 6.66e-10 s                 ; No                        ; Yes                       ;
; DRAM_DQ[9]     ; 3.3-V LVTTL  ; 0 s                 ; 0 s                 ; 3.46 V                       ; 3.31e-07 V                   ; 3.49 V              ; -0.0467 V           ; 0.219 V                              ; 0.269 V                              ; 1.03e-09 s                  ; 6.66e-10 s                  ; No                         ; Yes                        ; 3.46 V                      ; 3.31e-07 V                  ; 3.49 V             ; -0.0467 V          ; 0.219 V                             ; 0.269 V                             ; 1.03e-09 s                 ; 6.66e-10 s                 ; No                        ; Yes                       ;
; DRAM_DQ[10]    ; 3.3-V LVTTL  ; 0 s                 ; 0 s                 ; 3.46 V                       ; 3.31e-07 V                   ; 3.49 V              ; -0.0467 V           ; 0.219 V                              ; 0.269 V                              ; 1.03e-09 s                  ; 6.66e-10 s                  ; No                         ; Yes                        ; 3.46 V                      ; 3.31e-07 V                  ; 3.49 V             ; -0.0467 V          ; 0.219 V                             ; 0.269 V                             ; 1.03e-09 s                 ; 6.66e-10 s                 ; No                        ; Yes                       ;
; DRAM_DQ[11]    ; 3.3-V LVTTL  ; 0 s                 ; 0 s                 ; 3.46 V                       ; 3.31e-07 V                   ; 3.49 V              ; -0.0467 V           ; 0.219 V                              ; 0.269 V                              ; 1.03e-09 s                  ; 6.66e-10 s                  ; No                         ; Yes                        ; 3.46 V                      ; 3.31e-07 V                  ; 3.49 V             ; -0.0467 V          ; 0.219 V                             ; 0.269 V                             ; 1.03e-09 s                 ; 6.66e-10 s                 ; No                        ; Yes                       ;
; DRAM_DQ[12]    ; 3.3-V LVTTL  ; 0 s                 ; 0 s                 ; 3.46 V                       ; 3.31e-07 V                   ; 3.49 V              ; -0.0467 V           ; 0.219 V                              ; 0.269 V                              ; 1.03e-09 s                  ; 6.66e-10 s                  ; No                         ; Yes                        ; 3.46 V                      ; 3.31e-07 V                  ; 3.49 V             ; -0.0467 V          ; 0.219 V                             ; 0.269 V                             ; 1.03e-09 s                 ; 6.66e-10 s                 ; No                        ; Yes                       ;
; DRAM_DQ[13]    ; 3.3-V LVTTL  ; 0 s                 ; 0 s                 ; 3.46 V                       ; 3.31e-07 V                   ; 3.49 V              ; -0.0467 V           ; 0.219 V                              ; 0.269 V                              ; 1.03e-09 s                  ; 6.66e-10 s                  ; No                         ; Yes                        ; 3.46 V                      ; 3.31e-07 V                  ; 3.49 V             ; -0.0467 V          ; 0.219 V                             ; 0.269 V                             ; 1.03e-09 s                 ; 6.66e-10 s                 ; No                        ; Yes                       ;
; DRAM_DQ[14]    ; 3.3-V LVTTL  ; 0 s                 ; 0 s                 ; 3.46 V                       ; 3.31e-07 V                   ; 3.49 V              ; -0.0467 V           ; 0.219 V                              ; 0.269 V                              ; 1.03e-09 s                  ; 6.66e-10 s                  ; No                         ; Yes                        ; 3.46 V                      ; 3.31e-07 V                  ; 3.49 V             ; -0.0467 V          ; 0.219 V                             ; 0.269 V                             ; 1.03e-09 s                 ; 6.66e-10 s                 ; No                        ; Yes                       ;
; DRAM_DQ[15]    ; 3.3-V LVTTL  ; 0 s                 ; 0 s                 ; 3.46 V                       ; 2.24e-07 V                   ; 3.49 V              ; -0.0424 V           ; 0.353 V                              ; 0.206 V                              ; 1.37e-09 s                  ; 1.05e-09 s                  ; No                         ; No                         ; 3.46 V                      ; 2.24e-07 V                  ; 3.49 V             ; -0.0424 V          ; 0.353 V                             ; 0.206 V                             ; 1.37e-09 s                 ; 1.05e-09 s                 ; No                        ; No                        ;
; GPIO_0[0]      ; 3.3-V LVTTL  ; 0 s                 ; 0 s                 ; 3.46 V                       ; 1.85e-07 V                   ; 3.57 V              ; -0.141 V            ; 0.301 V                              ; 0.239 V                              ; 4.61e-10 s                  ; 4.2e-10 s                   ; No                         ; No                         ; 3.46 V                      ; 1.85e-07 V                  ; 3.57 V             ; -0.141 V           ; 0.301 V                             ; 0.239 V                             ; 4.61e-10 s                 ; 4.2e-10 s                  ; No                        ; No                        ;
; GPIO_0[1]      ; 3.3-V LVTTL  ; 0 s                 ; 0 s                 ; 3.46 V                       ; 1.85e-07 V                   ; 3.57 V              ; -0.141 V            ; 0.301 V                              ; 0.239 V                              ; 4.61e-10 s                  ; 4.2e-10 s                   ; No                         ; No                         ; 3.46 V                      ; 1.85e-07 V                  ; 3.57 V             ; -0.141 V           ; 0.301 V                             ; 0.239 V                             ; 4.61e-10 s                 ; 4.2e-10 s                  ; No                        ; No                        ;
; GPIO_0[2]      ; 3.3-V LVTTL  ; 0 s                 ; 0 s                 ; 3.46 V                       ; 1.85e-07 V                   ; 3.57 V              ; -0.141 V            ; 0.301 V                              ; 0.239 V                              ; 4.61e-10 s                  ; 4.2e-10 s                   ; No                         ; No                         ; 3.46 V                      ; 1.85e-07 V                  ; 3.57 V             ; -0.141 V           ; 0.301 V                             ; 0.239 V                             ; 4.61e-10 s                 ; 4.2e-10 s                  ; No                        ; No                        ;
; GPIO_0[3]      ; 3.3-V LVTTL  ; 0 s                 ; 0 s                 ; 3.46 V                       ; 1.85e-07 V                   ; 3.57 V              ; -0.141 V            ; 0.301 V                              ; 0.239 V                              ; 4.61e-10 s                  ; 4.2e-10 s                   ; No                         ; No                         ; 3.46 V                      ; 1.85e-07 V                  ; 3.57 V             ; -0.141 V           ; 0.301 V                             ; 0.239 V                             ; 4.61e-10 s                 ; 4.2e-10 s                  ; No                        ; No                        ;
; GPIO_0[4]      ; 3.3-V LVTTL  ; 0 s                 ; 0 s                 ; 3.46 V                       ; 1.85e-07 V                   ; 3.57 V              ; -0.141 V            ; 0.301 V                              ; 0.239 V                              ; 4.61e-10 s                  ; 4.2e-10 s                   ; No                         ; No                         ; 3.46 V                      ; 1.85e-07 V                  ; 3.57 V             ; -0.141 V           ; 0.301 V                             ; 0.239 V                             ; 4.61e-10 s                 ; 4.2e-10 s                  ; No                        ; No                        ;
; GPIO_0[5]      ; 3.3-V LVTTL  ; 0 s                 ; 0 s                 ; 3.46 V                       ; 1.85e-07 V                   ; 3.57 V              ; -0.141 V            ; 0.301 V                              ; 0.239 V                              ; 4.61e-10 s                  ; 4.2e-10 s                   ; No                         ; No                         ; 3.46 V                      ; 1.85e-07 V                  ; 3.57 V             ; -0.141 V           ; 0.301 V                             ; 0.239 V                             ; 4.61e-10 s                 ; 4.2e-10 s                  ; No                        ; No                        ;
; GPIO_0[6]      ; 3.3-V LVTTL  ; 0 s                 ; 0 s                 ; 3.46 V                       ; 1.85e-07 V                   ; 3.57 V              ; -0.141 V            ; 0.301 V                              ; 0.239 V                              ; 4.61e-10 s                  ; 4.2e-10 s                   ; No                         ; No                         ; 3.46 V                      ; 1.85e-07 V                  ; 3.57 V             ; -0.141 V           ; 0.301 V                             ; 0.239 V                             ; 4.61e-10 s                 ; 4.2e-10 s                  ; No                        ; No                        ;
; GPIO_0[7]      ; 3.3-V LVTTL  ; 0 s                 ; 0 s                 ; 3.46 V                       ; 1.85e-07 V                   ; 3.57 V              ; -0.141 V            ; 0.301 V                              ; 0.239 V                              ; 4.61e-10 s                  ; 4.2e-10 s                   ; No                         ; No                         ; 3.46 V                      ; 1.85e-07 V                  ; 3.57 V             ; -0.141 V           ; 0.301 V                             ; 0.239 V                             ; 4.61e-10 s                 ; 4.2e-10 s                  ; No                        ; No                        ;
; GPIO_0[8]      ; 3.3-V LVTTL  ; 0 s                 ; 0 s                 ; 3.46 V                       ; 1.85e-07 V                   ; 3.57 V              ; -0.141 V            ; 0.301 V                              ; 0.239 V                              ; 4.61e-10 s                  ; 4.2e-10 s                   ; No                         ; No                         ; 3.46 V                      ; 1.85e-07 V                  ; 3.57 V             ; -0.141 V           ; 0.301 V                             ; 0.239 V                             ; 4.61e-10 s                 ; 4.2e-10 s                  ; No                        ; No                        ;
; GPIO_0[9]      ; 3.3-V LVTTL  ; 0 s                 ; 0 s                 ; 3.46 V                       ; 1.85e-07 V                   ; 3.57 V              ; -0.141 V            ; 0.301 V                              ; 0.239 V                              ; 4.61e-10 s                  ; 4.2e-10 s                   ; No                         ; No                         ; 3.46 V                      ; 1.85e-07 V                  ; 3.57 V             ; -0.141 V           ; 0.301 V                             ; 0.239 V                             ; 4.61e-10 s                 ; 4.2e-10 s                  ; No                        ; No                        ;
; GPIO_0[10]     ; 3.3-V LVTTL  ; 0 s                 ; 0 s                 ; 3.46 V                       ; 1.85e-07 V                   ; 3.57 V              ; -0.141 V            ; 0.301 V                              ; 0.239 V                              ; 4.61e-10 s                  ; 4.2e-10 s                   ; No                         ; No                         ; 3.46 V                      ; 1.85e-07 V                  ; 3.57 V             ; -0.141 V           ; 0.301 V                             ; 0.239 V                             ; 4.61e-10 s                 ; 4.2e-10 s                  ; No                        ; No                        ;
; GPIO_0[11]     ; 3.3-V LVTTL  ; 0 s                 ; 0 s                 ; 3.46 V                       ; 1.85e-07 V                   ; 3.57 V              ; -0.141 V            ; 0.301 V                              ; 0.239 V                              ; 4.61e-10 s                  ; 4.2e-10 s                   ; No                         ; No                         ; 3.46 V                      ; 1.85e-07 V                  ; 3.57 V             ; -0.141 V           ; 0.301 V                             ; 0.239 V                             ; 4.61e-10 s                 ; 4.2e-10 s                  ; No                        ; No                        ;
; GPIO_0[12]     ; 3.3-V LVTTL  ; 0 s                 ; 0 s                 ; 3.46 V                       ; 1.85e-07 V                   ; 3.57 V              ; -0.141 V            ; 0.301 V                              ; 0.239 V                              ; 4.61e-10 s                  ; 4.2e-10 s                   ; No                         ; No                         ; 3.46 V                      ; 1.85e-07 V                  ; 3.57 V             ; -0.141 V           ; 0.301 V                             ; 0.239 V                             ; 4.61e-10 s                 ; 4.2e-10 s                  ; No                        ; No                        ;
; GPIO_0[13]     ; 3.3-V LVTTL  ; 0 s                 ; 0 s                 ; 3.46 V                       ; 1.85e-07 V                   ; 3.57 V              ; -0.141 V            ; 0.301 V                              ; 0.239 V                              ; 4.61e-10 s                  ; 4.2e-10 s                   ; No                         ; No                         ; 3.46 V                      ; 1.85e-07 V                  ; 3.57 V             ; -0.141 V           ; 0.301 V                             ; 0.239 V                             ; 4.61e-10 s                 ; 4.2e-10 s                  ; No                        ; No                        ;
; GPIO_0[14]     ; 3.3-V LVTTL  ; 0 s                 ; 0 s                 ; 3.46 V                       ; 1.85e-07 V                   ; 3.57 V              ; -0.141 V            ; 0.301 V                              ; 0.239 V                              ; 4.61e-10 s                  ; 4.2e-10 s                   ; No                         ; No                         ; 3.46 V                      ; 1.85e-07 V                  ; 3.57 V             ; -0.141 V           ; 0.301 V                             ; 0.239 V                             ; 4.61e-10 s                 ; 4.2e-10 s                  ; No                        ; No                        ;
; GPIO_0[15]     ; 3.3-V LVTTL  ; 0 s                 ; 0 s                 ; 3.46 V                       ; 1.85e-07 V                   ; 3.48 V              ; -0.0173 V           ; 0.356 V                              ; 0.324 V                              ; 3.89e-09 s                  ; 3.06e-09 s                  ; No                         ; No                         ; 3.46 V                      ; 1.85e-07 V                  ; 3.48 V             ; -0.0173 V          ; 0.356 V                             ; 0.324 V                             ; 3.89e-09 s                 ; 3.06e-09 s                 ; No                        ; No                        ;
; GPIO_0[16]     ; 3.3-V LVTTL  ; 0 s                 ; 0 s                 ; 3.46 V                       ; 1.85e-07 V                   ; 3.57 V              ; -0.141 V            ; 0.301 V                              ; 0.239 V                              ; 4.61e-10 s                  ; 4.2e-10 s                   ; No                         ; No                         ; 3.46 V                      ; 1.85e-07 V                  ; 3.57 V             ; -0.141 V           ; 0.301 V                             ; 0.239 V                             ; 4.61e-10 s                 ; 4.2e-10 s                  ; No                        ; No                        ;
; GPIO_0[17]     ; 3.3-V LVTTL  ; 0 s                 ; 0 s                 ; 3.46 V                       ; 1.85e-07 V                   ; 3.57 V              ; -0.141 V            ; 0.301 V                              ; 0.239 V                              ; 4.61e-10 s                  ; 4.2e-10 s                   ; No                         ; No                         ; 3.46 V                      ; 1.85e-07 V                  ; 3.57 V             ; -0.141 V           ; 0.301 V                             ; 0.239 V                             ; 4.61e-10 s                 ; 4.2e-10 s                  ; No                        ; No                        ;
; GPIO_0[18]     ; 3.3-V LVTTL  ; 0 s                 ; 0 s                 ; 3.46 V                       ; 1.85e-07 V                   ; 3.57 V              ; -0.141 V            ; 0.301 V                              ; 0.239 V                              ; 4.61e-10 s                  ; 4.2e-10 s                   ; No                         ; No                         ; 3.46 V                      ; 1.85e-07 V                  ; 3.57 V             ; -0.141 V           ; 0.301 V                             ; 0.239 V                             ; 4.61e-10 s                 ; 4.2e-10 s                  ; No                        ; No                        ;
; GPIO_0[19]     ; 3.3-V LVTTL  ; 0 s                 ; 0 s                 ; 3.46 V                       ; 1.85e-07 V                   ; 3.57 V              ; -0.141 V            ; 0.301 V                              ; 0.239 V                              ; 4.61e-10 s                  ; 4.2e-10 s                   ; No                         ; No                         ; 3.46 V                      ; 1.85e-07 V                  ; 3.57 V             ; -0.141 V           ; 0.301 V                             ; 0.239 V                             ; 4.61e-10 s                 ; 4.2e-10 s                  ; No                        ; No                        ;
; GPIO_0[20]     ; 3.3-V LVTTL  ; 0 s                 ; 0 s                 ; 3.46 V                       ; 1.85e-07 V                   ; 3.57 V              ; -0.141 V            ; 0.301 V                              ; 0.239 V                              ; 4.61e-10 s                  ; 4.2e-10 s                   ; No                         ; No                         ; 3.46 V                      ; 1.85e-07 V                  ; 3.57 V             ; -0.141 V           ; 0.301 V                             ; 0.239 V                             ; 4.61e-10 s                 ; 4.2e-10 s                  ; No                        ; No                        ;
; GPIO_0[21]     ; 3.3-V LVTTL  ; 0 s                 ; 0 s                 ; 3.46 V                       ; 1.85e-07 V                   ; 3.57 V              ; -0.141 V            ; 0.301 V                              ; 0.239 V                              ; 4.61e-10 s                  ; 4.2e-10 s                   ; No                         ; No                         ; 3.46 V                      ; 1.85e-07 V                  ; 3.57 V             ; -0.141 V           ; 0.301 V                             ; 0.239 V                             ; 4.61e-10 s                 ; 4.2e-10 s                  ; No                        ; No                        ;
; GPIO_0[22]     ; 3.3-V LVTTL  ; 0 s                 ; 0 s                 ; 3.46 V                       ; 1.85e-07 V                   ; 3.57 V              ; -0.141 V            ; 0.301 V                              ; 0.239 V                              ; 4.61e-10 s                  ; 4.2e-10 s                   ; No                         ; No                         ; 3.46 V                      ; 1.85e-07 V                  ; 3.57 V             ; -0.141 V           ; 0.301 V                             ; 0.239 V                             ; 4.61e-10 s                 ; 4.2e-10 s                  ; No                        ; No                        ;
; GPIO_0[23]     ; 3.3-V LVTTL  ; 0 s                 ; 0 s                 ; 3.46 V                       ; 1.85e-07 V                   ; 3.57 V              ; -0.141 V            ; 0.301 V                              ; 0.239 V                              ; 4.61e-10 s                  ; 4.2e-10 s                   ; No                         ; No                         ; 3.46 V                      ; 1.85e-07 V                  ; 3.57 V             ; -0.141 V           ; 0.301 V                             ; 0.239 V                             ; 4.61e-10 s                 ; 4.2e-10 s                  ; No                        ; No                        ;
; GPIO_0[24]     ; 3.3-V LVTTL  ; 0 s                 ; 0 s                 ; 3.46 V                       ; 1.85e-07 V                   ; 3.57 V              ; -0.141 V            ; 0.301 V                              ; 0.239 V                              ; 4.61e-10 s                  ; 4.2e-10 s                   ; No                         ; No                         ; 3.46 V                      ; 1.85e-07 V                  ; 3.57 V             ; -0.141 V           ; 0.301 V                             ; 0.239 V                             ; 4.61e-10 s                 ; 4.2e-10 s                  ; No                        ; No                        ;
; GPIO_0[25]     ; 3.3-V LVTTL  ; 0 s                 ; 0 s                 ; 3.46 V                       ; 1.85e-07 V                   ; 3.57 V              ; -0.141 V            ; 0.301 V                              ; 0.239 V                              ; 4.61e-10 s                  ; 4.2e-10 s                   ; No                         ; No                         ; 3.46 V                      ; 1.85e-07 V                  ; 3.57 V             ; -0.141 V           ; 0.301 V                             ; 0.239 V                             ; 4.61e-10 s                 ; 4.2e-10 s                  ; No                        ; No                        ;
; GPIO_0[26]     ; 3.3-V LVTTL  ; 0 s                 ; 0 s                 ; 3.46 V                       ; 1.85e-07 V                   ; 3.57 V              ; -0.141 V            ; 0.301 V                              ; 0.239 V                              ; 4.61e-10 s                  ; 4.2e-10 s                   ; No                         ; No                         ; 3.46 V                      ; 1.85e-07 V                  ; 3.57 V             ; -0.141 V           ; 0.301 V                             ; 0.239 V                             ; 4.61e-10 s                 ; 4.2e-10 s                  ; No                        ; No                        ;
; GPIO_0[27]     ; 3.3-V LVTTL  ; 0 s                 ; 0 s                 ; 3.46 V                       ; 1.85e-07 V                   ; 3.57 V              ; -0.141 V            ; 0.301 V                              ; 0.239 V                              ; 4.61e-10 s                  ; 4.2e-10 s                   ; No                         ; No                         ; 3.46 V                      ; 1.85e-07 V                  ; 3.57 V             ; -0.141 V           ; 0.301 V                             ; 0.239 V                             ; 4.61e-10 s                 ; 4.2e-10 s                  ; No                        ; No                        ;
; GPIO_0[28]     ; 3.3-V LVTTL  ; 0 s                 ; 0 s                 ; 3.46 V                       ; 1.85e-07 V                   ; 3.48 V              ; -0.0173 V           ; 0.356 V                              ; 0.324 V                              ; 3.89e-09 s                  ; 3.06e-09 s                  ; No                         ; No                         ; 3.46 V                      ; 1.85e-07 V                  ; 3.48 V             ; -0.0173 V          ; 0.356 V                             ; 0.324 V                             ; 3.89e-09 s                 ; 3.06e-09 s                 ; No                        ; No                        ;
; GPIO_0[29]     ; 3.3-V LVTTL  ; 0 s                 ; 0 s                 ; 3.46 V                       ; 1.85e-07 V                   ; 3.57 V              ; -0.141 V            ; 0.301 V                              ; 0.239 V                              ; 4.61e-10 s                  ; 4.2e-10 s                   ; No                         ; No                         ; 3.46 V                      ; 1.85e-07 V                  ; 3.57 V             ; -0.141 V           ; 0.301 V                             ; 0.239 V                             ; 4.61e-10 s                 ; 4.2e-10 s                  ; No                        ; No                        ;
; GPIO_0[30]     ; 3.3-V LVTTL  ; 0 s                 ; 0 s                 ; 3.46 V                       ; 1.85e-07 V                   ; 3.57 V              ; -0.141 V            ; 0.301 V                              ; 0.239 V                              ; 4.61e-10 s                  ; 4.2e-10 s                   ; No                         ; No                         ; 3.46 V                      ; 1.85e-07 V                  ; 3.57 V             ; -0.141 V           ; 0.301 V                             ; 0.239 V                             ; 4.61e-10 s                 ; 4.2e-10 s                  ; No                        ; No                        ;
; GPIO_0[31]     ; 3.3-V LVTTL  ; 0 s                 ; 0 s                 ; 3.46 V                       ; 1.85e-07 V                   ; 3.57 V              ; -0.141 V            ; 0.301 V                              ; 0.239 V                              ; 4.61e-10 s                  ; 4.2e-10 s                   ; No                         ; No                         ; 3.46 V                      ; 1.85e-07 V                  ; 3.57 V             ; -0.141 V           ; 0.301 V                             ; 0.239 V                             ; 4.61e-10 s                 ; 4.2e-10 s                  ; No                        ; No                        ;
; GPIO_0[32]     ; 3.3-V LVTTL  ; 0 s                 ; 0 s                 ; 3.46 V                       ; 1.85e-07 V                   ; 3.57 V              ; -0.141 V            ; 0.301 V                              ; 0.239 V                              ; 4.61e-10 s                  ; 4.2e-10 s                   ; No                         ; No                         ; 3.46 V                      ; 1.85e-07 V                  ; 3.57 V             ; -0.141 V           ; 0.301 V                             ; 0.239 V                             ; 4.61e-10 s                 ; 4.2e-10 s                  ; No                        ; No                        ;
; GPIO_0[33]     ; 3.3-V LVTTL  ; 0 s                 ; 0 s                 ; 3.46 V                       ; 1.85e-07 V                   ; 3.57 V              ; -0.141 V            ; 0.301 V                              ; 0.239 V                              ; 4.61e-10 s                  ; 4.2e-10 s                   ; No                         ; No                         ; 3.46 V                      ; 1.85e-07 V                  ; 3.57 V             ; -0.141 V           ; 0.301 V                             ; 0.239 V                             ; 4.61e-10 s                 ; 4.2e-10 s                  ; No                        ; No                        ;
; SD_DAT[0]      ; 3.3-V LVTTL  ; 0 s                 ; 0 s                 ; 3.46 V                       ; 1.25e-07 V                   ; 3.57 V              ; -0.0855 V           ; 0.315 V                              ; 0.175 V                              ; 6.79e-10 s                  ; 6.15e-10 s                  ; No                         ; No                         ; 3.46 V                      ; 1.25e-07 V                  ; 3.57 V             ; -0.0855 V          ; 0.315 V                             ; 0.175 V                             ; 6.79e-10 s                 ; 6.15e-10 s                 ; No                        ; No                        ;
; SD_DAT[1]      ; 3.3-V LVTTL  ; 0 s                 ; 0 s                 ; 3.46 V                       ; 1.85e-07 V                   ; 3.57 V              ; -0.141 V            ; 0.301 V                              ; 0.239 V                              ; 4.61e-10 s                  ; 4.2e-10 s                   ; No                         ; No                         ; 3.46 V                      ; 1.85e-07 V                  ; 3.57 V             ; -0.141 V           ; 0.301 V                             ; 0.239 V                             ; 4.61e-10 s                 ; 4.2e-10 s                  ; No                        ; No                        ;
; SD_DAT[2]      ; 3.3-V LVTTL  ; 0 s                 ; 0 s                 ; 3.46 V                       ; 1.25e-07 V                   ; 3.57 V              ; -0.0855 V           ; 0.315 V                              ; 0.175 V                              ; 6.79e-10 s                  ; 6.15e-10 s                  ; No                         ; No                         ; 3.46 V                      ; 1.25e-07 V                  ; 3.57 V             ; -0.0855 V          ; 0.315 V                             ; 0.175 V                             ; 6.79e-10 s                 ; 6.15e-10 s                 ; No                        ; No                        ;
; USB_DP         ; 3.3-V LVTTL  ; 0 s                 ; 0 s                 ; 3.46 V                       ; 1.25e-07 V                   ; 3.57 V              ; -0.0855 V           ; 0.315 V                              ; 0.175 V                              ; 6.79e-10 s                  ; 6.15e-10 s                  ; No                         ; No                         ; 3.46 V                      ; 1.25e-07 V                  ; 3.57 V             ; -0.0855 V          ; 0.315 V                             ; 0.175 V                             ; 6.79e-10 s                 ; 6.15e-10 s                 ; No                        ; No                        ;
; USB_DM         ; 3.3-V LVTTL  ; 0 s                 ; 0 s                 ; 3.46 V                       ; 1.25e-07 V                   ; 3.57 V              ; -0.0855 V           ; 0.315 V                              ; 0.175 V                              ; 6.79e-10 s                  ; 6.15e-10 s                  ; No                         ; No                         ; 3.46 V                      ; 1.25e-07 V                  ; 3.57 V             ; -0.0855 V          ; 0.315 V                             ; 0.175 V                             ; 6.79e-10 s                 ; 6.15e-10 s                 ; No                        ; No                        ;
; EDID_SCL       ; 3.3-V LVTTL  ; 0 s                 ; 0 s                 ; 3.46 V                       ; 1.85e-07 V                   ; 3.57 V              ; -0.141 V            ; 0.301 V                              ; 0.239 V                              ; 4.61e-10 s                  ; 4.2e-10 s                   ; No                         ; No                         ; 3.46 V                      ; 1.85e-07 V                  ; 3.57 V             ; -0.141 V           ; 0.301 V                             ; 0.239 V                             ; 4.61e-10 s                 ; 4.2e-10 s                  ; No                        ; No                        ;
; EDID_SDA       ; 3.3-V LVTTL  ; 0 s                 ; 0 s                 ; 3.46 V                       ; 1.25e-07 V                   ; 3.6 V               ; -0.127 V            ; 0.302 V                              ; 0.21 V                               ; 4.55e-10 s                  ; 4.11e-10 s                  ; No                         ; No                         ; 3.46 V                      ; 1.25e-07 V                  ; 3.6 V              ; -0.127 V           ; 0.302 V                             ; 0.21 V                              ; 4.55e-10 s                 ; 4.11e-10 s                 ; No                        ; No                        ;
; SD_DAT[3]      ; 3.3-V LVTTL  ; 0 s                 ; 0 s                 ; 3.46 V                       ; 1.25e-07 V                   ; 3.57 V              ; -0.0855 V           ; 0.315 V                              ; 0.175 V                              ; 6.79e-10 s                  ; 6.15e-10 s                  ; No                         ; No                         ; 3.46 V                      ; 1.25e-07 V                  ; 3.57 V             ; -0.0855 V          ; 0.315 V                             ; 0.175 V                             ; 6.79e-10 s                 ; 6.15e-10 s                 ; No                        ; No                        ;
; RESERVED_GND1  ; 3.3-V LVTTL  ; 0 s                 ; 0 s                 ; 3.46 V                       ; 1.6e-08 V                    ; 5.48 V              ; -1.01 V             ; 1.94 V                               ; 0.999 V                              ; 7.36e-11 s                  ; 1.38e-10 s                  ; No                         ; No                         ; 3.46 V                      ; 1.6e-08 V                   ; 5.48 V             ; -1.01 V            ; 1.94 V                              ; 0.999 V                             ; 7.36e-11 s                 ; 1.38e-10 s                 ; No                        ; No                        ;
; RESERVED_GND2  ; 3.3-V LVTTL  ; 0 s                 ; 0 s                 ; 3.46 V                       ; 1.6e-08 V                    ; 5.48 V              ; -1.01 V             ; 1.94 V                               ; 0.999 V                              ; 7.36e-11 s                  ; 1.38e-10 s                  ; No                         ; No                         ; 3.46 V                      ; 1.6e-08 V                   ; 5.48 V             ; -1.01 V            ; 1.94 V                              ; 0.999 V                             ; 7.36e-11 s                 ; 1.38e-10 s                 ; No                        ; No                        ;
; RESERVED_GND3  ; 3.3-V LVTTL  ; 0 s                 ; 0 s                 ; 3.46 V                       ; 1.6e-08 V                    ; 3.59 V              ; -0.166 V            ; 0.217 V                              ; 0.364 V                              ; 3.01e-10 s                  ; 3e-10 s                     ; Yes                        ; No                         ; 3.46 V                      ; 1.6e-08 V                   ; 3.59 V             ; -0.166 V           ; 0.217 V                             ; 0.364 V                             ; 3.01e-10 s                 ; 3e-10 s                    ; Yes                       ; No                        ;
; RESERVED_GND4  ; 3.3-V LVTTL  ; 0 s                 ; 0 s                 ; 3.46 V                       ; 1.6e-08 V                    ; 5.48 V              ; -1.01 V             ; 1.94 V                               ; 0.999 V                              ; 7.36e-11 s                  ; 1.38e-10 s                  ; No                         ; No                         ; 3.46 V                      ; 1.6e-08 V                   ; 5.48 V             ; -1.01 V            ; 1.94 V                              ; 0.999 V                             ; 7.36e-11 s                 ; 1.38e-10 s                 ; No                        ; No                        ;
+----------------+--------------+---------------------+---------------------+------------------------------+------------------------------+---------------------+---------------------+--------------------------------------+--------------------------------------+-----------------------------+-----------------------------+----------------------------+----------------------------+-----------------------------+-----------------------------+--------------------+--------------------+-------------------------------------+-------------------------------------+----------------------------+----------------------------+---------------------------+---------------------------+


+---------------------------------------------------------------------------------------------------------------------------------------------------+
; Setup Transfers                                                                                                                                   ;
+---------------------------------------------------+---------------------------------------------------+----------+----------+----------+----------+
; From Clock                                        ; To Clock                                          ; RR Paths ; FR Paths ; RF Paths ; FF Paths ;
+---------------------------------------------------+---------------------------------------------------+----------+----------+----------+----------+
; u_pll|altpll_component|auto_generated|pll1|clk[0] ; u_pll|altpll_component|auto_generated|pll1|clk[0] ; 46095    ; 0        ; 0        ; 0        ;
; u_pll|altpll_component|auto_generated|pll1|clk[0] ; u_pll|altpll_component|auto_generated|pll1|clk[1] ; 30       ; 0        ; 0        ; 0        ;
; u_pll|altpll_component|auto_generated|pll1|clk[1] ; u_pll|altpll_component|auto_generated|pll1|clk[1] ; 103      ; 0        ; 0        ; 0        ;
+---------------------------------------------------+---------------------------------------------------+----------+----------+----------+----------+
Entries labeled "false path" only account for clock-to-clock false paths and not path-based false paths. As a result, actual path counts may be lower than reported.


+---------------------------------------------------------------------------------------------------------------------------------------------------+
; Hold Transfers                                                                                                                                    ;
+---------------------------------------------------+---------------------------------------------------+----------+----------+----------+----------+
; From Clock                                        ; To Clock                                          ; RR Paths ; FR Paths ; RF Paths ; FF Paths ;
+---------------------------------------------------+---------------------------------------------------+----------+----------+----------+----------+
; u_pll|altpll_component|auto_generated|pll1|clk[0] ; u_pll|altpll_component|auto_generated|pll1|clk[0] ; 46095    ; 0        ; 0        ; 0        ;
; u_pll|altpll_component|auto_generated|pll1|clk[0] ; u_pll|altpll_component|auto_generated|pll1|clk[1] ; 30       ; 0        ; 0        ; 0        ;
; u_pll|altpll_component|auto_generated|pll1|clk[1] ; u_pll|altpll_component|auto_generated|pll1|clk[1] ; 103      ; 0        ; 0        ; 0        ;
+---------------------------------------------------+---------------------------------------------------+----------+----------+----------+----------+
Entries labeled "false path" only account for clock-to-clock false paths and not path-based false paths. As a result, actual path counts may be lower than reported.


---------------
; Report TCCS ;
---------------
No dedicated SERDES Transmitter circuitry present in device or used in design


---------------
; Report RSKM ;
---------------
No non-DPA dedicated SERDES Receiver circuitry present in device or used in design


+------------------------------------------------+
; Unconstrained Paths Summary                    ;
+---------------------------------+-------+------+
; Property                        ; Setup ; Hold ;
+---------------------------------+-------+------+
; Illegal Clocks                  ; 0     ; 0    ;
; Unconstrained Clocks            ; 0     ; 0    ;
; Unconstrained Input Ports       ; 1     ; 1    ;
; Unconstrained Input Port Paths  ; 1     ; 1    ;
; Unconstrained Output Ports      ; 10    ; 10   ;
; Unconstrained Output Port Paths ; 10    ; 10   ;
+---------------------------------+-------+------+


+---------------------------------------------------------------------------------------------------------------------------------+
; Clock Status Summary                                                                                                            ;
+---------------------------------------------------+---------------------------------------------------+-----------+-------------+
; Target                                            ; Clock                                             ; Type      ; Status      ;
+---------------------------------------------------+---------------------------------------------------+-----------+-------------+
; CLOCK_50                                          ; CLOCK_50                                          ; Base      ; Constrained ;
; EXTCLK_48                                         ; EXTCLK_48                                         ; Base      ; Constrained ;
; u_pll|altpll_component|auto_generated|pll1|clk[0] ; u_pll|altpll_component|auto_generated|pll1|clk[0] ; Generated ; Constrained ;
; u_pll|altpll_component|auto_generated|pll1|clk[1] ; u_pll|altpll_component|auto_generated|pll1|clk[1] ; Generated ; Constrained ;
+---------------------------------------------------+---------------------------------------------------+-----------+-------------+


+---------------------------------------------------------------------------------------------------+
; Unconstrained Input Ports                                                                         ;
+------------+--------------------------------------------------------------------------------------+
; Input Port ; Comment                                                                              ;
+------------+--------------------------------------------------------------------------------------+
; DISP_HPD_N ; No input delay, min/max delays, false-path exceptions, or max skew assignments found ;
+------------+--------------------------------------------------------------------------------------+


+--------------------------------------------------------------------------------------------------------+
; Unconstrained Output Ports                                                                             ;
+----------------+---------------------------------------------------------------------------------------+
; Output Port    ; Comment                                                                               ;
+----------------+---------------------------------------------------------------------------------------+
; LED[1]         ; No output delay, min/max delays, false-path exceptions, or max skew assignments found ;
; LED[2]         ; No output delay, min/max delays, false-path exceptions, or max skew assignments found ;
; TMDS_CLOCK     ; No output delay, min/max delays, false-path exceptions, or max skew assignments found ;
; TMDS_CLOCK_N   ; No output delay, min/max delays, false-path exceptions, or max skew assignments found ;
; TMDS_DATA[0]   ; No output delay, min/max delays, false-path exceptions, or max skew assignments found ;
; TMDS_DATA[1]   ; No output delay, min/max delays, false-path exceptions, or max skew assignments found ;
; TMDS_DATA[2]   ; No output delay, min/max delays, false-path exceptions, or max skew assignments found ;
; TMDS_DATA_N[0] ; No output delay, min/max delays, false-path exceptions, or max skew assignments found ;
; TMDS_DATA_N[1] ; No output delay, min/max delays, false-path exceptions, or max skew assignments found ;
; TMDS_DATA_N[2] ; No output delay, min/max delays, false-path exceptions, or max skew assignments found ;
+----------------+---------------------------------------------------------------------------------------+


+---------------------------------------------------------------------------------------------------+
; Unconstrained Input Ports                                                                         ;
+------------+--------------------------------------------------------------------------------------+
; Input Port ; Comment                                                                              ;
+------------+--------------------------------------------------------------------------------------+
; DISP_HPD_N ; No input delay, min/max delays, false-path exceptions, or max skew assignments found ;
+------------+--------------------------------------------------------------------------------------+


+--------------------------------------------------------------------------------------------------------+
; Unconstrained Output Ports                                                                             ;
+----------------+---------------------------------------------------------------------------------------+
; Output Port    ; Comment                                                                               ;
+----------------+---------------------------------------------------------------------------------------+
; LED[1]         ; No output delay, min/max delays, false-path exceptions, or max skew assignments found ;
; LED[2]         ; No output delay, min/max delays, false-path exceptions, or max skew assignments found ;
; TMDS_CLOCK     ; No output delay, min/max delays, false-path exceptions, or max skew assignments found ;
; TMDS_CLOCK_N   ; No output delay, min/max delays, false-path exceptions, or max skew assignments found ;
; TMDS_DATA[0]   ; No output delay, min/max delays, false-path exceptions, or max skew assignments found ;
; TMDS_DATA[1]   ; No output delay, min/max delays, false-path exceptions, or max skew assignments found ;
; TMDS_DATA[2]   ; No output delay, min/max delays, false-path exceptions, or max skew assignments found ;
; TMDS_DATA_N[0] ; No output delay, min/max delays, false-path exceptions, or max skew assignments found ;
; TMDS_DATA_N[1] ; No output delay, min/max delays, false-path exceptions, or max skew assignments found ;
; TMDS_DATA_N[2] ; No output delay, min/max delays, false-path exceptions, or max skew assignments found ;
+----------------+---------------------------------------------------------------------------------------+


+--------------------------+
; Timing Analyzer Messages ;
+--------------------------+
Info: *******************************************************************
Info: Running Quartus Prime Timing Analyzer
    Info: Version 22.1std.0 Build 915 10/25/2022 SC Lite Edition
    Info: Processing started: Wed Mar 29 02:41:40 2023
Info: Command: quartus_sta de0nano_hdmi -c de0nano_hdmi_top
Info: qsta_default_script.tcl version: #1
Warning (18236): Number of processors has not been specified which may cause overloading on shared machines.  Set the global assignment NUM_PARALLEL_PROCESSORS in your QSF to an appropriate value for best performance.
Info (20030): Parallel compilation is enabled and will use 4 of the 4 processors detected
Info (21077): Low junction temperature is 0 degrees C
Info (21077): High junction temperature is 85 degrees C
Info (332164): Evaluating HDL-embedded SDC commands
    Info (332165): Entity hdmi_tx_audiopacket_submodule
        Info (332166): set_false_path -to [get_registers {*hdmi_tx_audiopacket_submodule:*|pcm_fs_reg[0]}]
        Info (332166): set_false_path -to [get_registers {*hdmi_tx_audiopacket_submodule:*|pcmdata_reg[*]}]
    Info (332165): Entity video_syncgen
        Info (332166): set_false_path -to [get_registers {*video_syncgen:*|scan_in_reg}]
Warning (332174): Ignored filter at qsta_default_script.tcl(1297): *video_syncgen:*|scan_in_reg could not be matched with a register File: C:/DEVELOP/Quartus/22.1LE/quartus/common/tcl/internal/qsta_default_script.tcl Line: 1297
Warning (332049): Ignored set_false_path at qsta_default_script.tcl(1297): Argument <to> is an empty collection File: C:/DEVELOP/Quartus/22.1LE/quartus/common/tcl/internal/qsta_default_script.tcl Line: 1297
    Info (332050): read_sdc File: C:/DEVELOP/Quartus/22.1LE/quartus/common/tcl/internal/qsta_default_script.tcl Line: 1297
Info (332104): Reading SDC File: 'de0nano.sdc'
Info (332110): Deriving PLL clocks
    Info (332110): create_generated_clock -source {u_pll|altpll_component|auto_generated|pll1|inclk[0]} -divide_by 35 -multiply_by 52 -duty_cycle 50.00 -name {u_pll|altpll_component|auto_generated|pll1|clk[0]} {u_pll|altpll_component|auto_generated|pll1|clk[0]}
    Info (332110): create_generated_clock -source {u_pll|altpll_component|auto_generated|pll1|inclk[0]} -divide_by 7 -multiply_by 52 -duty_cycle 50.00 -name {u_pll|altpll_component|auto_generated|pll1|clk[1]} {u_pll|altpll_component|auto_generated|pll1|clk[1]}
Info (332151): Clock uncertainty is not calculated until you update the timing netlist.
Warning (332174): Ignored filter at de0nano.sdc(23): u0|altpll_component|auto_generated|pll1|clk[0] could not be matched with a node File: C:/PROJECT/MiscGadget/KYANITE2/fpga/de0nano_hdmi/de0nano.sdc Line: 23
Warning (332049): Ignored create_generated_clock at de0nano.sdc(34): Argument -source is an empty collection File: C:/PROJECT/MiscGadget/KYANITE2/fpga/de0nano_hdmi/de0nano.sdc Line: 34
    Info (332050): create_generated_clock -name sdrclk_out_clock -source $sdrclk_nodes File: C:/PROJECT/MiscGadget/KYANITE2/fpga/de0nano_hdmi/de0nano.sdc Line: 34
Warning (332174): Ignored filter at de0nano.sdc(35): sdrclk_out_clock could not be matched with a clock File: C:/PROJECT/MiscGadget/KYANITE2/fpga/de0nano_hdmi/de0nano.sdc Line: 35
Warning (332049): Ignored set_output_delay at de0nano.sdc(35): Argument -clock is not an object ID File: C:/PROJECT/MiscGadget/KYANITE2/fpga/de0nano_hdmi/de0nano.sdc Line: 35
    Info (332050): set_output_delay -clock sdrclk_out_clock 0 $sdrclk_ports File: C:/PROJECT/MiscGadget/KYANITE2/fpga/de0nano_hdmi/de0nano.sdc Line: 35
Warning (332049): Ignored create_generated_clock at de0nano.sdc(37): Argument -source is an empty collection File: C:/PROJECT/MiscGadget/KYANITE2/fpga/de0nano_hdmi/de0nano.sdc Line: 37
    Info (332050): create_generated_clock -name sdram_clock -offset $sdrclk_iodelay -source $sdrclk_nodes File: C:/PROJECT/MiscGadget/KYANITE2/fpga/de0nano_hdmi/de0nano.sdc Line: 37
Warning (332174): Ignored filter at de0nano.sdc(38): sdram_clock could not be matched with a clock File: C:/PROJECT/MiscGadget/KYANITE2/fpga/de0nano_hdmi/de0nano.sdc Line: 38
Warning (332049): Ignored set_output_delay at de0nano.sdc(38): Argument -clock is not an object ID File: C:/PROJECT/MiscGadget/KYANITE2/fpga/de0nano_hdmi/de0nano.sdc Line: 38
    Info (332050): set_output_delay -clock sdram_clock -max $sdram_tsu [get_ports DRAM_*] File: C:/PROJECT/MiscGadget/KYANITE2/fpga/de0nano_hdmi/de0nano.sdc Line: 38
Warning (332049): Ignored set_output_delay at de0nano.sdc(39): Argument -clock is not an object ID File: C:/PROJECT/MiscGadget/KYANITE2/fpga/de0nano_hdmi/de0nano.sdc Line: 39
    Info (332050): set_output_delay -clock sdram_clock -min $sdram_th [get_ports DRAM_*] File: C:/PROJECT/MiscGadget/KYANITE2/fpga/de0nano_hdmi/de0nano.sdc Line: 39
Warning (332049): Ignored set_input_delay at de0nano.sdc(40): Argument -clock is not an object ID File: C:/PROJECT/MiscGadget/KYANITE2/fpga/de0nano_hdmi/de0nano.sdc Line: 40
    Info (332050): set_input_delay -clock sdram_clock [expr $sdram_tco - $sdrclk_period] [get_ports DRAM_DQ\[*\]] File: C:/PROJECT/MiscGadget/KYANITE2/fpga/de0nano_hdmi/de0nano.sdc Line: 40
Info (332123): Deriving Clock Uncertainty. Please refer to report_sdc in the Timing Analyzer to see clock uncertainties.
Info: Found TIMING_ANALYZER_REPORT_SCRIPT_INCLUDE_DEFAULT_ANALYSIS = ON
Info: Analyzing Slow 1200mV 85C Model
Info (332146): Worst-case setup slack is 0.798
    Info (332119):     Slack       End Point TNS Clock 
    Info (332119): ========= =================== =====================
    Info (332119):     0.798               0.000 u_pll|altpll_component|auto_generated|pll1|clk[1] 
    Info (332119):     5.790               0.000 u_pll|altpll_component|auto_generated|pll1|clk[0] 
Info (332146): Worst-case hold slack is 0.300
    Info (332119):     Slack       End Point TNS Clock 
    Info (332119): ========= =================== =====================
    Info (332119):     0.300               0.000 u_pll|altpll_component|auto_generated|pll1|clk[0] 
    Info (332119):     0.361               0.000 u_pll|altpll_component|auto_generated|pll1|clk[1] 
Info (332140): No Recovery paths to report
Info (332140): No Removal paths to report
Info (332146): Worst-case minimum pulse width slack is 0.692
    Info (332119):     Slack       End Point TNS Clock 
    Info (332119): ========= =================== =====================
    Info (332119):     0.692               0.000 u_pll|altpll_component|auto_generated|pll1|clk[1] 
    Info (332119):     6.468               0.000 u_pll|altpll_component|auto_generated|pll1|clk[0] 
    Info (332119):     9.747               0.000 CLOCK_50 
    Info (332119):    16.833               0.000 EXTCLK_48 
Info (332114): Report Metastability: Found 1 synchronizer chains.
    Info (332114): The design MTBF is not calculated because there are no specified synchronizers in the design.
    Info (332114): Number of Synchronizer Chains Found: 1
    Info (332114): Shortest Synchronizer Chain: 2 Registers
    Info (332114): Fraction of Chains for which MTBFs Could Not be Calculated: 1.000
    Info (332114): Worst Case Available Settling Time: 22.914 ns
    Info (332114): 
Info: Analyzing Slow 1200mV 0C Model
Info (334003): Started post-fitting delay annotation
Info (334004): Delay annotation completed successfully
Info (332123): Deriving Clock Uncertainty. Please refer to report_sdc in the Timing Analyzer to see clock uncertainties.
Info (332146): Worst-case setup slack is 0.982
    Info (332119):     Slack       End Point TNS Clock 
    Info (332119): ========= =================== =====================
    Info (332119):     0.982               0.000 u_pll|altpll_component|auto_generated|pll1|clk[1] 
    Info (332119):     6.560               0.000 u_pll|altpll_component|auto_generated|pll1|clk[0] 
Info (332146): Worst-case hold slack is 0.295
    Info (332119):     Slack       End Point TNS Clock 
    Info (332119): ========= =================== =====================
    Info (332119):     0.295               0.000 u_pll|altpll_component|auto_generated|pll1|clk[0] 
    Info (332119):     0.320               0.000 u_pll|altpll_component|auto_generated|pll1|clk[1] 
Info (332140): No Recovery paths to report
Info (332140): No Removal paths to report
Info (332146): Worst-case minimum pulse width slack is 0.692
    Info (332119):     Slack       End Point TNS Clock 
    Info (332119): ========= =================== =====================
    Info (332119):     0.692               0.000 u_pll|altpll_component|auto_generated|pll1|clk[1] 
    Info (332119):     6.473               0.000 u_pll|altpll_component|auto_generated|pll1|clk[0] 
    Info (332119):     9.709               0.000 CLOCK_50 
    Info (332119):    16.833               0.000 EXTCLK_48 
Info (332114): Report Metastability: Found 1 synchronizer chains.
    Info (332114): The design MTBF is not calculated because there are no specified synchronizers in the design.
    Info (332114): Number of Synchronizer Chains Found: 1
    Info (332114): Shortest Synchronizer Chain: 2 Registers
    Info (332114): Fraction of Chains for which MTBFs Could Not be Calculated: 1.000
    Info (332114): Worst Case Available Settling Time: 23.344 ns
    Info (332114): 
Info: Analyzing Fast 1200mV 0C Model
Info (332123): Deriving Clock Uncertainty. Please refer to report_sdc in the Timing Analyzer to see clock uncertainties.
Info (332146): Worst-case setup slack is 1.590
    Info (332119):     Slack       End Point TNS Clock 
    Info (332119): ========= =================== =====================
    Info (332119):     1.590               0.000 u_pll|altpll_component|auto_generated|pll1|clk[1] 
    Info (332119):     9.067               0.000 u_pll|altpll_component|auto_generated|pll1|clk[0] 
Info (332146): Worst-case hold slack is 0.139
    Info (332119):     Slack       End Point TNS Clock 
    Info (332119): ========= =================== =====================
    Info (332119):     0.139               0.000 u_pll|altpll_component|auto_generated|pll1|clk[0] 
    Info (332119):     0.184               0.000 u_pll|altpll_component|auto_generated|pll1|clk[1] 
Info (332140): No Recovery paths to report
Info (332140): No Removal paths to report
Info (332146): Worst-case minimum pulse width slack is 0.692
    Info (332119):     Slack       End Point TNS Clock 
    Info (332119): ========= =================== =====================
    Info (332119):     0.692               0.000 u_pll|altpll_component|auto_generated|pll1|clk[1] 
    Info (332119):     6.480               0.000 u_pll|altpll_component|auto_generated|pll1|clk[0] 
    Info (332119):     9.416               0.000 CLOCK_50 
    Info (332119):    16.833               0.000 EXTCLK_48 
Info (332114): Report Metastability: Found 1 synchronizer chains.
    Info (332114): The design MTBF is not calculated because there are no specified synchronizers in the design.
    Info (332114): Number of Synchronizer Chains Found: 1
    Info (332114): Shortest Synchronizer Chain: 2 Registers
    Info (332114): Fraction of Chains for which MTBFs Could Not be Calculated: 1.000
    Info (332114): Worst Case Available Settling Time: 24.587 ns
    Info (332114): 
Info (332102): Design is not fully constrained for setup requirements
Info (332102): Design is not fully constrained for hold requirements
Info: Quartus Prime Timing Analyzer was successful. 0 errors, 12 warnings
    Info: Peak virtual memory: 4826 megabytes
    Info: Processing ended: Wed Mar 29 02:41:44 2023
    Info: Elapsed time: 00:00:04
    Info: Total CPU time (on all processors): 00:00:04


